時間戳記,您所就讀的大學科系學群,您屬於下列哪個年齡層？,您使用頻率最高的手機應用程式為？,您使用頻率第二高的手機應用程式為？,您使用頻率第三高的手機應用程式為？,您使用頻率第四高的手機應用程式為？,您使用頻率第五高的手機應用程式為？
2020/12/30 下午 4:26:11,財經學群,18 歲以上 ～ 22 歲,Instagram,YouTube,Facebook,Dcard,Line
2020/12/30 下午 4:28:07,資訊學群,18 歲以上 ～ 22 歲,Safari,Youtube,KKBOX,傳說對決,Instagram 
2020/12/30 下午 4:39:34,外語學群,18 歲以上 ～ 22 歲,Opera瀏覽器,bilibili,LINE,Gmail,Google翻譯
2020/12/30 下午 4:40:45,社會與心理學群,18 歲以上 ～ 22 歲,YouTube ,IG,Dcard,FB,Shopee 
2020/12/30 下午 4:43:02,管理學群,18 歲以上 ～ 22 歲,Facebook ,Instagram ,Line,Youtube,OneNote 
2020/12/30 下午 5:07:39,文史哲學群,23歲,JPtt,FB,IG,LINE,Tinder
2020/12/30 下午 5:12:03,管理學群,18 歲以上 ～ 22 歲,line,discord,fate grand order,Instagram,chrome
2020/12/30 下午 5:18:55,資訊學群,18 歲以上 ～ 22 歲,Line,Instagram ,Youtube,Dcard,Timetree
2020/12/30 下午 5:21:17,外語學群,18 歲以上 ～ 22 歲,Instagram ,Facebook ,YouTube ,Line,蝦皮
2020/12/30 下午 5:21:57,外語學群,18 歲以上 ～ 22 歲,Instagram,Line,Facebook,Plurk,Dcard
2020/12/30 下午 5:33:01,法政學群,18 歲以上 ～ 22 歲,Instagram ,Line,Facebook ,Dcard ,Kkbox 
2020/12/30 下午 5:39:23,資訊學群,18 歲以上 ～ 22 歲,Safari,jptt,line,x,x
2020/12/30 下午 5:41:22,外語學群,18 歲以上 ～ 22 歲,Instagram ,Line,Safari,YouTube ,雲端硬碟
2020/12/30 下午 5:46:53,工程學群,18 歲以上 ～ 22 歲,Line,Instagram,Facebook,Youtube,Zenly
2020/12/30 下午 5:51:14,文史哲學群,18 歲以上 ～ 22 歲,YouTube,Instagram,Facebook,Line,Netflix
2020/12/30 下午 6:03:01,工程學群,24,賴,唉居,Google,YT,Maps
2020/12/30 下午 6:04:56,社會與心理學群,23,噗浪,Line ,YouTube ,Ig,EP艾比索
2020/12/30 下午 6:05:28,資訊學群,18 歲以上 ～ 22 歲,line,ig,youtube,fg,無
2020/12/30 下午 6:32:53,地球與環境學群,18 歲以上 ～ 22 歲,Facebook,Messenger,Safari,Quizlet,Instagram 
2020/12/30 下午 6:39:41,財經學群,18 歲以上 ～ 22 歲,Instagram ,Facebook,Dcard,跑跑卡丁車Rush+,Youtube
2020/12/30 下午 6:56:29,文史哲學群,18 歲以上 ～ 22 歲,LINE,Facebook,Instagram,行動政大,蝦皮購物
2020/12/30 下午 7:08:09,建築與設計學群,23,Line,Ig,Google,Facebook ,Dcard
2020/12/30 下午 7:32:31,外語學群,18 歲以上 ～ 22 歲,line,查查單字,CM Browser瀏覽器,Instagram,小豬記帳本
2020/12/30 下午 7:38:13,遊憩與運動學群,18 歲以上 ～ 22 歲,ig,line,fb,x,x
2020/12/30 下午 7:39:00,遊憩與運動學群,18 歲以上 ～ 22 歲,line,Instagram ,line,twitter,x
2020/12/30 下午 7:39:38,遊憩與運動學群,18 歲以上 ～ 22 歲,line,instagram,Facebook ,x,x
2020/12/30 下午 7:48:03,醫藥衛生學群,18 歲以上 ～ 22 歲,Instagram ,Line,Dcard,蝦皮購物,Facebook
2020/12/30 下午 8:01:35,法政學群,18 歲以上 ～ 22 歲,chrome,line,youtube,x,x
2020/12/30 下午 8:05:06,資訊學群,24,RO(手遊),Instagram,YouTube,FB,Google模擬器
2020/12/30 下午 8:05:06,財經學群,18 歲以上 ～ 22 歲,Instagram,Line,YouTube ,Facebook,Netflix 
2020/12/30 下午 8:16:26,外語學群,18 歲以上 ～ 22 歲,Youtube,Line,Instagram,Mixerbox,V star 空間
2020/12/30 下午 8:17:32,外語學群,18 歲以上 ～ 22 歲,Line,Youtube,Ig,Music,Weibo
2020/12/30 下午 9:16:10,教育學群,18 歲以上 ～ 22 歲,YouTube,Line,Instagram,Facebook,Chrome
2020/12/30 下午 9:16:37,財經學群,18 歲以上 ～ 22 歲,Chrome,IG,Line,FB,Gmail
2020/12/30 下午 9:20:14,資訊學群,18 歲以上 ～ 22 歲,youtube,LINE,IG,X,X
2020/12/30 下午 9:24:15,社會與心理學群,18 歲以上 ～ 22 歲,line,ig,錄音程式,蝦皮,藍光濾波器
2020/12/30 下午 9:51:25,法政學群,18 歲以上 ～ 22 歲,IG,Camera,Line,Weather,Album
2020/12/30 下午 10:02:39,建築與設計學群,18 歲以上 ～ 22 歲,Instagram,Facebook,Line,Youtube,小豬記帳本
2020/12/30 下午 10:06:11,社會與心理學群,18 歲以上 ～ 22 歲,line,facebook,instagram,守望傳說,Moneybook
2020/12/30 下午 10:09:54,外語學群,18 歲以上 ～ 22 歲,Youtube,Facebook,bilibili,Chrome,X
2020/12/30 下午 10:25:12,文史哲學群,18 歲以上 ～ 22 歲,line,ig,fb,youtube,kkbox
2020/12/30 下午 10:28:26,藝術學群,18 歲以上 ～ 22 歲,Instagram,LINE,YouTube,Chrome,Facebook
2020/12/30 下午 11:11:52,管理學群,24,Google,Youtube,Ig,Line,Fb
2020/12/30 下午 11:12:48,教育學群,18 歲以上 ～ 22 歲,Instagram ,Google Drive,GoodNotes ,Line,YouTube 
2020/12/31 上午 12:03:37,財經學群,18 歲以上 ～ 22 歲,instagram,line,youtube,shopee,x
2020/12/31 上午 12:36:13,工程學群,30,Ptt,Line,IG,天氣,Gmail
2020/12/31 上午 12:58:35,社會與心理學群,23,噗浪,Line ,YouTube ,Ig,EP艾比索
2020/12/31 上午 2:04:20,管理學群,18 歲以上 ～ 22 歲,Instagram ,Facebook ,YouTube ,Twitch,Google map
2020/12/31 上午 2:49:26,數理化學群,18 歲以上 ～ 22 歲,FB,IG,youtube,漫畫人,ptt
2020/12/31 上午 5:45:53,外語學群,18 歲以上 ～ 22 歲,Instagram ,Line,Facebook,Gmail,WhatsApp
2020/12/31 上午 10:03:48,管理學群,18 歲以上 ～ 22 歲,facebook,fate/grand order,discord,twitter,reddit
2020/12/31 上午 10:48:53,外語學群,18 歲以上 ～ 22 歲,Instagram,Facebook,Line,Notability,Dcard 
2020/12/31 上午 10:54:17,管理學群,18 歲以上 ～ 22 歲,Line,Instagram,YouTube,Facebook,Camera
2020/12/31 上午 11:46:05,醫藥衛生學群,18 歲以上 ～ 22 歲,Line,Instagram,Youtube,Safari,虎牙直播
2020/12/31 下午 1:49:22,社會與心理學群,25,line,messenger,google map,bus+,雲端發票
2020/12/31 下午 2:09:02,財經學群,18 歲以上 ～ 22 歲,Ig,Messenger,Dcard,Ricahrt,街口+/Line pay
2020/12/31 下午 3:24:14,資訊學群,18 歲以上 ～ 22 歲,Youtube,LINE,x,x,x
2020/12/31 下午 3:25:44,管理學群,18 歲以上 ～ 22 歲,Line,instagram,youtube,facebook,chrome
2020/12/31 下午 9:31:27,醫藥衛生學群,18 歲以上 ～ 22 歲,Line,Instagram,Google,Facebook,X
2021/1/1 上午 1:54:24,生物資源學群,24,Ig,Messenger ,Google,Google map ,Fb
2021/1/1 下午 12:12:49,藝術學群,18 歲以上 ～ 22 歲,LINE,微信,Gmail,Facebook,微博
2021/1/1 下午 5:32:19,資訊學群,18 歲以上 ～ 22 歲,youtube,instagram,google瀏覽器,facebook,Bus+
2021/1/1 下午 5:54:42,外語學群,18 歲以上 ～ 22 歲,IG ,Line ,Chrome ,Facebook ,Dcard
2021/1/1 下午 7:26:46,財經學群,18 歲以上 ～ 22 歲,Instagram ,Line,Superstar FNC,Twitter ,Safari 
2021/1/2 下午 7:33:43,管理學群,18 歲以上 ～ 22 歲,line,youtube,instagram,facebook,wechat
2021/1/2 下午 10:52:47,社會與心理學群,18 歲以上 ～ 22 歲,臉書,Instagram,Line,Messenger,Spotify
2021/1/2 下午 11:01:35,文史哲學群,18 歲以上 ～ 22 歲,Facebook,Instagram,Messenger,YouTube,Google
2021/1/3 上午 12:33:19,社會與心理學群,18 歲以上 ～ 22 歲,Line,Messenger,Gmail,IG,Chrome
2021/1/4 上午 10:34:22,管理學群,18 歲以上 ～ 22 歲,line,Instagram,chrome,YouTube ,蝦皮
2021/1/4 上午 10:36:19,管理學群,18 歲以上 ～ 22 歲,Line,IG,跑跑卡丁車,蝦皮,FB
2021/1/4 上午 10:40:32,管理學群,18 歲以上 ～ 22 歲,微博,YouTube,Bilibili,Instagram,傳說對決
2021/1/4 上午 10:40:46,管理學群,18 歲以上 ～ 22 歲,Instagram,Line,Zenly ,YouTube,Shopee
2021/1/4 上午 10:42:20,管理學群,18 歲以上 ～ 22 歲,Line ,Youtube,IG,Facebook,Apple music
2021/1/4 上午 10:43:21,管理學群,18 歲以上 ～ 22 歲,X,X,X,YOUTUBE ,LINE
2021/1/4 上午 10:54:31,管理學群,18 歲以上 ～ 22 歲,IG,Line,泡泡薑餅人,X,X
2021/1/4 上午 11:11:38,管理學群,18 歲以上 ～ 22 歲,跑跑卡丁車,Youtube,Line,Google,Fb
2021/1/4 上午 11:13:52,財經學群,18 歲以上 ～ 22 歲,IG,Netflix ,Youtube,Line,Zenly
2021/1/4 上午 11:19:05,管理學群,18 歲以上 ～ 22 歲,Line,Ig,Youtube,Nexfilx,夢幻家園
2021/1/4 上午 11:53:06,管理學群,18 歲以上 ～ 22 歲,LINE,IG,FB,shopee,dcard
2021/1/4 下午 12:21:13,管理學群,18 歲以上 ～ 22 歲,Instagram,LINE,台北等公車,Rummy Club,FaceBook
2021/1/4 下午 12:24:13,管理學群,18 歲以上 ～ 22 歲,ig,手遊,yt,fb,抖音
2021/1/4 下午 2:31:11,管理學群,18 歲以上 ～ 22 歲,YouTube,IG,FB,記帳程式,蝦皮
2021/1/4 下午 3:30:44,管理學群,18 歲以上 ～ 22 歲,IG,Line,Fb,Youtube,手遊
2021/1/4 下午 4:40:16,管理學群,18 歲以上 ～ 22 歲,Dcard,Line,Instagram,Brawl Stars,Youtube
2021/1/4 下午 6:38:00,管理學群,18 歲以上 ～ 22 歲,YouTube ,Instagram ,Safari,Line,照片
2021/1/4 下午 9:06:55,數理化學群,18 歲以上 ～ 22 歲,Line,Instagram ,YouTube ,Google,Messenger 
2021/1/4 下午 9:12:50,管理學群,18 歲以上 ～ 22 歲,Instagram ,line,微博,YouTube ,Dcard 
2021/1/4 下午 10:44:20,數理化學群,18 歲以上 ～ 22 歲,Instagram,LINE,Google Chrome,Messenger,KKBOX
2021/1/4 下午 11:26:37,數理化學群,18 歲以上 ～ 22 歲,line,ig,貓咪大戰爭,pubg,傳說對決
2021/1/5 上午 8:42:38,管理學群,18 歲以上 ～ 22 歲,Line ,Youtube,IG,Facebook,Apple music
2021/1/6 下午 10:08:18,教育學群,18 歲以上 ～ 22 歲,推特,FB,IG,PiTT,Youtube
2021/1/6 下午 10:13:56,管理學群,24,Line,推特,IG,FB,YouTube
2021/1/6 下午 10:34:04,法政學群,18 歲以上 ～ 22 歲,Twitter ,Instagram ,Facebook ,Fortune city,Google
2021/1/6 下午 10:36:54,大眾傳播學群,18 歲以上 ～ 22 歲,Twitter,Line,Chrome,天氣即時預報,Instagram
2021/1/6 下午 10:43:31,建築與設計學群,18 歲以上 ～ 22 歲,Twitter,Instagram ,Facebook ,YouTube , Spotify 
2021/1/6 下午 10:47:34,藝術學群,28,Instagram,Line,Google search,Facebook,Twitter 
2021/1/6 下午 10:51:11,管理學群,18 歲以上 ～ 22 歲,Twitter,IG,Weverse,Kakaotalk,Youtube
2021/1/6 下午 11:25:30,數理化學群,18 歲以上 ～ 22 歲,Google chrome,Line,messenger,twitter,readmoo
2021/1/6 下午 11:31:29,遊憩與運動學群,18 歲以上 ～ 22 歲,Twitter,Instagram,Line,Spotify,YouTube
2021/1/6 下午 11:37:19,管理學群,18 歲以上 ～ 22 歲,twitter,Instagram ,Netflix ,YouTube ,MO PTT
2021/1/6 下午 11:46:06,資訊學群,18 歲以上 ～ 22 歲,twitter,ig,fb,line,X
2021/1/7 上午 12:08:21,大眾傳播學群,18 歲以上 ～ 22 歲,Chrome,Instagram,Line,Facebook,Youtube
2021/1/7 上午 12:12:38,大眾傳播學群,18 歲以上 ～ 22 歲,IG,YouTube ,Facebook,LINE,bilibili 
2021/1/7 上午 12:15:16,法政學群,18 歲以上 ～ 22 歲,youtube,ig,fb,快看漫畫,漫畫人
2021/1/7 上午 12:25:35,大眾傳播學群,18 歲以上 ～ 22 歲,FB,Line,IG,Youtube,微博
2021/1/7 上午 12:26:32,外語學群,18 歲以上 ～ 22 歲,Instagram,Twitter,Spotify,Facebook,x
2021/1/7 上午 12:26:38,資訊學群,23 歲以上 ~ 30 歲,Twitter,Facebook,Instagram,Safari,Telegram
2021/1/7 上午 12:30:41,醫藥衛生學群,18 歲以上 ～ 22 歲,ig,Line,Fb,YouTube,Messenger
2021/1/7 上午 12:35:02,資訊學群,23,safari ,line 熊大上菜,facebook ,instagram ,twitter 
2021/1/7 上午 12:44:53,外語學群,18 歲以上 ～ 22 歲,Ig,Line,Fb,Google ,記帳
2021/1/7 上午 12:45:03,大眾傳播學群,18 歲以上 ～ 22 歲,Ig,Line ,Fb,Dcard,Youtube
2021/1/7 上午 12:52:04,管理學群,18 歲以上 ～ 22 歲,Twitter,Facebook,Instagram,LINE,YouTube
2021/1/7 上午 1:24:00,大眾傳播學群,18 歲以上 ～ 22 歲,Instagram,LINE,Facebook,口袋森友會,哆啦A夢樂園
2021/1/7 上午 1:46:53,大眾傳播學群,18 歲以上 ～ 22 歲,instagram,Line,imusic,facebook,Youtube
2021/1/7 上午 2:33:52,大眾傳播學群,18 歲以上 ～ 22 歲,ig,Dcard ,StreetVoice ,Yt,Google translate 
2021/1/7 上午 9:22:08,法政學群,18 歲以上 ～ 22 歲,Instagram,YouTube,Netflix,Procreate,MediBang
2021/1/7 上午 11:51:18,法政學群,18 歲以上 ～ 22 歲,Twitter,Youtube,Vlive,Instagram ,X
2021/1/7 下午 12:01:54,資訊學群,18 歲以上 ～ 22 歲,Line,Instagram ,YouTube ,傳說對決,Twitter 
2021/1/7 下午 1:05:37,社會與心理學群,18 歲以上 ～ 22 歲,Line,Facebook,Instagram,Monny,時鐘
2021/1/7 下午 8:58:22,大眾傳播學群,18 歲以上 ～ 22 歲,Instagram,Facebook,YouTube,Mo PTT,LINE
2021/1/7 下午 10:18:25,管理學群,18 歲以上 ～ 22 歲,Youtube,Facebook,Instagram,X,X
2021/1/7 下午 10:23:33,大眾傳播學群,18 歲以上 ～ 22 歲,Google  ,Instagram,Facebook ,YouTube ,Dcard
2021/1/7 下午 10:45:42,大眾傳播學群,18 歲以上 ～ 22 歲,YOUTUBE,Instagram,Line,twitter,facebook
2021/1/7 下午 11:17:53,大眾傳播學群,18 歲以上 ～ 22 歲,ig,line,fb,神魔之塔,yt
2021/1/7 下午 11:29:47,法政學群,18 歲以上 ～ 22 歲,全民打棒球,Youtube,Facebook,IG,Netflix
2021/1/8 上午 12:18:13,大眾傳播學群,18 歲以上 ～ 22 歲,Instagram,Line,Facebook,Spotify,Safari
2021/1/8 上午 12:19:28,資訊學群,18 歲以上 ～ 22 歲,instagramm,Facebook,line,抖音,YouTube
2021/1/8 上午 12:27:40,外語學群,18 歲以上 ～ 22 歲,IG,FB,LINE,YOUTUBE,MESSENGER
2021/1/8 上午 1:44:41,大眾傳播學群,18 歲以上 ～ 22 歲,LINE,Instagram,Facebook,Youtube,Chrome
2021/1/8 下午 12:59:18,外語學群,18 歲以上 ～ 22 歲,IG,Line,FB,youtube,Messenger
2021/1/8 下午 2:30:03,藝術學群,18 歲以上 ～ 22 歲,Youtube,Instagram ,Line,行事曆,蝦皮購物
2021/1/8 下午 3:32:47,文史哲學群,18 歲以上 ～ 22 歲,ig,fb,line,youtube ,kkbox
2021/1/8 下午 3:52:44,外語學群,18 歲以上 ～ 22 歲,Instagram ,Line,Facebook ,小紅書,Google雲端硬碟
2021/1/8 下午 4:25:28,管理學群,24,Facebook,Instagram,messenger,小紅書,Line
2021/1/8 下午 4:35:12,生命科學學群,18 歲以上 ～ 22 歲,YouTube ,Instagram ,Messenger ,Facebook ,Chrome
2021/1/8 下午 4:57:53,外語學群,18 歲以上 ～ 22 歲,Instagram,Facebook,Line,Telegram,Chorm
2021/1/8 下午 5:03:01,醫藥衛生學群,18 歲以上 ～ 22 歲,Ig,Line,YouTube,Fb,Netflix
2021/1/8 下午 5:19:28,社會與心理學群,18 歲以上 ～ 22 歲,Line,IG,Spotify ,Streetvoice,YouTube 
2021/1/8 下午 5:23:02,教育學群,18 歲以上 ～ 22 歲,Line,Chrome,噗浪,Gmail,Messenger
2021/1/8 下午 5:26:26,數理化學群,18 歲以上 ～ 22 歲,safari,Line,Messenger,Instagram,Facebook
2021/1/8 下午 6:34:38,管理學群,18 歲以上 ～ 22 歲,Instagram,Messenger,Line,Facebook,Youtube
2021/1/8 下午 6:44:27,文史哲學群,18 歲以上 ～ 22 歲,IG,Messenger,LINE,Facebook,Gmail
2021/1/8 下午 7:31:38,工程學群,18 歲以上 ～ 22 歲,FaceBook,Instagram,Google Chrome,YouTube,相機
2021/1/8 下午 7:45:01,工程學群,18 歲以上 ～ 22 歲,Line,Facebook,Instagram,Wild rift,Brawl star
2021/1/8 下午 7:46:51,外語學群,18 歲以上 ～ 22 歲,Dcard,Line,Instagram,Facebook,Từ điển tiếng Việt
2021/1/8 下午 7:56:34,工程學群,18 歲以上 ～ 22 歲,YouTube,Chrome,YT music,動漫之家,巴哈姆特
2021/1/8 下午 7:59:44,外語學群,18 歲以上 ～ 22 歲,Instagram,Line,Messanger,Facebook,Dcard
2021/1/8 下午 8:00:29,大眾傳播學群,18 歲以上 ～ 22 歲,IG,YouTube,FB,Google Map,台灣公車通
2021/1/8 下午 8:02:22,工程學群,18 歲以上 ～ 22 歲,怪物彈珠,天下布魔,公主連結R,shadowverse ,輕鬆讀小說
2021/1/8 下午 8:08:20,資訊學群,18 歲以上 ～ 22 歲,Line,Messenger,Chrome,facebook,Instagram
2021/1/8 下午 8:08:27,醫藥衛生學群,18 歲以上 ～ 22 歲,Line,IG,Plurk,Fb,Dcard
2021/1/8 下午 8:08:37,藝術學群,25, 跑跑薑餅人：烤箱大逃亡,噗浪,Google Chrome,守望傳說,Youtube
2021/1/8 下午 8:10:37,藝術學群,18 歲以上 ～ 22 歲,Youtube,Ig,Line,Fb,Google系列的...吧 雲端之類
2021/1/8 下午 8:20:52,外語學群,18 歲以上 ～ 22 歲,Plurk,網路瀏覽器,Facebook ,Apple music,LINE
2021/1/8 下午 8:22:56,工程學群,18 歲以上 ～ 22 歲,FB,line,YouTube,公主連結,x
2021/1/8 下午 8:26:17,外語學群,18 歲以上 ～ 22 歲,Plurk,Youtube,Twitter,Line,Safari
2021/1/8 下午 8:51:45,資訊學群,18 歲以上 ～ 22 歲,ig,line,youtube,fb,zenly
2021/1/8 下午 9:12:23,法政學群,18 歲以上 ～ 22 歲,Instagram ,YouTube ,Facebook ,微博,Bilibili
2021/1/8 下午 9:17:41,數理化學群,18 歲以上 ～ 22 歲,line,ig,fb,safari,youtube
2021/1/8 下午 9:28:30,財經學群,18 歲以上 ～ 22 歲,IG,推特,line,YouTube,Google maps
2021/1/8 下午 9:33:44,管理學群,18 歲以上 ～ 22 歲,Instagram,Facebook,messenger,Kkbox,podcast
2021/1/8 下午 9:34:53,資訊學群,18 歲以上 ～ 22 歲,Facebook,微博,豆瓣,Dcard,Instagram
2021/1/8 下午 9:37:23,法政學群,18 歲以上 ～ 22 歲,Line,Instagram,Facebook,Skype,Webtoon
2021/1/8 下午 9:48:47,管理學群,18 歲以上 ～ 22 歲,Instagram ,Line,YouTube,Google,Dcard
2021/1/8 下午 9:58:07,財經學群,18 歲以上 ～ 22 歲,Instagram,Facebook,Line,Messenger,跑跑卡丁車
2021/1/8 下午 9:58:43,工程學群,18 歲以上 ～ 22 歲,Ig,Line,Youtube,Fb,Nba
2021/1/8 下午 10:26:42,工程學群,18 歲以上 ～ 22 歲,Dcard,Instagram ,youtube,x,x
2021/1/8 下午 10:36:49,數理化學群,18 歲以上 ～ 22 歲,ig,fb,twitch,moptt,dcard
2021/1/8 下午 10:37:16,外語學群,18 歲以上 ～ 22 歲,Line,Instagram ,Facebook,Youtube,Kkbox
2021/1/8 下午 10:41:02,社會與心理學群,18 歲以上 ～ 22 歲,IG,Line,Fb ,CWMONEY ,Dcard
2021/1/8 下午 10:43:06,大眾傳播學群,18 歲以上 ～ 22 歲,Youtube,Instagram,Line,Shoppe,查查單字
2021/1/9 上午 12:07:29,法政學群,18 歲以上 ～ 22 歲,ig,youtube,fb,原神,dcard
2021/1/9 上午 12:29:25,數理化學群,18 歲以上 ～ 22 歲,Instagram ,line,dcard,荒野亂鬥,Facebook 
2021/1/9 上午 12:31:16,數理化學群,18 歲以上 ～ 22 歲,LINE,Youtube,Dcard,蝦皮購物,台鐵e訂通
2021/1/9 上午 12:41:26,工程學群,18 歲以上 ～ 22 歲,Facebook,Instagram,Gmail,Youtube,spotify
2021/1/9 上午 12:41:56,資訊學群,18 歲以上 ～ 22 歲,Instagram,Line,Facebook,Messenger,Zenly
2021/1/9 上午 12:45:17,管理學群,18 歲以上 ～ 22 歲,ig,dcard,fb,youtube,webtoon
2021/1/9 上午 1:02:35,管理學群,18 歲以上 ～ 22 歲,IG,Youtube,Line,Netflix ,蝦皮
2021/1/9 上午 1:22:24,數理化學群,18 歲以上 ～ 22 歲,Line,Instagram,Webtoon,Dcard,Facebook
2021/1/9 上午 2:03:31,文史哲學群,18 歲以上 ～ 22 歲,youtube,Ig,Fb,google map,迪卡
2021/1/9 上午 2:19:10,建築與設計學群,18 歲以上 ～ 22 歲,LINE,Chrome,WEBTOON,購物清單,instagram
2021/1/9 上午 2:37:41,社會與心理學群,18 歲以上 ～ 22 歲,instagram,line,facebook,dcard,youtube
2021/1/9 上午 6:51:10,資訊學群,18 歲以上 ～ 22 歲,Spotify,Instagram,Line,Youtube,X
2021/1/9 上午 8:34:15,建築與設計學群,18 歲以上 ～ 22 歲,Chrome,YouTube ,Line,Instagram ,Twitter
2021/1/9 上午 9:16:57,法政學群,18 歲以上 ～ 22 歲,Youtube,Line,Instagram ,Snapchat,Facebook
2021/1/9 上午 11:08:54,藝術學群,18 歲以上 ～ 22 歲,instagram,噗浪,youtube,reddit,gmail
2021/1/9 上午 11:10:02,工程學群,18 歲以上 ～ 22 歲,plurk,line,IG,evernote,google map
2021/1/9 上午 11:14:11,藝術學群,18 歲以上 ～ 22 歲,Plurk,Line,Instagram,Googledrive,Foodpanda
2021/1/9 上午 11:14:42,財經學群,18 歲以上 ～ 22 歲,PLURK,Twitter,Pocket Casts,Apple music ,Todoist 
2021/1/9 上午 11:18:27,數理化學群,18 歲以上 ～ 22 歲,Plurk,Chrome,Pitt,Telegram,Moneybook
2021/1/9 上午 11:18:51,資訊學群,18 歲以上 ～ 22 歲,失落的龍絆,跑跑薑餅人,噗浪,IG,Line
2021/1/9 上午 11:20:29,社會與心理學群,18 歲以上 ～ 22 歲,LINE,Instagram,Facebook,Netflix,Youtube
2021/1/9 上午 11:21:55,大眾傳播學群,18 歲以上 ～ 22 歲,IG,YouTube,FB,Google Map,台灣公車通
2021/1/9 下午 12:06:32,文史哲學群,18 歲以上 ～ 22 歲,噗浪,推特,IG,Fate Grand Order,FB
2021/1/9 下午 12:24:34,建築與設計學群,18 歲以上 ～ 22 歲,Facebook,跑跑薑餅人,project sekai,Line,Chorme
2021/1/9 下午 12:53:22,大眾傳播學群,18 歲以上 ～ 22 歲,IG,FB,Spotify,Youtube,streetvoice
2021/1/9 下午 1:07:10,社會與心理學群,18 歲以上 ～ 22 歲,line,ig,fb,X,X
2021/1/9 下午 1:30:07,工程學群,18 歲以上 ～ 22 歲,Line,Ig,Fb,Youtube,Spotify
2021/1/9 下午 1:31:44,管理學群,18 歲以上 ～ 22 歲,Discord,明日方舟,Instagram,Line,Facebook
2021/1/9 下午 1:39:52,管理學群,18 歲以上 ～ 22 歲,Line,Instagram,Facebook,Dcard,Pokémon go 
2021/1/9 下午 2:16:38,教育學群,18 歲以上 ～ 22 歲,instagram,line,facebook,ptt,pinterest
2021/1/9 下午 2:38:59,文史哲學群,18 歲以上 ～ 22 歲,Line,Instagram ,Messenger,Brawl stars,Facebook
2021/1/9 下午 2:41:16,社會與心理學群,18 歲以上 ～ 22 歲,Google,IG,Line,Youtube,Dcard
2021/1/9 下午 5:24:01,管理學群,18 歲以上 ～ 22 歲,Instagram ,facebook,line,YouTube ,twitter
2021/1/9 下午 8:39:03,法政學群,18 歲以上 ～ 22 歲,Facebook,safari,instagram,英文字典,youtube
2021/1/10 上午 1:24:36,外語學群,18 歲以上 ～ 22 歲,  iG,Line,YouTube,嗶哩嗶哩,Twitter
2021/1/10 上午 11:15:57,數理化學群,18 歲以上 ～ 22 歲,google chrome,ig,fb,line,x
2021/1/10 上午 11:25:52,數理化學群,18 歲以上 ～ 22 歲,Ig,Fb,記帳程式,Line,蝦皮
2021/1/10 上午 11:34:11,財經學群,18 歲以上 ～ 22 歲,Ig,Line,Fb,熊大上菜,Netflix
2021/1/10 下午 12:06:12,醫藥衛生學群,18 歲以上 ～ 22 歲,Facebook,Youtube,Instagram,Line,Message
2021/1/10 下午 12:21:24,醫藥衛生學群,18 歲以上 ～ 22 歲,safari,youtube ,line,ig,fb
2021/1/10 下午 1:15:45,資訊學群,18 歲以上 ～ 22 歲,instagram ,facebook ,messenger,gmail,江南百景圖
2021/1/10 下午 1:17:43,文史哲學群,18 歲以上 ～ 22 歲,Instagram,Line,Dcard,Facebook,Zenly
2021/1/10 下午 1:58:39,醫藥衛生學群,18 歲以上 ～ 22 歲,Messenger,Google drive,LINE,Safari,Facebook
2021/1/10 下午 2:13:02,醫藥衛生學群,18 歲以上 ～ 22 歲,Instagram,Facebook,Youtube,MoPTT,Messenger
2021/1/10 下午 2:29:50,財經學群,18 歲以上 ～ 22 歲,Mo PTT,Facebook,Instagram,爐石戰記,Line
2021/1/10 下午 2:41:20,文史哲學群,18 歲以上 ～ 22 歲,Line ,Google Chrome ,Facebook ,YouTube ,Instagram 
2021/1/10 下午 2:57:49,教育學群,18 歲以上 ～ 22 歲,Facebook ,YouTube ,WEBTOON ,Instagram ,LINE 
2021/1/10 下午 4:32:18,藝術學群,18 歲以上 ～ 22 歲,IG,Line,FB,Dcard,蝦皮
2021/1/10 下午 6:28:54,醫藥衛生學群,18 歲以上 ～ 22 歲,Line,FB,IG,YouTube,YTmusic
2021/1/10 下午 6:50:45,工程學群,18 歲以上 ～ 22 歲,傳說對決,臉書,Line,Ig,最強蝸牛
2021/1/10 下午 7:26:03,資訊學群,18 歲以上 ～ 22 歲,Instagram,Facebook,Messenger,Telegram,Line
2021/1/10 下午 8:29:28,藝術學群,18 歲以上 ～ 22 歲,Line,Fb,Ig,Dcard,Youtube
2021/1/10 下午 10:44:38,外語學群,18 歲以上 ～ 22 歲,line,youtube,instagram,facebook,spotify
2021/1/10 下午 11:46:47,醫藥衛生學群,18 歲以上 ～ 22 歲,Line,Instagram,Youtube,Facebook,Spotify
2021/1/11 上午 1:38:41,社會與心理學群,18 歲以上 ～ 22 歲,Line,Fb,Youtube,Ig,雲端發票
2021/1/11 上午 11:02:17,大眾傳播學群,18 歲以上 ～ 22 歲,Instagram,Chrome,YouTube,Lightroom,X
2021/1/11 下午 12:00:11,文史哲學群,18 歲以上 ～ 22 歲,便籤 (內建),Chrome (FB、ptt皆用網頁版瀏覽),相機 (內建),Messenger,iBus_新竹市
2021/1/11 下午 1:46:21,大眾傳播學群,18 歲以上 ～ 22 歲,Line,Instagram,Facebook,Youtube,蝦皮購物
2021/1/11 下午 4:28:01,藝術學群,18 歲以上 ～ 22 歲,IG,Line,YouTube ,Dcard,Chrome
2021/1/11 下午 4:29:52,教育學群,18 歲以上 ～ 22 歲,微博國際板,instagram,bilibili,dcard,youtube
2021/1/12 下午 12:03:48,藝術學群,18 歲以上 ～ 22 歲,Line,Instagram,Facebook,Google Map,Pinterest 
2021/1/12 下午 1:11:23,法政學群,18 歲以上 ～ 22 歲,Instagram ,Facebook,Youtube,Netflix ,Safari
2021/1/12 下午 3:10:53,管理學群,18 歲以上 ～ 22 歲,Instagram,Line,Facebook,Youtube,x
2021/1/12 下午 9:10:28,資訊學群,24,Line,Plurk,IG,Youtube,Twitter
2021/1/12 下午 9:19:58,教育學群,18 歲以上 ～ 22 歲,line,Ig,YouTube ,Facebook ,Safari 
2021/1/12 下午 10:31:59,社會與心理學群,18 歲以上 ～ 22 歲,Instagram ,Line,Facebook ,X,X
2021/1/13 上午 3:01:00,大眾傳播學群,18 歲以上 ～ 22 歲,instagram,line,Facebook,zenly,weather
2021/1/13 下午 4:03:02,醫藥衛生學群,18 歲以上 ～ 22 歲,line,ig,小紅書,safari,時鐘
2021/1/13 下午 4:36:10,醫藥衛生學群,18 歲以上 ～ 22 歲,Line,Ig,Youtube,Netflix ,愛奇藝
2021/1/13 下午 4:36:18,醫藥衛生學群,18 歲以上 ～ 22 歲,IG,LINE,Zely,Dcard,WEBTOON
2021/1/13 下午 5:12:53,醫藥衛生學群,18 歲以上 ～ 22 歲,YouTube,雲上城之歌,宅神爺,Facebook,Chrome
2021/1/13 下午 5:44:10,醫藥衛生學群,18 歲以上 ～ 22 歲,微信,IG,FB,愛奇藝,抖音
2021/1/13 下午 8:18:20,醫藥衛生學群,18 歲以上 ～ 22 歲,Line,YouTube ,小紅書,Safari ,訊息
2021/1/13 下午 9:45:06,工程學群,18 歲以上 ～ 22 歲,Instagram,Messenger,Line,記帳城市,跑跑卡丁車Rush+
2021/1/13 下午 10:18:23,外語學群,18 歲以上 ～ 22 歲,line,ig,fb,dcard,天氣
2021/1/13 下午 10:54:48,醫藥衛生學群,18 歲以上 ～ 22 歲,IG,FB,TWITTER ,YouTube ,bilibili 
2021/1/13 下午 11:09:26,外語學群,18 歲以上 ～ 22 歲,Instagram,YOUTUBE ,TWITTER,LINE,FACEBOOK
2021/1/13 下午 11:19:28,管理學群,18 歲以上 ～ 22 歲,LINE,YouTube ,Dcard,Facebook ,Instagram 
2021/1/13 下午 11:43:25,大眾傳播學群,18 歲以上 ～ 22 歲,ig,bilibili,fb,safari,YouTube
2021/1/14 上午 2:18:20,資訊學群,18 歲以上 ～ 22 歲,Twitter,Telegram,LINE,YouTube,IG
2021/1/14 下午 1:36:02,醫藥衛生學群,18 歲以上 ～ 22 歲,花舞宮廷,LINE,IG,Dcard,傳說對決
2021/1/14 下午 9:30:59,醫藥衛生學群,18 歲以上 ～ 22 歲,instagram,line,facebook,youtube,shopee
2021/1/14 下午 11:19:00,法政學群,18 歲以上 ～ 22 歲,FB,IG,Youtube,Line,Messenger 
2021/1/14 下午 11:36:32,財經學群,18 歲以上 ～ 22 歲,instagram ,facebook,dcard ,line,蝦皮
2021/1/14 下午 11:45:40,財經學群,18 歲以上 ～ 22 歲,Safari ,Youtube,Line,Facebook,哈利波特
2021/1/14 下午 11:50:35,大眾傳播學群,18 歲以上 ～ 22 歲,line,ig,google,fb,微信
2021/1/14 下午 11:50:37,教育學群,18 歲以上 ～ 22 歲,Facebook,Messenger,Line,Instagram,Chrome
2021/1/14 下午 11:53:25,教育學群,18 歲以上 ～ 22 歲,Instagram,Facebook（包含Messenger）,Line,Plurk,Dcard
2021/1/15 上午 12:01:57,教育學群,18 歲以上 ～ 22 歲,Facebook,Line,Instagram,街口支付,數獨遊戲
2021/1/15 上午 12:10:36,管理學群,18 歲以上 ～ 22 歲,line ,IG,Fb,Webtoon,Dcard
2021/1/15 上午 12:13:04,教育學群,18 歲以上 ～ 22 歲,line,ig,fb,messenger,spotify
2021/1/15 上午 12:19:13,工程學群,18 歲以上 ～ 22 歲,Facebook ,YouTube,Instagram,Discord,Zenly
2021/1/15 上午 1:14:50,財經學群,18 歲以上 ～ 22 歲,Line,Instagram,Facebook,蝦皮,PTT
2021/1/15 上午 1:55:42,財經學群,18 歲以上 ～ 22 歲,Line,Ig,Fb,Google,YouTube
2021/1/15 上午 2:00:25,教育學群,18 歲以上 ～ 22 歲,line,instagram,facebook,timetree,safari
2021/1/15 上午 2:08:21,社會與心理學群,18 歲以上 ～ 22 歲,IG,Line,Dcard,Foodpanda ,荒野亂鬥
2021/1/15 上午 2:53:09,外語學群,18 歲以上 ～ 22 歲,Instagram ,Webtoon ,Telegram,Line,Dcard
2021/1/15 上午 11:22:35,法政學群,18 歲以上 ～ 22 歲,instagram,line,youtube,facebook,微博
2021/1/15 下午 12:48:04,財經學群,18 歲以上 ～ 22 歲,Ig,Tinder,FB,心交,Good night
2021/1/15 下午 2:08:52,生物資源學群,18 歲以上 ～ 22 歲,Facebook,Line,gmail,netflex,safari
2021/1/15 下午 3:06:00,財經學群,18 歲以上 ～ 22 歲,Line,Instagram ,Netflix ,Google maps ,三竹股市
2021/1/15 下午 4:11:08,數理化學群,18 歲以上 ～ 22 歲,IG,youtube,messenger,line,激鬥峽谷
2021/1/15 下午 5:11:40,生物資源學群,23,line,ig,fb,youtube,漫畫人
2021/1/15 下午 6:46:40,生物資源學群,22-30,Instagram ,Line,Youtube,Spotify,Facebook
2021/1/15 下午 11:33:05,法政學群,18 歲以上 ～ 22 歲,Ptt,Instagram,Twitter,Line,Goodnote
2021/1/19 上午 11:50:46,醫藥衛生學群,18 歲以上 ～ 22 歲,instagram,Dcard,Line,傳說對決,Facebook
2021/1/20 下午 12:02:18,管理學群,18 歲以上 ～ 22 歲,Ig,YouTube ,Line ,第五人格,天天記帳
2021/1/21 上午 12:26:34,社會與心理學群,18 歲以上 ～ 22 歲,Line,Instagram ,YouTube ,Facebook ,MoPTT 
2021/1/21 上午 12:37:37,社會與心理學群,18 歲以上 ～ 22 歲,Chrome,Facebook,Instagram,Line,YouTube
2021/1/21 上午 1:05:21,社會與心理學群,18 歲以上 ～ 22 歲,Line,instagram,備忘錄,Safari,Messenger
2021/1/21 上午 1:58:18,社會與心理學群,18 歲以上 ～ 22 歲,Facebook ,YouTube ,Instagram ,Chrome ,Gmail 
2021/1/21 上午 3:18:12,社會與心理學群,18 歲以上 ～ 22 歲,YouTube,Facebook,Instagram,Line,messenger
2021/1/21 上午 8:10:10,社會與心理學群,18 歲以上 ～ 22 歲,Youtube,Instagram,Facebook,Netflix,Dcard
2021/1/21 上午 9:03:20,社會與心理學群,18 歲以上 ～ 22 歲,Line,Ig,Fb ,Dcard,抖音
2021/1/21 下午 12:04:56,社會與心理學群,18 歲以上 ～ 22 歲,Facebook,Instagram,KKBOX,Youtube,Dcard
2021/1/21 下午 5:19:45,社會與心理學群,18 歲以上 ～ 22 歲,Instagram,Facebook,Dcard,LINE,Chrome
2021/1/22 上午 10:03:15,醫藥衛生學群,18 歲以上 ～ 22 歲,蝦皮,Facebook,messenger,mo ptt,line
2021/1/22 上午 10:58:08,文史哲學群,18 歲以上 ～ 22 歲,line,YouTube,Dcard,gmail,Google maps drive
2021/1/22 上午 11:01:54,財經學群,18 歲以上 ～ 22 歲,Facebook,Line,Safari,Instagram,Dcard
2021/1/22 上午 11:46:05,財經學群,18 歲以上 ～ 22 歲,IG,youtube,spotify,ubereats,notion
2021/1/22 下午 12:13:24,生命科學學群,18 歲以上 ～ 22 歲,IG,微博,街聲,Google ,Note
2021/1/22 下午 12:35:15,資訊學群,18 歲以上 ～ 22 歲,Facebook,Youtube,Twitter,Messenger,Telegram
2021/1/22 下午 1:23:14,藝術學群,18 歲以上 ～ 22 歲,Line,Instagram ,Facebook,Nonogram.com,Youtube
2021/1/22 下午 1:25:44,文史哲學群,18 歲以上 ～ 22 歲,Line,FB,IG,遊戲,遊戲
2021/1/22 下午 1:59:11,醫藥衛生學群,18 歲以上 ～ 22 歲,激鬥峽谷,Line,Jptt,Netflix ,Dcard
2021/1/22 下午 2:11:17,工程學群,18 歲以上 ～ 22 歲,Instagram,facebook,pitt,x,x
2021/1/22 下午 2:17:21,大眾傳播學群,18 歲以上 ～ 22 歲,臉書,IG,LINE,X,X
2021/1/22 下午 2:24:18,管理學群,18 歲以上 ～ 22 歲,line,ig,fb,傳說,yt
2021/1/22 下午 2:40:25,社會與心理學群,18 歲以上 ～ 22 歲,Messenger,Facebook,Chrome,Youtube,Pitt
2021/1/22 下午 2:42:53,教育學群,18 歲以上 ～ 22 歲,臉書,IG,Netfilx,Youtube,讀墨
2021/1/22 下午 2:47:54,外語學群,18 歲以上 ～ 22 歲,LINE,Instagram,Facebook,Youtube,Samsung music
2021/1/22 下午 3:16:42,醫藥衛生學群,18 歲以上 ～ 22 歲,Facebook,Instagram,Line,Chrome,Spotify
2021/1/22 下午 3:31:15,文史哲學群,18 歲以上 ～ 22 歲,Line,Instagram ,Facebook ,Jptt ,Dcard 
2021/1/22 下午 3:38:17,社會與心理學群,24,Instagram,Facebook,Line,udn News,X
2021/1/22 下午 4:39:24,文史哲學群,18 歲以上 ～ 22 歲,FB,IG,戀與製作人,蝦皮,Line
2021/1/22 下午 5:11:16,大眾傳播學群,18 歲以上 ～ 22 歲,IG,Discord,FB,激鬥峽谷,Dcard
2021/1/22 下午 5:16:27,外語學群,18 歲以上 ～ 22 歲,INSTAGRAM,LINE,X,X,X
2021/1/22 下午 5:19:49,文史哲學群,18 歲以上 ～ 22 歲,LINE,Discord,記帳城市,iLib Reader,Instagram
2021/1/22 下午 5:31:24,醫藥衛生學群,18 歲以上 ～ 22 歲,Instagram ,Jptt,Discord,Facebook ,Youtube
2021/1/22 下午 5:44:08,建築與設計學群,18 歲以上 ～ 22 歲,YouTube ,Twitter ,Facebook,Netflix ,Instagram 
2021/1/22 下午 5:44:59,生命科學學群,18 歲以上 ～ 22 歲,twitter,Instagram,漫畫人,line,google
2021/1/22 下午 5:45:40,醫藥衛生學群,18 歲以上 ～ 22 歲,推特,YouTube,Ig,Line,Fb
2021/1/22 下午 5:50:48,外語學群,18 歲以上 ～ 22 歲,twitter,line,plurk,instagram,youtube
2021/1/22 下午 5:51:14,教育學群,18 歲以上 ～ 22 歲,Twitter ,Line,Instagram ,Gmail,Facebook 
2021/1/22 下午 5:51:14,藝術學群,18 歲以上 ～ 22 歲,推特,臉書,IG,YT,台北等公車
2021/1/22 下午 5:51:43,工程學群,24,推特,candy crush,telegram,youtube,safari
2021/1/22 下午 5:54:00,社會與心理學群,18 歲以上 ～ 22 歲,Twitter,Instagram ,YouTube ,Spotify ,蝦皮
2021/1/22 下午 5:54:54,生物資源學群,18 歲以上 ～ 22 歲,Twitter ,Instagram ,Facebook ,YouTube ,Dcard
2021/1/22 下午 5:56:08,外語學群,18 歲以上 ～ 22 歲,推特,Line,YouTube ,Telegram,Discord 
2021/1/22 下午 5:57:37,醫藥衛生學群,18 歲以上 ～ 22 歲,ig,line,youtube,netflix,twitter
2021/1/22 下午 5:59:17,法政學群,18 歲以上 ～ 22 歲,Twitter ,Spotify  , Facebook ,YouTube ,Messanger(Facebook)
2021/1/22 下午 5:59:25,建築與設計學群,18 歲以上 ～ 22 歲,twitter,facebook,moptt,ig,line
2021/1/22 下午 6:02:29,工程學群,18 歲以上 ～ 22 歲,推特,少歌手遊,時鐘,天氣,天天記帳
2021/1/22 下午 6:05:40,醫藥衛生學群,18 歲以上 ～ 22 歲,推特,YouTube ,IG,Line,Safari
2021/1/22 下午 6:07:00,生命科學學群,18 歲以上 ～ 22 歲,推特,Line,Discord,遊戲：死亡愛麗絲,遊戲：偶像星願
2021/1/22 下午 6:10:28,建築與設計學群,18 歲以上 ～ 22 歲,推特,臉書,YouTube ,守望傳說,GoodNotes 
2021/1/22 下午 6:10:31,大眾傳播學群,18 歲以上 ～ 22 歲,Instagram,Facebook,Line,Twitter,英雄聯盟
2021/1/22 下午 6:12:11,資訊學群,18 歲以上 ～ 22 歲,Twitter ,Facebook,Line,Dcard,Ptt
2021/1/22 下午 6:12:40,數理化學群,18 歲以上 ～ 22 歲,YouTube,Twitter,Instagram ,X,X
2021/1/22 下午 6:14:33,法政學群,18 歲以上 ～ 22 歲,Instagram,Twitter,Facebook,JPTT,LINE
2021/1/22 下午 6:15:15,社會與心理學群,18 歲以上 ～ 22 歲,Twitter ,YouTube ,Discord,Line ,Chrome 
2021/1/22 下午 6:16:57,社會與心理學群,18 歲以上 ～ 22 歲,Twitter,Ig,Fb,YouTube,Line
2021/1/22 下午 6:22:24,大眾傳播學群,18 歲以上 ～ 22 歲,賴,臉書,Ig,Yt,Spotify
2021/1/22 下午 6:27:57,外語學群,18 歲以上 ～ 22 歲,噗浪,instagram ,twitter,Line,Facebook 
2021/1/22 下午 6:29:34,生物資源學群,18 歲以上 ～ 22 歲,Twitter ,Line,Instagram ,Safari,黑貓小說
2021/1/22 下午 6:37:44,醫藥衛生學群,18 歲以上 ～ 22 歲,Twitter,Line,傳說對決,Wordpress,Youtube
2021/1/22 下午 6:39:05,財經學群,18 歲以上 ～ 22 歲,INSTAGRAM,Safari,Twitter,LINE,YouTube
2021/1/22 下午 6:40:17,醫藥衛生學群,18 歲以上 ～ 22 歲,Twitter ,Line,Telegram ,YouTube ,Spotify 
2021/1/22 下午 6:52:06,資訊學群,18 歲以上 ～ 22 歲,推特,IG,Dcard,SuperStar SM,X
2021/1/22 下午 6:53:08,教育學群,18 歲以上 ～ 22 歲,推特,臉書,IG,X,X
2021/1/22 下午 7:15:33,外語學群,18 歲以上 ～ 22 歲,Ptt,Instagram,Twitter,Spotify,Youtube
2021/1/22 下午 7:33:40,資訊學群,18 歲以上 ～ 22 歲,Instagram,LINE,Spotify,Netflix,Youtube
2021/1/22 下午 7:39:37,外語學群,18 歲以上 ～ 22 歲,Twitter ,Youtube,Instagram,Youtube Music,PTT
2021/1/22 下午 7:49:02,財經學群,18 歲以上 ～ 22 歲,Twitter,Instagram,Spotify,Dcard,微博
2021/1/22 下午 7:59:49,外語學群,18 歲以上 ～ 22 歲,推特,噗浪,Sky光遇,YouTube,臉書
2021/1/22 下午 8:08:11,資訊學群,18 歲以上 ～ 22 歲,Twitter,Telegram,Discord,Youtube,Chrome
2021/1/22 下午 8:22:51,外語學群,18 歲以上 ～ 22 歲,Messenger,Instagram,Youtube,Twitter,Facebook
2021/1/22 下午 8:32:05,法政學群,18 歲以上 ～ 22 歲,wechat,Instagram,youtube,lofter,twitter
2021/1/22 下午 8:53:09,社會與心理學群,18 歲以上 ～ 22 歲,Twitter,Messenger,Facebook,LINE,Instagram
2021/1/22 下午 9:00:44,教育學群,18 歲以上 ～ 22 歲,推特,Youtube,Google chrome,LINE,E動郵局
2021/1/22 下午 9:39:48,文史哲學群,18 歲以上 ～ 22 歲,Line,Instagram,Facebook,Dcard,Naver
2021/1/22 下午 9:53:53,大眾傳播學群,18 歲以上 ～ 22 歲,Instagram,Facebook,Kakao talk,Mo Ptt,LINE
2021/1/22 下午 10:30:21,外語學群,18 歲以上 ～ 22 歲,Twitter,Plurk,あんスタ,まほやく,Pixiv
2021/1/22 下午 10:48:23,醫藥衛生學群,18 歲以上 ～ 22 歲,Dcard,JPTT,Instagram ,Line,Twitter
2021/1/22 下午 10:52:56,大眾傳播學群,18 歲以上 ～ 22 歲,FB,Chrome,IG,Spotify,Line
2021/1/22 下午 10:53:45,社會與心理學群,23,IG,噗浪,相簿,YOUTUBE,NEYFLIX
2021/1/22 下午 10:56:02,社會與心理學群,18 歲以上 ～ 22 歲,facebook,instagram,twitter,ptt,Line
2021/1/22 下午 11:08:50,外語學群,18 歲以上 ～ 22 歲,Line,Instagram ,Facebook,Wechat,Whatsapp 
2021/1/22 下午 11:08:56,大眾傳播學群,18 歲以上 ～ 22 歲,Instagram ,Line,Facebook ,Netflix ,Spotify
2021/1/22 下午 11:11:56,管理學群,18 歲以上 ～ 22 歲,WEBTOON ,記帳城市,IG,Line bubble2,YouTube 
2021/1/22 下午 11:12:11,社會與心理學群,18 歲以上 ～ 22 歲,Ig,Fb,Spotify,Shopee,Coin Master
2021/1/22 下午 11:16:58,管理學群,18 歲以上 ～ 22 歲,Instagram ,YouTube ,喜馬拉雅,Line,Facebook 
2021/1/22 下午 11:17:34,地球與環境學群,18 歲以上 ～ 22 歲,Twitter ,Line,Instagram,Facebook,webtoon
2021/1/23 上午 12:27:07,醫藥衛生學群,18 歲以上 ～ 22 歲,twitter,instagram,moptt,facebook,weibo
2021/1/23 上午 4:45:12,大眾傳播學群,18 歲以上 ～ 22 歲,Line,Instagram ,Facebook,Spotify,TsumTsum 
2021/1/23 上午 9:50:16,藝術學群,18 歲以上 ～ 22 歲,臉書,instagram ,message ,line,漫畫人
2021/1/23 下午 12:06:25,管理學群,18 歲以上 ～ 22 歲,ig,bilibili,youtube,遇見逆水寒,X
2021/1/23 下午 1:53:33,醫藥衛生學群,18 歲以上 ～ 22 歲,instagram,line,youtube,Discord,Chrome
2021/1/23 下午 2:45:11,社會與心理學群,18 歲以上 ～ 22 歲,Facebook ,Instagram ,YouTube ,Dcard,Medium
2021/1/23 下午 6:47:59,文史哲學群,22-30,Fb,Line,神魔之塔,劍與遠征,YouTube
2021/1/23 下午 9:56:37,社會與心理學群,18 歲以上 ～ 22 歲,臉書,ig,豆瓣,Youtube,無
2021/1/23 下午 10:49:24,教育學群,18 歲以上 ～ 22 歲,Instagram,YouTube,LINE,Apple Podcast,Dcard
2021/1/23 下午 11:10:49,財經學群,18 歲以上 ～ 22 歲,Line,IG,FB,X,X
2021/1/23 下午 11:14:28,資訊學群,18 歲以上 ～ 22 歲,IG,Line,Youtube,X,X
2021/1/23 下午 11:20:40,法政學群,18 歲以上 ～ 22 歲,Line,Instagram ,Youtube,Facebook,Dcard
2021/1/23 下午 11:25:29,醫藥衛生學群,18 歲以上 ～ 22 歲,IG,Line,YouTube ,微博,LOFTER 
2021/1/24 上午 12:23:00,資訊學群,18 歲以上 ～ 22 歲,Line,FaceTime ,Instagram ,Discord ,Safari
2021/1/24 上午 12:35:38,文史哲學群,18 歲以上 ～ 22 歲,ig,fb,chrome ,line,手機遊戲 催眠麥克風
2021/1/24 上午 1:22:07,法政學群,18 歲以上 ～ 22 歲,twitter,instagram ,facebook ,snapchat ,weibo
2021/1/24 上午 1:47:44,醫藥衛生學群,18 歲以上 ～ 22 歲,Instagram ,Youtube ,微博,Line,Facebook 
2021/1/24 上午 2:03:17,醫藥衛生學群,18 歲以上 ～ 22 歲,LINE,instagram,spotify,Toon Blast,facebook.
2021/1/24 上午 2:44:33,大眾傳播學群,18 歲以上 ～ 22 歲,Instagram ,YouTube ,Facebook ,Netflix ,Spotify 
2021/1/24 上午 3:56:03,管理學群,18 歲以上 ～ 22 歲,YouTube ,Instagram ,Line ,Google ,Facebook 
2021/1/24 上午 7:52:34,管理學群,18 歲以上 ～ 22 歲,Facebook,YouTube,Twitter,Line,Pixiv
2021/1/24 上午 10:16:03,管理學群,18 歲以上 ～ 22 歲,IG,Line,Youtube,Line WEBTOON ,蝦皮
2021/1/26 下午 3:43:13,社會與心理學群,18 歲以上 ～ 22 歲,Instagram,Facebook,Chrome,Line,Gmail
2021/1/26 下午 6:36:18,管理學群,18 歲以上 ～ 22 歲,臉書,IG,youtube,動畫瘋,safari
2021/1/27 上午 3:14:06,管理學群,18 歲以上 ～ 22 歲,IG,LINE,YouTube ，小紅書,"snow,soda, B612,ulike",戀與製作人
2021/1/28 下午 9:14:14,社會與心理學群,18 歲以上 ～ 22 歲,IG,youtube,Facebook,Line,Bilibili
2021/1/31 下午 3:25:50,管理學群,18 歲以上 ～ 22 歲,ig,youtube,line,fb,dcard
2021/2/23 下午 4:50:15,資訊學群,18 歲以上 ～ 22 歲,Instagram,Youtube,Facebook,Youtube music,Messenger
2021/2/26 上午 10:57:27,工程學群,18 歲以上 ～ 22 歲,Pocket Casts,Tweetbot,Instagram,Spotify,Outlook
2021/3/2 下午 3:31:45,社會與心理學群,18 歲以上 ～ 22 歲,Instagram,LINE,YouTube,x,x
2021/3/3 下午 1:23:13,大眾傳播學群,18 歲以上 ～ 22 歲,ig,fb,line,dcard,medium
2021/3/3 下午 1:31:42,資訊學群,18 歲以上 ～ 22 歲,Line,Instagram ,Dcard,台北等公車,YouTube 
2021/3/3 下午 1:48:11,大眾傳播學群,18 歲以上 ～ 22 歲,Instagram,Line,Facebook ,Twitter ,Dcard 
2021/3/3 下午 1:48:26,大眾傳播學群,18 歲以上 ～ 22 歲,小紅書,Ig ,Fb ,Line ,Youtube 
2021/3/3 下午 1:48:30,大眾傳播學群,18 歲以上 ～ 22 歲,IG,Facebook,小紅書,LINE,messenger
2021/3/3 下午 2:35:48,大眾傳播學群,18 歲以上 ～ 22 歲,line,chrome ,fb,動畫瘋,X
2021/3/3 下午 2:57:01,大眾傳播學群,18 歲以上 ～ 22 歲,IG,Line,FB,YouTube,Netflix
2021/3/3 下午 3:39:04,大眾傳播學群,18 歲以上 ～ 22 歲,Facebook ,Line,Instagram ,Dcard ,Webtoon 
2021/3/3 下午 4:15:01,大眾傳播學群,18 歲以上 ～ 22 歲,Dcard,Instagram,Facebook,Vlive,蝦皮
2021/3/3 下午 4:15:52,大眾傳播學群,18 歲以上 ～ 22 歲,Ig,Facebook ,Line ,Wechat,Tiwtter 
2021/3/3 下午 4:17:10,大眾傳播學群,18 歲以上 ～ 22 歲,Instagram ,Line,YouTube,Netflix ,Dcard
2021/3/3 下午 4:17:14,大眾傳播學群,18 歲以上 ～ 22 歲,Line,Ig,Fb,相機,Kkbox
2021/3/3 下午 4:19:16,大眾傳播學群,18 歲以上 ～ 22 歲,Instagram ,Line,Facebook ,數獨,Apple Music 
2021/3/3 下午 4:26:34,大眾傳播學群,18 歲以上 ～ 22 歲,YouTube ,Line,Instagram,Discord,Netflix
2021/3/3 下午 4:31:51,大眾傳播學群,18 歲以上 ～ 22 歲,PTT,Youtube,Spotify,Instagram,巴哈姆特
2021/3/3 下午 4:45:45,大眾傳播學群,23,IG,FB,YouTube,messenger,貓咪大戰爭
2021/3/3 下午 5:16:25,大眾傳播學群,18 歲以上 ～ 22 歲,bilibili,YouTube,WeChat,Instagram,小紅書
2021/3/3 下午 6:28:56,大眾傳播學群,18 歲以上 ～ 22 歲,Line,Instagram ,Safari ,Youtube,Netflix 
2021/3/3 下午 7:37:13,財經學群,18 歲以上 ～ 22 歲,Youtube,line,ig,fb,zenly
2021/3/3 下午 7:38:23,管理學群,18 歲以上 ～ 22 歲,IG,Youtube ,FB,Dcard,X
2021/3/3 下午 7:46:50,大眾傳播學群,18 歲以上 ～ 22 歲,Line,Instagram,Facebook,Weather,Clock
2021/3/3 下午 7:51:41,大眾傳播學群,18 歲以上 ～ 22 歲,LINE,Instagram,蝦皮購物,YouTube ,Facebook
2021/3/3 下午 8:04:44,大眾傳播學群,18 歲以上 ～ 22 歲,臉書,IG,荒野亂鬥,夢幻家園,Google
2021/3/3 下午 8:11:52,大眾傳播學群,18 歲以上 ～ 22 歲,YouTube,Instagram,Chrome,微博,Facebook
2021/3/3 下午 9:04:23,大眾傳播學群,18 歲以上 ～ 22 歲,Facebook ,Instagram ,Line,Podcast ,KKBOX 
2021/3/3 下午 9:07:30,大眾傳播學群,18 歲以上 ～ 22 歲,line,instagram,spotify,facebook,發票載具
2021/3/3 下午 9:08:47,大眾傳播學群,18 歲以上 ～ 22 歲,Line,Kkbox,Messenger ,Google 文件,Goggle meet
2021/3/3 下午 9:09:43,大眾傳播學群,18 歲以上 ～ 22 歲,Instagram ,Facebook ,Line,Telegram,Dcard
2021/3/3 下午 9:11:37,大眾傳播學群,18 歲以上 ～ 22 歲,YOUTUBE,Spotify,Netflix,愛奇藝,Vlive
2021/3/3 下午 9:13:15,大眾傳播學群,18 歲以上 ～ 22 歲,Line,Instagram ,Facebook ,Dcard,Zenly
2021/3/3 下午 9:14:43,大眾傳播學群,18 歲以上 ～ 22 歲,Instagram,小紅書,twenty,youtube,line
2021/3/3 下午 9:15:42,大眾傳播學群,18 歲以上 ～ 22 歲,LINE,IG,Dcard,Netflix ,YouTube 
2021/3/3 下午 9:19:52,大眾傳播學群,18 歲以上 ～ 22 歲,IG,LINE,FB,Zenly,X
2021/3/3 下午 9:34:16,大眾傳播學群,18 歲以上 ～ 22 歲,Instagram ,Youtube,Bilibili ,愛奇藝,Line
2021/3/3 下午 9:39:21,大眾傳播學群,18 歲以上 ～ 22 歲,IG,Netflix ,Coin Master ,YouTube ,Line
2021/3/3 下午 9:52:41,大眾傳播學群,18 歲以上 ～ 22 歲,Instagram ,Line,KKBOX ,蝦皮,Zenly 
2021/3/3 下午 10:07:02,大眾傳播學群,18 歲以上 ～ 22 歲,Instagram ,Dcard,YouTube ,Podcast,KKBOX 
2021/3/3 下午 10:16:10,大眾傳播學群,18 歲以上 ～ 22 歲,Instagram,LINE,Youtube,Dcard,記帳城市
2021/3/3 下午 10:16:47,大眾傳播學群,18 歲以上 ～ 22 歲,IG,FB,youtube,Line,Reddit
2021/3/3 下午 10:20:06,大眾傳播學群,18 歲以上 ～ 22 歲,Instagram,Youtube,Netflix,愛奇藝,Facebook
2021/3/3 下午 11:54:33,大眾傳播學群,23,LINE,INSTAGRAM,FACEBOOK,X,X
2021/3/4 上午 12:24:20,大眾傳播學群,18 歲以上 ～ 22 歲,instagram,Line,MOZE 3.0,Dcard,Spotify
2021/3/4 上午 12:57:03,外語學群,24,LINE,google,Instagram ,訊息,MOZE 2.0
2021/3/4 上午 1:10:56,大眾傳播學群,18 歲以上 ～ 22 歲,Firefox,Line,Plurk,Pinterest,Instagram
2021/3/4 上午 7:01:39,大眾傳播學群,18 歲以上 ～ 22 歲,Bilibili ,Youtube,Instagram ,韓劇網,Line 
2021/3/4 下午 3:06:54,大眾傳播學群,18 歲以上 ～ 22 歲,IG,Line,Dcard,Zenly,Spotify
2021/3/5 上午 12:09:50,大眾傳播學群,18 歲以上 ～ 22 歲,LINE,IG,Messenger,Youtube,行事曆/記事本
2021/3/9 上午 4:16:03,大眾傳播學群,18 歲以上 ～ 22 歲,IG,Youtube,Line,FB,Dcard
2021/3/15 下午 2:41:16,建築與設計學群,18 歲以上 ～ 22 歲,Line,Instragram,Spotify,Facebook,Netflix
2021/3/15 下午 11:46:13,教育學群,18 歲以上 ～ 22 歲,IG,戀與製作人,LINE,爆爆王,FB