Var1,G,2011,2012,2013,2014,2015,2016,2017,2018
合作,,11,12,10,9,16,3,43,62
台胞,,2,6,13,,9,1,13,62
支持,,20,30,1,4,10,2,26,55
台湾同胞,,2,2,6,4,2,3,32,46
创业,B,,,,5,18,,18,45
参与,,,3,5,2,7,8,14,43
享受,,6,2,5,,2,,2,41
措施,,12,15,3,4,2,,8,40
政策,,10,6,2,3,13,4,10,39
青年,B,,,,1,18,,25,37
就业,,,,4,1,8,,16,35
项目,,,9,6,3,,2,2,35
提供,,6,11,3,7,5,2,19,31
产业,,3,8,1,2,2,,10,31
建设,,2,3,1,2,8,6,23,27
经济,a,3,11,17,8,8,8,21,27
补贴,,1,,,,1,,,26
计划,,2,,2,,2,,,25
广大,,1,1,4,2,5,2,47,24
同等,,2,,1,,,,1,24
服务,,7,9,9,,3,3,17,23
万元,,2,4,1,,,,,22
设立,,1,9,7,2,2,2,11,21
获得,,3,3,,1,,,5,21
同等待遇,,,,2,,,,2,21
人才,,,,,,,,1,21
鼓励,,5,3,1,2,9,1,12,19
制造,,,,,,1,,4,19
领域,,1,6,2,1,2,,7,18
主任,,,2,1,1,2,1,3,18
给予,,2,6,4,1,,,2,18
扶持,,7,2,,,1,,,18
表示,,5,3,3,2,5,2,16,17
创新,B,2,3,1,5,13,,7,17
交流,a,,6,11,1,15,,36,16
中国,,2,1,,1,1,1,6,16
机遇,,,1,1,3,4,4,5,16
采购,,8,,,2,,,1,16
31,,,,,,,,1,16
机构,,2,2,,,4,,,16
促进,,3,5,4,4,4,4,21,15
推动,,4,6,2,4,4,4,18,15
积极,,7,6,11,1,4,3,16,14
市场,,8,1,2,1,5,2,11,14
实习,,,,,,,,5,14
农业,,2,3,1,,1,,1,14
可以,,1,1,5,2,6,1,,14
优惠,,2,3,5,1,2,,,14
高新技术,,1,2,,,1,,,14
重点,,3,2,2,3,,,,14
资金,,4,3,1,,,,,14
升级,,12,2,5,1,5,2,8,13
国家,,1,1,,1,,,5,13
浙江,,3,,3,1,2,,,13
生活,,,3,3,,5,,9,12
转型,,14,2,6,1,6,2,8,12
企业家,a,,1,10,5,4,,7,12
国务院台办,,1,,2,,1,,7,12
经营,,5,5,2,7,6,2,6,12
待遇,,1,,1,,,,5,12
研发,,,1,,,,,5,12
各类,,1,,3,1,,,2,12
税收,,1,1,,1,3,,1,12
昆山,,2,,,,1,,,12
刘结,,,,,,,,,12
两岸关系,,1,2,2,1,3,1,13,11
和平,,1,1,2,,1,,13,11
峰会,,,,9,5,5,,9,11
空间,,,,,1,3,,4,11
政府,,7,4,2,3,1,,4,11
中共中央台办,,,1,,,1,,3,11
贷款,,1,1,,,,,1,11
金融,,1,4,2,2,3,,,11
申报,,1,,,,,,,11
参加,,,4,,,3,1,8,10
会见,,1,,,,1,,8,10
同胞,,1,1,1,,1,1,7,10
更好,,3,4,,2,2,1,6,10
通过,,3,1,3,4,3,2,4,10
文化,,,4,1,,2,,4,10
中心,,1,,,,1,,4,10
深化,,,2,1,2,3,,3,10
科技,,5,1,1,,1,,3,10
实施,,4,4,5,3,,,2,10
文化交流,,,1,,,,,2,10
岗位,,,,,,,,2,10
高校,,,,,,2,,,10
一带,,,,,,9,12,17,9
一路,,,,,,9,12,17,9
平台,,,,,1,3,,10,9
共同,,,7,4,,1,1,8,9
开放,,1,3,6,6,,,7,9
明确,,1,1,1,,3,2,3,9
调研,,1,,,,,,3,9
上海,,9,,5,6,4,,1,9
认定,,1,5,5,,,,,9
符合条件,,3,2,,,,,,9
全国,,,,4,1,1,1,41,8
实现,,1,2,3,1,5,1,16,8
产品,,3,,1,12,1,,10,8
基地,,,1,,,5,,8,8
扩大,,,3,1,1,2,,8,8
重要,,7,1,2,,5,2,7,8
发布会,,,1,1,,1,,5,8
新闻,,1,,,,1,,5,8
居民,,1,,2,,,,5,8
例行,,1,,,,,,5,8
当地,,3,2,3,,2,1,4,8
广西,,,,,,,1,4,8
享有,,,,,1,1,,4,8
期间,,1,3,3,2,,1,3,8
加快,,1,,,,,,3,8
其中,,2,5,1,2,2,,2,8
生产,,4,1,1,1,4,1,1,8
优惠政策,,2,1,,2,8,,1,8
基础设施,,1,3,,,,,1,8
带来,,,,4,1,5,1,,8
学习,,,,,,3,,,8
福建省,,1,1,,,2,,,8
入选,,,,1,,,,,8
总部,,,3,,,,,,8
奖励,,,2,,,,,,8
环境,,4,9,,3,4,1,10,7
持续,,1,2,4,1,1,,8,7
协助,,3,3,4,1,1,2,7,7
更加,,3,1,,3,3,1,7,7
分享,,,,,,1,1,7,7
集团,,6,1,3,5,1,,7,7
努力,,4,2,2,2,1,,7,7
广阔,,,1,,1,,,6,7
活动,,1,2,2,5,2,2,4,7
举办,,1,2,2,4,4,,4,7
予以,,3,,,2,,,3,7
若干,,,,,,,,3,7
他们,,5,2,4,,7,2,2,7
以及,,2,2,5,5,2,1,2,7
这些,,3,7,2,,3,,2,7
开展,,6,3,5,,1,,2,7
2025,,,,,,,,2,7
落实,,2,6,4,1,3,,,7
人民币,,3,8,4,,2,,,7
补助,,,2,1,1,1,,,7
春节,,,1,3,,1,,,7
医疗,,,,,2,,,,7
提问,,,1,1,1,,,,7
山东,,,3,,,,,,7
最高,,,2,,,,,,7
用地,,1,,,,,,,7
明确规定,,,,,,,,,7
征信,,,,,,,,,7
企联,,1,,1,1,1,1,34,6
帮助,,21,11,5,1,4,2,22,6
海峡两岸,,4,2,1,4,4,2,9,6
拓展,,,1,,,,1,9,6
部门,,6,5,3,6,7,,7,6
加强,,4,4,4,1,1,,7,6
中西部,,,,,2,,,6,6
社会,,,1,1,1,,,6,6
进行,,2,5,7,3,2,3,5,6
北京,,2,2,2,,3,1,5,6
发布,,,,2,,,,5,6
正在,,4,2,,1,1,1,4,6
发挥,,,1,2,,2,2,3,6
厦门,,2,,1,,3,1,3,6
福建,,6,4,3,6,5,2,2,6
民众,,,5,6,4,1,1,2,6
对接,,1,,,3,3,,2,6
范围,,1,,2,,,,2,6
国际,,1,3,,,,,2,6
各级,,4,1,1,,1,1,1,6
以上,,1,,2,,,,1,6
涉及,,1,1,,7,4,2,,6
推出,,1,1,,1,1,1,,6
慰问,,,,2,,2,,,6
适用,,,1,,,2,,,6
龙头企业,,,,,,1,,,6
特许,,,,,1,,,,6
绿色,,,,,,,,,6
荣誉称号,,,,,,,,,6
智能,,,,,,,,,6
高端,,,,,,,,,6
交通,,,,,,,,,6
例如,,,,,,,,,6
住房,,,,,,,,,6
希望,,2,11,4,5,4,1,17,5
总书记,,1,,1,,2,,15,5
代表,,,,1,,3,1,13,5
继续,,4,2,3,1,9,,13,5
企在,,,,,,,,9,5
便利,,1,,2,4,4,2,7,5
推进,,1,1,1,1,2,,7,5
创造,,3,,,2,5,2,6,5
贡献,,,1,1,,,1,6,5
入驻,,,3,,1,2,,6,5
成为,,2,,,,1,,6,5
中华民族,,,,,1,,,6,5
共识,,2,3,3,7,4,1,5,5
九二,,2,,,1,4,,5,5
成果,,,1,1,1,2,,4,5
地方,,6,3,2,,1,,4,5
峰山,,,,,,4,4,3,5
增长,,,,5,1,2,,3,5
研究,,2,3,3,,1,,3,5
作用,,1,,2,,1,2,2,5
走访,,,1,5,,4,,2,5
反对,,,,,,2,,2,5
台独,,,,,,1,,2,5
基金,,,,2,1,,,2,5
申请,,5,,1,,,,2,5
一行,,,,,,,,2,5
实际,,,3,4,2,,1,1,5
已有,,1,,2,1,1,,1,5
一批,,1,,3,,1,,1,5
受到,,,4,1,,1,,1,5
学生,,,,,,1,,1,5
特别,,1,5,5,3,,,1,5
广东省,,4,,,,,,1,5
座谈,,1,1,1,,4,,,5
广东,,3,1,3,,1,,,5
需求,,1,,2,,1,,,5
居住,,,1,1,1,,,,5
博览会,,,,,1,,,,5
台生,,2,,2,,,,,5
普遍,,1,,1,,,,,5
担保,,3,4,,,,,,5
引进,,,1,,,,,,5
资助,,,1,,,,,,5
所得税,,1,,,,,,,5
大学生,,,,,,,,,5
全省,,,,,,,,,5
行动计划,,,,,,,,,5
祖国,,,,,,,,,5
习近平,,,,,,1,,11,4
10,,,4,3,1,1,,10,4
主席,,1,,1,,4,1,9,4
取得,,2,3,2,2,2,,9,4
不断,,,2,,3,1,,9,4
作出,,3,,,1,,,8,4
考察,,3,,1,,4,4,7,4
融资,,6,6,,1,,,7,4
解决,,7,5,5,2,1,3,6,4
条件,,1,5,1,4,4,1,5,4
对台,,,1,,,,1,5,4
协会,,2,3,7,1,2,,5,4
吸引,,,,,3,,,5,4
转移,,,1,,,,,5,4
大家,,,2,,6,,4,4,4
坚持,,,,,,2,1,4,4
省市,,3,6,3,,1,1,4,4
信心,,,1,2,,3,,4,4
一家亲,,,,,,2,,4,4
优化,,1,2,,,1,,4,4
进程,,,1,1,,,,4,4
方式,,2,1,1,,1,6,3,4
保障,,1,5,4,1,,1,3,4
坚定,,,,,,2,,3,4
以来,,2,2,2,3,1,,3,4
采取,,4,2,6,2,1,,3,4
江苏,,5,1,4,,1,,3,4
标准,,,1,1,,1,,3,4
20,,,,2,,,2,2,4
良好,,2,1,,2,1,1,2,4
15,,,3,,,3,,2,4
媒体,,,2,1,2,1,,2,4
一定,,1,,,,1,,2,4
体现,,,,,,1,,2,4
理事长,,,1,2,,,,2,4
江苏省,,1,,,,,,2,4
日电,,,,,,,,2,4
目前,,6,5,2,4,1,2,1,4
规定,,,3,1,,2,1,1,4
回应,,,1,,,3,,1,4
各项,,,,,,2,,1,4
进入,,4,,1,,1,,1,4
涵盖,,,,1,,1,,1,4
理念,,,,1,,1,,1,4
参展,,,,1,1,,,1,4
上市,,2,1,1,,,,1,4
累计,,,1,1,,,,1,4
萧万长,,,,1,,,,1,4
子女,,1,,,,,,1,4
行业,,,,,,,,1,4
自贸,,,,,,,,1,4
分别,,1,1,4,,3,1,,4
多个,,1,1,1,1,1,,,4
相应,,1,,,1,1,,,4
杭州,,,,,1,1,,,4
注册,,,,,1,1,,,4
亿元,,,2,1,,1,,,4
设计,,,,,,1,,,4
养老,,,,,,1,,,4
内容,,2,2,,3,,,,4
同比,,,2,7,2,,,,4
每年,,,1,1,1,,,,4
还有,,1,2,,1,,,,4
旺旺,,,,,1,,,,4
台湾地区,,,,2,,,,,4
纷纷,,,1,1,,,,,4
技术,,1,,1,,,,,4
东北地区,,,,1,,,,,4
所在地,,,1,,,,,,4
贴息,,,1,,,,,,4
返乡,,2,,,,,,,4
惠及,,1,,,,,,,4
浙江省,,1,,,,,,,4
率先,,,,,,,,,4
过年,,,,,,,,,4
本市,,,,,,,,,4
产业化,,,,,,,,,4
大陆同胞,,,,,,,,,4
工程,,,,,,,,,4
广河县,,,,,,,,,4
广州,,,,,,,,,4
过节,,,,,,,,,4
和平统一,,,,,,,,,4
互联网,,,,,,,,,4
环保,,,,,,,,,4
见习,,,,,,,,,4
就读,,,,,,,,,4
昆山市,,,,,,,,,4
留在,,,,,,,,,4
宁波,,,,,,,,,4
农机,,,,,,,,,4
实实在在,,,,,,,,,4
市民,,,,,,,,,4
示范,,,,,,,,,4
水利,,,,,,,,,4
完全,,,,,,,,,4
进一步,,6,5,3,4,7,3,15,3
朋友,,,,,,1,1,15,3
各地,,3,5,6,5,3,,15,3
联谊会,,,,1,1,,,12,3
利用,,1,2,1,,2,2,6,3
优势,,1,1,,2,2,1,5,3
更大,,,1,,,,,5,3
团结,,,,,,,,5,3
示范点,,,,,,,,5,3
扎根,,,,,,,,5,3
介绍,,3,7,8,4,4,3,4,3
基层,,1,2,2,1,1,1,4,3
原则,,,,,,,1,4,3
广泛,,1,1,2,,1,,4,3
24,,,,,,,,4,3
复兴,,,,,,,,4,3
感受,,,,,,,,4,3
举措,,,,2,1,2,2,3,3
同时,,4,2,1,,2,1,3,3
红利,,,,,,,1,3,3
战略,,1,1,1,,2,,3,3
按照,,1,1,,,2,,3,3
电商,,,,,,2,,3,3
中共,,,,1,,,,3,3
班列,,,,,,,,3,3
伟大,,,,,,,,3,3
中欧,,,,,,,,3,3
规划,,1,1,1,,1,4,2,3
共享,,,,,,1,1,2,3
改革,,,1,,1,2,,2,3
愿意,,,,,,2,,2,3
等等,,2,2,1,1,1,,2,3
营商,,,,,,1,,2,3
受益,,,,,1,,,2,3
全面,,1,,3,,,,2,3
银行,,,13,2,,,,2,3
新华社,,1,2,,,,,2,3
展示,,,,,,,,2,3
影响,,,7,1,1,,2,1,3
联合,,1,1,,,,2,1,3
审批,,,1,,,,2,1,3
主要,,,4,3,3,,1,1,3
论坛,,,3,,2,6,,1,3
增加,,,3,1,2,2,,1,3
试验区,,,1,3,5,1,,1,3
越来越,,1,3,1,1,1,,1,3
逐步,,,,,1,1,,1,3
办理,,,2,1,,1,,1,3
金融机构,,,4,,,1,,1,3
力度,,2,3,,,1,,1,3
就是,,2,1,,,1,,1,3
加大,,1,1,,,1,,1,3
100,,,,,,1,,1,3
公司,,1,6,,3,,,1,3
灾区,,,,4,,,,1,3
董事长,,,1,1,,,,1,3
内需,,,,1,,,,1,3
民间,,,1,,,,,1,3
先后,,,1,,,,,1,3
打造,,2,,,,,,1,3
落户,,1,,,,,,1,3
工业,,,,,,,,1,3
江丙坤,,,,,,,,1,3
江西,,,,,,,,1,3
教育,,,,,,,,1,3
苏台,,,,,,,,1,3
有些,,,,,,,,1,3
贸易,,5,7,6,3,2,3,,3
许多,,,2,1,2,2,1,,3
率领,,,,,,2,1,,3
互利,,,,1,2,1,1,,3
及其,,,1,1,1,1,1,,3
过程,,4,1,,,1,1,,3
自己,,1,,,,1,1,,3
结合,,,,,,1,1,,3
巨大,,,,,,1,1,,3
当年,,,,,1,,1,,3
引导,,1,1,,,,1,,3
特点,,1,,,,,1,,3
培训,,,,,,2,,,3
进口,,3,2,,7,1,,,3
服务业,,2,2,5,2,1,,,3
说明,,3,2,2,,1,,,3
关心,,3,2,1,,1,,,3
境外,,2,1,,,1,,,3
首次,,,1,,,1,,,3
执行,,2,,,,1,,,3
毕业,,,,,,1,,,3
副理事长,,,,,,1,,,3
购买,,,,,,1,,,3
全球,,,,,,1,,,3
系列,,,,,,1,,,3
统计,,,2,4,4,,,,3
出口,,4,1,,2,,,,3
财政,,,1,2,1,,,,3
土地,,2,,,1,,,,3
租赁,,1,,,1,,,,3
连续,,,,,1,,,,3
台湾当局,,,,,1,,,,3
业者,,,,4,,,,,3
加班,,,,2,,,,,3
新机遇,,,,2,,,,,3
业务,,3,5,1,,,,,3
优先,,,2,1,,,,,3
同等条件,,,1,1,,,,,3
专业,,,1,1,,,,,3
模式,,2,,1,,,,,3
挂牌,,,,1,,,,,3
省级,,,3,,,,,,3
专项资金,,1,2,,,,,,3
技术改造,,1,2,,,,,,3
社区,,,2,,,,,,3
山东省,,,2,,,,,,3
资格,,1,1,,,,,,3
40,,,1,,,,,,3
此次,,,1,,,,,,3
家庭,,,1,,,,,,3
前景,,,1,,,,,,3
现代,,,1,,,,,,3
一次性,,,1,,,,,,3
资本,,,1,,,,,,3
省内,,2,,,,,,,3
财税,,1,,,,,,,3
单位,,1,,,,,,,3
民营企业,,1,,,,,,,3
知识产权,,1,,,,,,,3
办实事,,,,,,,,,3
新春,,,,,,,,,3
2018,,,,,,,,,3
博会,,,,,,,,,3
不能,,,,,,,,,3
创办,,,,,,,,,3
多万元,,,,,,,,,3
高度肯定,,,,,,,,,3
高速公路,,,,,,,,,3
各项措施,,,,,,,,,3
公共,,,,,,,,,3
攻坚,,,,,,,,,3
购房,,,,,,,,,3
购置,,,,,,,,,3
股权,,,,,,,,,3
轨道交通,,,,,,,,,3
贵州,,,,,,,,,3
国企,,,,,,,,,3
坚决,,,,,,,,,3
经营方式,,,,,,,,,3
捐助,,,,,,,,,3
来到,,,,,,,,,3
劳动模范,,,,,,,,,3
历史,,,,,,,,,3
联谊,,,,,,,,,3
刘欢,,,,,,,,,3
免费,,,,,,,,,3
三八,,,,,,,,,3
申领,,,,,,,,,3
脱贫,,,,,,,,,3
汪洋,,,,,,,,,3
职位,,,,,,,,,3
致辞,,,,,,,,,3
中国国民党,,,,,,,,,3
中时,,,,,,,,,3
专业人才,,,,,,,,,3
转化,,,,,,,,,3
祖国大陆,,,,,,,,,3
关于,,1,7,1,2,1,2,12,2
经济社会,,,1,,,1,1,11,2
融合,,,,,,1,1,11,2
讲话,,,,,,5,,10,2
负责人,,,,2,2,4,,10,2
兴业,,,1,,1,,,9,2
商机,,,,2,,3,2,7,2
组织,,2,,,,,1,7,2
欢迎,,,2,2,1,2,,7,2
切实,,1,,1,,,,7,2
地区,,1,1,4,2,1,,6,2
去年,,1,2,4,,2,2,5,2
30,,,,,1,1,,5,2
积极支持,,,,,1,,,5,2
应询,,1,,,,,,5,2
中小企业,a,3,14,6,14,12,,4,2
园区,,,1,1,2,1,,4,2
相信,,1,4,,1,1,,4,2
各位,,,,,1,,,4,2
集聚,,,,,,,,4,2
全国政协,,,,,,,,4,2
展现,,,,,,,,4,2
会长,,,,1,,2,3,3,2
亿美元,,1,1,8,5,,3,3,2
对此,,4,6,4,3,8,2,3,2
成本,,,1,,,2,,3,2
降低,,,,,,2,,3,2
两地,,,,1,1,1,,3,2
文创,,,2,,,1,,3,2
有限公司,,1,1,,,1,,3,2
示范区,,,,3,1,,,3,2
作为,,,2,1,,,,3,2
参观,,,,1,,,,3,2
富士康,,,,,,,,3,2
欧洲,,,,,,,,3,2
指出,,,,,,,,3,2
中央政治局常委,,,,,,,,3,2
管理,,,1,1,2,1,2,2,2
听取,,,1,,,4,1,2,2
日至,,1,,,,3,1,2,2
这次,,1,,2,2,2,1,2,2
11,,,2,4,1,2,1,2,2
25,,,2,,1,2,1,2,2
多次,,1,,3,,,1,2,2
准入,,,,,,,1,2,2
基础,,2,1,2,,4,,2,2
南京,,,,,1,2,,2,2
部分,,1,2,5,,2,,2,2
资源,,1,,,,2,,2,2
深入,,2,1,3,,1,,2,2
这一,,2,1,,,1,,2,2
带动,,,,,,1,,2,2
人员,,,,2,2,,,2,2
增进,,,1,1,,,,2,2
开拓,,1,,1,,,,2,2
发展前景,,1,,,,,,2,2
面向,,1,,,,,,2,2
不断扩大,,,,,,,,2,2
动力,,,,,,,,2,2
贯彻落实,,,,,,,,2,2
淮台,,,,,,,,2,2
金融服务,,,,,,,,2,2
桥梁,,,,,,,,2,2
融入,,,,,,,,2,2
深刻,,,,,,,,2,2
台籍,,,,,,,,2,2
招聘,,,,,,,,2,2
权益,,6,12,7,1,2,2,1,2
依法,,3,,,5,4,1,1,2
此外,,,,3,,1,1,1,2
重大,,,1,2,,1,1,1,2
使用,,,1,3,6,,1,1,2
批准,,1,3,4,3,,1,1,2
根据,,1,3,1,2,,1,1,2
城市,,1,3,,1,,1,1,2
对外开放,,,,,1,,1,1,2
积极参与,,,,,1,,1,1,2
变化,,1,,1,,,1,1,2
借助,,,,,,,1,1,2
态度,,1,2,,,6,,1,2
召开,,,3,4,1,3,,1,2
中央,,,1,,,3,,1,2
社团,,,,4,2,2,,1,2
协会会长,,,,3,,2,,1,2
创造条件,,,,,,2,,1,2
这是,,1,1,,2,1,,1,2
健康,,3,,2,1,1,,1,2
完善,,,3,,1,1,,1,2
确定,,,,,1,1,,1,2
台胞证,,,,1,,1,,1,2
经贸合作,,,1,,,1,,1,2
秉持,,,,,,1,,1,2
孵化,,,,,,1,,1,2
达到,,,1,,2,,,1,2
做出,,2,1,1,1,,,1,2
多项,,,,1,1,,,1,2
设备,,,,1,1,,,1,2
一年,,1,,,1,,,1,2
首届,,,,,1,,,1,2
邀请,,,1,2,,,,1,2
长期,,1,1,1,,,,1,2
口岸,,,1,,,,,1,2
荣誉,,1,,,,,,1,2
始终,,1,,,,,,1,2
销售,,1,,,,,,1,2
主办,,1,,,,,,1,2
150,,,,,,,,1,2
700,,,,,,,,1,2
办好事,,,,,,,,1,2
便利化,,,,,,,,1,2
成就,,,,,,,,1,2
大赛,,,,,,,,1,2
河南,,,,,,,,1,2
教师,,,,,,,,1,2
跨境,,,,,,,,1,2
首家,,,,,,,,1,2
团队,,,,,,,,1,2
物流,,,,,,,,1,2
许可,,,,,,,,1,2
招商引资,,,,,,,,1,2
着力,,,,,,,,1,2
自治区,,,,,,,,1,2
海协会,,,,,1,6,3,,2
稳定,,3,1,,,,2,,2
关注,,3,2,3,1,3,1,,2
主管部门,,,2,1,2,2,1,,2
另外,,2,3,3,1,1,1,,2
利益,,,2,1,1,,1,,2
投资者,,,2,3,,,1,,2
金额,,1,,3,,,1,,2
损害,,,,,,,1,,2
常务,,,,,,,1,,2
副会长,,,,,,,1,,2
快速,,,,,,,1,,2
小额,,,,,,,1,,2
建议,,,2,1,,4,,,2
没有,,2,1,5,1,3,,,2
意见,,,3,2,,3,,,2
好处,,,,,,2,,,2
各界,,,1,2,1,1,,,2
并且,,1,2,1,1,1,,,2
人士,,1,,3,,1,,,2
企业界,,1,2,2,,1,,,2
具体措施,,1,1,,,1,,,2
创意,,,1,,,1,,,2
咨询,,,1,,,1,,,2
总体,,,1,,,1,,,2
上海市,,2,,,,1,,,2
货物,,1,,,,1,,,2
针对性,,1,,,,1,,,2
访问团,,,,,,1,,,2
福州,,,,,,1,,,2
闽台,,,,,,1,,,2
人民,,,,,,1,,,2
祝福,,,,,,1,,,2
近年来,,,2,1,2,,,,2
还是,,,1,1,2,,,,2
从事,,1,,,2,,,,2
照顾,,,3,1,1,,,,2
减免,,1,3,,1,,,,2
大型,,,2,,1,,,,2
独资,,1,1,,1,,,,2
配套,,1,,,1,,,,2
严重,,,,,1,,,,2
福祉,,,,,1,,,,2
选择,,,,,1,,,,2
有人,,,,,1,,,,2
展会,,,,,1,,,,2
支付,,,,,1,,,,2
北京市,,,1,3,,,,,2
数据,,,,3,,,,,2
万美元,,,,3,,,,,2
专项,,2,,2,,,,,2
50,,,,2,,,,,2
专家,,,,2,,,,,2
分行,,,8,1,,,,,2
29,,,2,1,,,,,2
26,,,,1,,,,,2
表示感谢,,,,1,,,,,2
共计,,,,1,,,,,2
解读,,,,1,,,,,2
诉求,,,,1,,,,,2
下午,,,,1,,,,,2
信用,,1,4,,,,,,2
行政,,1,2,,,,,,2
500,,,2,,,,,,2
新设,,,2,,,,,,2
明年,,2,1,,,,,,2
把握,,,1,,,,,,2
纳入,,,1,,,,,,2
众多,,,1,,,,,,2
13,,,1,,,,,,2
创新型,,,1,,,,,,2
该省,,,1,,,,,,2
感到,,,1,,,,,,2
投资区,,,1,,,,,,2
推荐,,,1,,,,,,2
往返,,,1,,,,,,2
一家,,,1,,,,,,2
证书,,,1,,,,,,2
自主,,,1,,,,,,2
按规定,,3,,,,,,,2
十分,,2,,,,,,,2
大量,,1,,,,,,,2
光明,,1,,,,,,,2
国民党,,1,,,,,,,2
航空公司,,1,,,,,,,2
开辟,,1,,,,,,,2
科研机构,,1,,,,,,,2
苏州,,1,,,,,,,2
以下,,1,,,,,,,2
因此,,1,,,,,,,2
增值税,,1,,,,,,,2
改革开放,,,,,,,,,2
国有企业,,,,,,,,,2
看好,,,,,,,,,2
76,,,,,,,,,2
表彰,,,,,,,,,2
蔡衍明,,,,,,,,,2
参访团,,,,,,,,,2
查询,,,,,,,,,2
出让,,,,,,,,,2
初创,,,,,,,,,2
创业板,,,,,,,,,2
大海,,,,,,,,,2
大力,,,,,,,,,2
党代表,,,,,,,,,2
登录,,,,,,,,,2
低于,,,,,,,,,2
第一条,,,,,,,,,2
电子,,,,,,,,,2
东航,,,,,,,,,2
房租,,,,,,,,,2
分布,,,,,,,,,2
符合,,,,,,,,,2
福州市,,,,,,,,,2
父母,,,,,,,,,2
港澳,,,,,,,,,2
高层次,,,,,,,,,2
高等学校,,,,,,,,,2
个体,,,,,,,,,2
工业用地,,,,,,,,,2
工作室,,,,,,,,,2
公共服务,,,,,,,,,2
公用,,,,,,,,,2
共圆,,,,,,,,,2
广河,,,,,,,,,2
贵州省,,,,,,,,,2
海南,,,,,,,,,2
合计,,,,,,,,,2
红旗手,,,,,,,,,2
户籍,,,,,,,,,2
淮阴,,,,,,,,,2
回归,,,,,,,,,2
回家,,,,,,,,,2
混合,,,,,,,,,2
获奖,,,,,,,,,2
技术人员,,,,,,,,,2
检察,,,,,,,,,2
简化,,,,,,,,,2
建筑,,,,,,,,,2
金陵,,,,,,,,,2
经营项目,,,,,,,,,2
就业证,,,,,,,,,2
就医,,,,,,,,,2
科学技术,,,,,,,,,2
科研人员,,,,,,,,,2
可享,,,,,,,,,2
款项,,,,,,,,,2
扩产,,,,,,,,,2
落地,,,,,,,,,2
每月,,,,,,,,,2
门槛,,,,,,,,,2
免租,,,,,,,,,2
民生,,,,,,,,,2
拿到,,,,,,,,,2
能源,,,,,,,,,2
年薪,,,,,,,,,2
培养,,,,,,,,,2
培育,,,,,,,,,2
平米,,,,,,,,,2
评比,,,,,,,,,2
抢抓,,,,,,,,,2
区域,,,,,,,,,2
取得实效,,,,,,,,,2
儒学,,,,,,,,,2
厦航,,,,,,,,,2
审核,,,,,,,,,2
时代,,,,,,,,,2
市政,,,,,,,,,2
暑期,,,,,,,,,2
水利部,,,,,,,,,2
司法,,,,,,,,,2
思想,,,,,,,,,2
所有制,,,,,,,,,2
台青创,,,,,,,,,2
听取意见,,,,,,,,,2
土地出让,,,,,,,,,2
温州市,,,,,,,,,2
系统,,,,,,,,,2
先试,,,,,,,,,2
先行,,,,,,,,,2
掀翻,,,,,,,,,2
研学,,,,,,,,,2
验放,,,,,,,,,2
医疗机构,,,,,,,,,2
已为,,,,,,,,,2
已有近,,,,,,,,,2
银团,,,,,,,,,2
应聘,,,,,,,,,2
英才,,,,,,,,,2
幼儿园,,,,,,,,,2
运输,,,,,,,,,2
增资,,,,,,,,,2
真正,,,,,,,,,2
只有,,,,,,,,,2
重建家园,,,,,,,,,2
租房,,,,,,,,,2
出席,,,1,,1,1,1,9,1
周年,,,1,,,,,9,1
维护,,6,4,3,,2,2,8,1
高度重视,,4,1,1,1,4,,7,1
团体,,,,1,,2,,7,1
商学院,,,,,,,,7,1
经贸,,,1,1,6,4,2,5,1
旅游,,,1,1,1,2,,5,1
建立,,6,2,3,,2,,5,1
内销,,3,,,,,,5,1
充分体现,,,,,,,,5,1
关怀,,,,,,,,5,1
深情,,,,,,,,5,1
公平,,1,,,,1,1,4,1
工商,,,,1,,2,,4,1
回顾,,,,,,,,4,1
展销会,,,,,,,,4,1
祝贺,,,,,,,,4,1
双方,,1,1,1,1,2,1,3,1
搭建,,,,,1,3,,3,1
座谈会,,,1,6,,3,,3,1
精神,,,,1,,2,,3,1
有利,,1,3,,1,1,,3,1
农民,,2,,,1,1,,3,1
电子商务,,,,,4,,,3,1
专门,,1,1,1,2,,,3,1
超过,,1,1,1,1,,,3,1
优质,,,,,1,,,3,1
融资难,,3,4,,,,,3,1
营造,,,1,,,,,3,1
充分肯定,,,,,,,,3,1
带领,,,,,,,,3,1
历程,,,,,,,,3,1
美丽,,,,,,,,3,1
沿海,,,,,,,,3,1
研讨会,,,,,,,,3,1
致信,,,,,,,,3,1
中亚,,,,,,,,3,1
助力,,,,,,,,3,1
仲裁,,,,,,,5,2,1
保护,,10,8,8,3,2,4,2,1
能够,,1,6,1,1,2,3,2,1
这个,,5,4,2,2,3,2,2,1
一贯,,2,,1,,1,2,2,1
22,,,,,,2,1,2,1
政治,,,1,,,1,1,2,1
宣布,,,3,1,,3,,2,1
比如,,2,,1,4,2,,2,1
创业园,,1,1,,,2,,2,1
机制,,2,5,4,1,1,,2,1
由于,,1,1,,1,1,,2,1
做好,,,2,3,,1,,2,1
启动,,,1,2,,1,,2,1
交流活动,,,1,1,,1,,2,1
直接,,1,,1,,1,,2,1
综合,,1,1,,,1,,2,1
利好,,1,,,,1,,2,1
工商界,,,,,,1,,2,1
今天,,,,,,1,,2,1
多年,,,1,1,2,,,2,1
过去,,,1,,2,,,2,1
中小,,1,1,1,1,,,2,1
指导,,,,2,,,,2,1
省区市,,,,1,,,,2,1
致力于,,,,1,,,,2,1
承接,,,1,,,,,2,1
2017,,,,,,,,2,1
300,,,,,,,,2,1
400,,,,,,,,2,1
表明,,,,,,,,2,1
出行,,,,,,,,2,1
担当,,,,,,,,2,1
当局,,,,,,,,2,1
发改委,,,,,,,,2,1
分裂,,,,,,,,2,1
劳务,,,,,,,,2,1
民航,,,,,,,,2,1
年来,,,,,,,,2,1
前来,,,,,,,,2,1
先行者,,,,,,,,2,1
显著,,,,,,,,2,1
海峡,,2,4,,1,3,3,1,1
清单,,1,,,,,3,1,1
现在,,3,2,3,,1,2,1,1
陈德铭,,,,,,4,1,1,1
双赢,,,,,2,2,1,1,1
在内,,1,1,1,,2,1,1,1
23,,,,2,,1,1,1,1
安排,,4,1,1,,1,1,1,1
制定,,,2,,,1,1,1,1
不少,,1,2,1,1,,1,1,1
四川,,,,4,,,1,1,1
出现,,,1,2,,,1,1,1
责任,,1,,,,,1,1,1
沿线,,,,,,,1,1,1
认为,,,,,3,2,,1,1
具有,,1,2,1,2,1,,1,1
最大,,4,,3,1,1,,1,1
针对,,2,,2,1,1,,1,1
往来,,,,1,1,1,,1,1
事业,,,,1,1,1,,1,1
主题,,,1,,1,1,,1,1
各种,,3,2,2,,1,,1,1
看到,,1,1,1,,1,,1,1
辅导,,,,1,,1,,1,1
切身利益,,,,1,,1,,1,1
受损,,,,1,,1,,1,1
围绕,,,,1,,1,,1,1
一如既往,,,2,,,1,,1,1
年底,,,1,,,1,,1,1
27,,,,,,1,,1,1
本次,,,,,,1,,1,1
期待,,,,,,1,,1,1
群体,,,,,,1,,1,1
深度,,,,,,1,,1,1
案件,,2,4,2,2,,,1,1
中华,,,,,2,,,1,1
行动,,,1,3,1,,,1,1
关切,,1,2,2,1,,,1,1
渠道,,2,1,1,1,,,1,1
设置,,,,1,1,,,1,1
食品,,,,1,1,,,1,1
截至,,,1,,1,,,1,1
岛内,,3,,,1,,,1,1
一视同仁,,1,,,1,,,1,1
年会,,,,,1,,,1,1
费用,,,,,1,,,1,1
真诚,,,,,1,,,1,1
集中,,3,5,3,,,,1,1
协调,,8,3,2,,,,1,1
扩大开放,,,,2,,,,1,1
贸易额,,,,2,,,,1,1
试点,,,1,1,,,,1,1
其他,,3,,1,,,,1,1
1200,,,,1,,,,1,1
共赢,,,,1,,,,1,1
捐款,,,,1,,,,1,1
捐款捐物,,,,1,,,,1,1
突破,,,,1,,,,1,1
推介,,,,1,,,,1,1
一道,,,,1,,,,1,1
江西省,,,3,,,,,1,1
绿色通道,,1,2,,,,,1,1
拓宽,,1,2,,,,,1,1
加工,,,1,,,,,1,1
加紧,,,1,,,,,1,1
开发,,,1,,,,,1,1
执业,,,1,,,,,1,1
检测,,1,,,,,,1,1
现状,,1,,,,,,1,1
舆论,,1,,,,,,1,1
早日,,1,,,,,,1,1
致以,,,,,,,,1,1
密切,,,,,,,,1,1
新一轮,,,,,,,,1,1
报业,,,,,,,,1,1
产业布局,,,,,,,,1,1
乘坐,,,,,,,,1,1
打破,,,,,,,,1,1
得益于,,,,,,,,1,1
东北,,,,,,,,1,1
丰硕成果,,,,,,,,1,1
辐射,,,,,,,,1,1
故事,,,,,,,,1,1
获益者,,,,,,,,1,1
急需,,,,,,,,1,1
加计,,,,,,,,1,1
检验,,,,,,,,1,1
检疫,,,,,,,,1,1
见证,,,,,,,,1,1
角色,,,,,,,,1,1
接受,,,,,,,,1,1
科技成果,,,,,,,,1,1
扣除,,,,,,,,1,1
旗帜鲜明,,,,,,,,1,1
企为,,,,,,,,1,1
强劲,,,,,,,,1,1
入学,,,,,,,,1,1
外商投资,,,,,,,,1,1
外资企业,,,,,,,,1,1
王屏生,,,,,,,,1,1
现代农业,,,,,,,,1,1
协同,,,,,,,,1,1
一张,,,,,,,,1,1
殷切期望,,,,,,,,1,1
优秀,,,,,,,,1,1
载体,,,,,,,,1,1
责任感,,,,,,,,1,1
展区,,,,,,,,1,1
着眼,,,,,,,,1,1
整体利益,,,,,,,,1,1
之一,,,,,,,,1,1
重量级,,,,,,,,1,1
抓住,,,,,,,,1,1
总经理,,,,,,,,1,1
改变,,,,,1,5,3,,1
具体,,3,3,,2,2,2,,1
非常,,2,4,,1,1,2,,1
特色,,,1,,,2,1,,1
而且,,1,,,2,1,1,,1
合同,,1,,,,1,1,,1
16,,,,,,1,1,,1
多位,,,,,,1,1,,1
接下来,,,,,,1,1,,1
意愿,,,,,1,,1,,1
预计,,,,,1,,1,,1
实行,,2,,2,,,1,,1
手续,,,1,1,,,1,,1
消息,,,,1,,,1,,1
高度,,,,,,,1,,1
所谓,,,,,,,1,,1
演讲,,,,,,,1,,1
英文,,,,,,,1,,1
主动,,,,,,,1,,1
定心丸,,,,,,4,,,1
台北,,,3,2,,3,,,1
反映,,3,1,1,,3,,,1
监管,,1,,1,,3,,,1
领导,,,,,,3,,,1
公布,,,,,3,2,,,1
两会,,1,3,,1,2,,,1
遇到,,1,3,1,,2,,,1
改善,,,1,,,2,,,1
春节前夕,,,,,,2,,,1
大潮,,,,,,2,,,1
就学,,,,,,2,,,1
三个,,,,,,2,,,1
收获,,,,,,2,,,1
要素,,,,,,2,,,1
因为,,4,3,,5,1,,,1
品牌,,4,2,,2,1,,,1
先生,,,,3,1,1,,,1
得到,,,1,1,1,1,,,1
商品,,,,,1,1,,,1
深化改革,,,,4,,1,,,1
困难,,10,5,3,,1,,,1
探讨,,,2,3,,1,,,1
湖北,,,,2,,1,,,1
各界人士,,1,,1,,1,,,1
高层,,,,1,,1,,,1
意见建议,,,,1,,1,,,1
事情,,2,2,,,1,,,1
相对,,,2,,,1,,,1
立场,,1,1,,,1,,,1
第一,,,1,,,1,,,1
市长,,,1,,,1,,,1
几天,,1,,,,1,,,1
学校,,1,,,,1,,,1
压力,,1,,,,1,,,1
有助于,,1,,,,1,,,1
家台,,,,,,1,,,1
42,,,,,,1,,,1
比照,,,,,,1,,,1
毕业生,,,,,,1,,,1
参会,,,,,,1,,,1
吃了,,,,,,1,,,1
的确,,,,,,1,,,1
高效,,,,,,1,,,1
华南,,,,,,1,,,1
联盟,,,,,,1,,,1
南京市,,,,,,1,,,1
认真落实,,,,,,1,,,1
陕西,,,,,,1,,,1
设在,,,,,,1,,,1
文件,,,,,,1,,,1
中关村,,,,,,1,,,1
总额,,,,,,1,,,1
考虑,,1,4,2,2,,,,1
法治,,,,,2,,,,1
接触,,,,,2,,,,1
趋势,,,,,2,,,,1
网站,,,,,2,,,,1
海关,,1,,5,1,,,,1
面临,,5,3,4,1,,,,1
正常,,,3,1,1,,,,1
正式,,1,1,1,1,,,,1
据统计,,1,,1,1,,,,1
调查,,,,1,1,,,,1
各方,,,2,,1,,,,1
刚才,,4,1,,1,,,,1
多种,,,1,,1,,,,1
航班,,1,,,1,,,,1
区内,,1,,,1,,,,1
80,,,,,1,,,,1
博鳌,,,,,1,,,,1
不如,,,,,1,,,,1
调解,,,,,1,,,,1
年前,,,,,1,,,,1
试验,,,,,1,,,,1
新举措,,,,,1,,,,1
一样,,,,,1,,,,1
印象,,,,,1,,,,1
总结,,,,,1,,,,1
来看,,,,3,,,,,1
新增,,,,3,,,,,1
第三,,,2,2,,,,,1
事宜,,,2,2,,,,,1
采取措施,,2,1,2,,,,,1
地震,,,,2,,,,,1
河北,,,,2,,,,,1
应对,,,3,1,,,,,1
机场,,,2,1,,,,,1
克服困难,,,2,1,,,,,1
合法,,,1,1,,,,,1
报告,,,1,1,,,,,1
渡过难关,,,1,1,,,,,1
列入,,,1,1,,,,,1
虽然,,,1,1,,,,,1
有力,,,1,1,,,,,1
1600,,,,1,,,,,1
安家,,,,1,,,,,1
表达,,,,1,,,,,1
此行,,,,1,,,,,1
工厂,,,,1,,,,,1
家属,,,,1,,,,,1
紧张,,,,1,,,,,1
经常性,,,,1,,,,,1
救援,,,,1,,,,,1
老人,,,,1,,,,,1
名单,,,,1,,,,,1
踊跃,,,,1,,,,,1
中新社,,,,1,,,,,1
开办,,,5,,,,,,1
海基会,,,3,,,,,,1
比较,,4,2,,,,,,1
产生,,,2,,,,,,1
鲁台,,,2,,,,,,1
善意,,3,1,,,,,,1
个人,,1,1,,,,,,1
洽商,,1,1,,,,,,1
一向,,1,1,,,,,,1
允许,,1,1,,,,,,1
33,,,1,,,,,,1
35,,,1,,,,,,1
采访,,,1,,,,,,1
传媒,,,1,,,,,,1
代表团,,,1,,,,,,1
定期,,,1,,,,,,1
技术创新,,,1,,,,,,1
既有,,,1,,,,,,1
来说,,,1,,,,,,1
强化,,,1,,,,,,1
容易,,,1,,,,,,1
税率,,,1,,,,,,1
台北市,,,1,,,,,,1
探索,,,1,,,,,,1
文化产业,,,1,,,,,,1
乡村,,,1,,,,,,1
研究院,,,1,,,,,,1
一同,,,1,,,,,,1
增设,,,1,,,,,,1
释放,,3,,,,,,,1
特殊,,3,,,,,,,1
合资,,2,,,,,,,1
全力,,2,,,,,,,1
本地,,1,,,,,,,1
超出,,1,,,,,,,1
调处,,1,,,,,,,1
多方面,,1,,,,,,,1
发行,,1,,,,,,,1
赋予,,1,,,,,,,1
跟进,,1,,,,,,,1
国务院台湾事务办公室,,1,,,,,,,1
解决办法,,1,,,,,,,1
聚焦,,1,,,,,,,1
考验,,1,,,,,,,1
来自,,1,,,,,,,1
劳资纠纷,,1,,,,,,,1
类型,,1,,,,,,,1
农历,,1,,,,,,,1
下属,,1,,,,,,,1
销往,,1,,,,,,,1
寻求,,1,,,,,,,1
一般,,1,,,,,,,1
债券,,1,,,,,,,1
折合,,1,,,,,,,1
征收,,1,,,,,,,1
中美,,1,,,,,,,1
师生,,,,,,,,,1
人数,,,,,,,,,1
重要讲话,,,,,,,,,1
个人所得税法,,,,,,,,,1
供应链,,,,,,,,,1
居住证,,,,,,,,,1
热门,,,,,,,,,1
体会,,,,,,,,,1
条例,,,,,,,,,1
诸多,,,,,,,,,1
1,,,,,,,,,1
1.5,,,,,,,,,1
1.55,,,,,,,,,1
11,,,,,,,,,1
1300,,,,,,,,,1
1303,,,,,,,,,1
135,,,,,,,,,1
1500,,,,,,,,,1
176,,,,,,,,,1
18.6,,,,,,,,,1
1830,,,,,,,,,1
1900,,,,,,,,,1
1998,,,,,,,,,1
2,,,,,,,,,1
2.26,,,,,,,,,1
2068,,,,,,,,,1
2087.5,,,,,,,,,1
2307.5,,,,,,,,,1
3,,,,,,,,,1
3000,,,,,,,,,1
31,,,,,,,,,1
32.2,,,,,,,,,1
320,,,,,,,,,1
34.7,,,,,,,,,1
37,,,,,,,,,1
3764,,,,,,,,,1
39,,,,,,,,,1
4,,,,,,,,,1
4.6,,,,,,,,,1
4000,,,,,,,,,1
41,,,,,,,,,1
4600,,,,,,,,,1
5,,,,,,,,,1
582,,,,,,,,,1
6,,,,,,,,,1
7,,,,,,,,,1
8,,,,,,,,,1
83,,,,,,,,,1
8303,,,,,,,,,1
9,,,,,,,,,1
9000,,,,,,,,,1
950,,,,,,,,,1
9500,,,,,,,,,1
爱心,,,,,,,,,1
安徽,,,,,,,,,1
按揭,,,,,,,,,1
昂扬,,,,,,,,,1
熬制,,,,,,,,,1
百万,,,,,,,,,1
百余名,,,,,,,,,1
颁发,,,,,,,,,1
办厂,,,,,,,,,1
办事,,,,,,,,,1
保护主义,,,,,,,,,1
报复,,,,,,,,,1
报考,,,,,,,,,1
报名,,,,,,,,,1
报社,,,,,,,,,1
北上,,,,,,,,,1
背离,,,,,,,,,1
本地化,,,,,,,,,1
本省,,,,,,,,,1
必然,,,,,,,,,1
变局,,,,,,,,,1
表示悲痛,,,,,,,,,1
并购,,,,,,,,,1
并会,,,,,,,,,1
波兰,,,,,,,,,1
博士,,,,,,,,,1
补等,,,,,,,,,1
不得人心,,,,,,,,,1
不减,,,,,,,,,1
不舍,,,,,,,,,1
不惜,,,,,,,,,1
不幸,,,,,,,,,1
不予,,,,,,,,,1
部长,,,,,,,,,1
才能,,,,,,,,,1
财务,,,,,,,,,1
财政部门,,,,,,,,,1
采信,,,,,,,,,1
参照,,,,,,,,,1
产品目录,,,,,,,,,1
产业政策,,,,,,,,,1
阐明,,,,,,,,,1
场地,,,,,,,,,1
场所,,,,,,,,,1
场租,,,,,,,,,1
畅谈,,,,,,,,,1
称赞,,,,,,,,,1
成交价,,,,,,,,,1
诚意,,,,,,,,,1
池塘,,,,,,,,,1
持卡,,,,,,,,,1
持续增长,,,,,,,,,1
充分考虑,,,,,,,,,1
充满,,,,,,,,,1
充满希望,,,,,,,,,1
重庆市,,,,,,,,,1
出发点,,,,,,,,,1
初创期,,,,,,,,,1
除此之外,,,,,,,,,1
畜牧,,,,,,,,,1
传播,,,,,,,,,1
创业项目,,,,,,,,,1
辞世,,,,,,,,,1
促进派,,,,,,,,,1
大部分,,,,,,,,,1
大陆航空公司,,,,,,,,,1
大批,,,,,,,,,1
大是大非,,,,,,,,,1
大湾,,,,,,,,,1
单边主义,,,,,,,,,1
担任,,,,,,,,,1
弹性,,,,,,,,,1
当成,,,,,,,,,1
当天,,,,,,,,,1
岛外,,,,,,,,,1
到位,,,,,,,,,1
到资,,,,,,,,,1
德丰,,,,,,,,,1
德阳,,,,,,,,,1
的一,,,,,,,,,1
灯光,,,,,,,,,1
登云,,,,,,,,,1
等别,,,,,,,,,1
等同于,,,,,,,,,1
底价,,,,,,,,,1
第三方,,,,,,,,,1
典型,,,,,,,,,1
电厂,,,,,,,,,1
电机,,,,,,,,,1
电站,,,,,,,,,1
电子信息,,,,,,,,,1
调解员,,,,,,,,,1
顶尖,,,,,,,,,1
定制,,,,,,,,,1
东亚,,,,,,,,,1
都江堰,,,,,,,,,1
独立,,,,,,,,,1
对经,,,,,,,,,1
对来宁,,,,,,,,,1
对外部,,,,,,,,,1
兑现,,,,,,,,,1
多倍,,,,,,,,,1
多层面,,,,,,,,,1
多地,,,,,,,,,1
多有,,,,,,,,,1
多元化,,,,,,,,,1
多月,,,,,,,,,1
二三十万元,,,,,,,,,1
二线,,,,,,,,,1
法官,,,,,,,,,1
法律咨询,,,,,,,,,1
法人,,,,,,,,,1
反补贴,,,,,,,,,1
反倾销,,,,,,,,,1
反制,,,,,,,,,1
方便,,,,,,,,,1
房屋,,,,,,,,,1
非常适合,,,,,,,,,1
分成,,,,,,,,,1
奋斗,,,,,,,,,1
丰硕,,,,,,,,,1
风云变幻,,,,,,,,,1
服务措施,,,,,,,,,1
服务站,,,,,,,,,1
符合规定,,,,,,,,,1
符合要求,,,,,,,,,1
福建日报,,,,,,,,,1
妇慈会,,,,,,,,,1
妇代会,,,,,,,,,1
覆盖,,,,,,,,,1
该团,,,,,,,,,1
该项,,,,,,,,,1
改进,,,,,,,,,1
概括,,,,,,,,,1
甘肃,,,,,,,,,1
感慨,,,,,,,,,1
钢铁,,,,,,,,,1
岗位补贴,,,,,,,,,1
港口,,,,,,,,,1
高地,,,,,,,,,1
高金素梅,,,,,,,,,1
高科技,,,,,,,,,1
高起点,,,,,,,,,1
高水平,,,,,,,,,1
搞好,,,,,,,,,1
各个领域,,,,,,,,,1
根本利益,,,,,,,,,1
更快,,,,,,,,,1
工商户,,,,,,,,,1
工学院,,,,,,,,,1
公告,,,,,,,,,1
公积金,,,,,,,,,1
公寓,,,,,,,,,1
功不可没,,,,,,,,,1
功能,,,,,,,,,1
供给,,,,,,,,,1
供应,,,,,,,,,1
共存,,,,,,,,,1
共担,,,,,,,,,1
共推,,,,,,,,,1
贡献力量,,,,,,,,,1
鼓励类,,,,,,,,,1
顾问,,,,,,,,,1
挂钩,,,,,,,,,1
观众,,,,,,,,,1
冠捷,,,,,,,,,1
光荣,,,,,,,,,1
广电,,,,,,,,,1
广东省政府,,,,,,,,,1
广阔天地,,,,,,,,,1
广州市,,,,,,,,,1
国际局势,,,,,,,,,1
国际性,,,,,,,,,1
国家级,,,,,,,,,1
国有资本,,,,,,,,,1
果实,,,,,,,,,1
过度,,,,,,,,,1
海洋,,,,,,,,,1
航线,,,,,,,,,1
毫不相干,,,,,,,,,1
好评,,,,,,,,,1
合理化,,,,,,,,,1
合作金库,,,,,,,,,1
合作项目,,,,,,,,,1
核心思想,,,,,,,,,1
黑龙江省,,,,,,,,,1
红旗,,,,,,,,,1
湖北省,,,,,,,,,1
互认,,,,,,,,,1
花莲,,,,,,,,,1
花莲县,,,,,,,,,1
华工,,,,,,,,,1
华佳彩,,,,,,,,,1
淮安市,,,,,,,,,1
换人,,,,,,,,,1
焕然一新,,,,,,,,,1
欢度,,,,,,,,,1
回馈,,,,,,,,,1
会场,,,,,,,,,1
会计,,,,,,,,,1
活跃,,,,,,,,,1
机动车,,,,,,,,,1
机器,,,,,,,,,1
机械,,,,,,,,,1
机械工业,,,,,,,,,1
机与,,,,,,,,,1
迹象,,,,,,,,,1
基金项目,,,,,,,,,1
稽征,,,,,,,,,1
激励,,,,,,,,,1
集辰,,,,,,,,,1
集体,,,,,,,,,1
集约,,,,,,,,,1
记录,,,,,,,,,1
技改,,,,,,,,,1
技术含量,,,,,,,,,1
寄语,,,,,,,,,1
加工区,,,,,,,,,1
价格,,,,,,,,,1
驾驶证,,,,,,,,,1
监督员,,,,,,,,,1
减按,,,,,,,,,1
减免税,,,,,,,,,1
减收,,,,,,,,,1
简称,,,,,,,,,1
简体字,,,,,,,,,1
见了面,,,,,,,,,1
践行,,,,,,,,,1
奖金,,,,,,,,,1
奖项,,,,,,,,,1
奖学金,,,,,,,,,1
奖章,,,,,,,,,1
奖助学金,,,,,,,,,1
奖状,,,,,,,,,1
降低生产,,,,,,,,,1
交融,,,,,,,,,1
交通工具,,,,,,,,,1
交通卡,,,,,,,,,1
交易,,,,,,,,,1
交易中心,,,,,,,,,1
矫正,,,,,,,,,1
较往年,,,,,,,,,1
教学,,,,,,,,,1
阶段,,,,,,,,,1
接单,,,,,,,,,1
接过,,,,,,,,,1
接近,,,,,,,,,1
结出,,,,,,,,,1
结构性,,,,,,,,,1
结果,,,,,,,,,1
界限,,,,,,,,,1
金融业,,,,,,,,,1
近百名,,,,,,,,,1
近百人,,,,,,,,,1
近半年,,,,,,,,,1
近水楼台先得月,,,,,,,,,1
近些年,,,,,,,,,1
进口商品,,,,,,,,,1
进取,,,,,,,,,1
经历,,,,,,,,,1
经商,,,,,,,,,1
经受,,,,,,,,,1
经纬,,,,,,,,,1
经验丰富,,,,,,,,,1
经营范围,,,,,,,,,1
精神家园,,,,,,,,,1
精神面貌,,,,,,,,,1
精致,,,,,,,,,1
警惕,,,,,,,,,1
就业网,,,,,,,,,1
巨人,,,,,,,,,1
拒绝,,,,,,,,,1
具备,,,,,,,,,1
具体安排,,,,,,,,,1
具体办法,,,,,,,,,1
聚集,,,,,,,,,1
聚集区,,,,,,,,,1
决心,,,,,,,,,1
开工,,,,,,,,,1
开幕式,,,,,,,,,1
开展业务,,,,,,,,,1
科研,,,,,,,,,1
可喜,,,,,,,,,1
可向,,,,,,,,,1
客家,,,,,,,,,1
快捷,,,,,,,,,1
快速路,,,,,,,,,1
款台,,,,,,,,,1
狂风骤雨,,,,,,,,,1
腊八粥,,,,,,,,,1
腊月初,,,,,,,,,1
来桂,,,,,,,,,1
来昆,,,,,,,,,1
来宁,,,,,,,,,1
来宁的,,,,,,,,,1
来苏,,,,,,,,,1
来穗,,,,,,,,,1
老年,,,,,,,,,1
了吗,,,,,,,,,1
立场坚定,,,,,,,,,1
李政宏,,,,,,,,,1
连接线,,,,,,,,,1
莲雾,,,,,,,,,1
联合推出,,,,,,,,,1
联络员,,,,,,,,,1
两家,,,,,,,,,1
两件,,,,,,,,,1
量身,,,,,,,,,1
疗养,,,,,,,,,1
领取,,,,,,,,,1
另据,,,,,,,,,1
流程,,,,,,,,,1
六丰,,,,,,,,,1
笼罩,,,,,,,,,1
绿卡,,,,,,,,,1
旅客,,,,,,,,,1
旅行,,,,,,,,,1
落脚点,,,,,,,,,1
落幕,,,,,,,,,1
迈上,,,,,,,,,1
贸易战,,,,,,,,,1
每人,,,,,,,,,1
绵阳,,,,,,,,,1
面试,,,,,,,,,1
民意代表,,,,,,,,,1
民族大义,,,,,,,,,1
名城,,,,,,,,,1
名额,,,,,,,,,1
名片,,,,,,,,,1
目的地,,,,,,,,,1
那些,,,,,,,,,1
纳税人,,,,,,,,,1
奶牛,,,,,,,,,1
南沙,,,,,,,,,1
内河,,,,,,,,,1
内蒙古自治区,,,,,,,,,1
能量,,,,,,,,,1
逆势上涨,,,,,,,,,1
年度,,,,,,,,,1
年货,,,,,,,,,1
年期,,,,,,,,,1
宁可,,,,,,,,,1
农林,,,,,,,,,1
女士,,,,,,,,,1
女同胞,,,,,,,,,1
欧晋德,,,,,,,,,1
配合,,,,,,,,,1
蓬勃发展,,,,,,,,,1
片区,,,,,,,,,1
聘任,,,,,,,,,1
评定,,,,,,,,,1
评审,,,,,,,,,1
评选,,,,,,,,,1
评选活动,,,,,,,,,1
破坏,,,,,,,,,1
普惠性,,,,,,,,,1
普通高中,,,,,,,,,1
期望,,,,,,,,,1
企对,,,,,,,,,1
企可,,,,,,,,,1
企联及,,,,,,,,,1
企事业,,,,,,,,,1
企向,,,,,,,,,1
企在厦,,,,,,,,,1
启动资金,,,,,,,,,1
启用,,,,,,,,,1
起草,,,,,,,,,1
起来,,,,,,,,,1
汽车,,,,,,,,,1
契合,,,,,,,,,1
恰逢,,,,,,,,,1
千家,,,,,,,,,1
千万,,,,,,,,,1
牵头,,,,,,,,,1
前期,,,,,,,,,1
前所未有,,,,,,,,,1
前途,,,,,,,,,1
切身,,,,,,,,,1
亲情,,,,,,,,,1
亲人,,,,,,,,,1
青创,,,,,,,,,1
青创杯,,,,,,,,,1
青来,,,,,,,,,1
青年教师,,,,,,,,,1
青少年,,,,,,,,,1
清福,,,,,,,,,1
驱动,,,,,,,,,1
趋于,,,,,,,,,1
取向,,,,,,,,,1
全额,,,,,,,,,1
群策群力,,,,,,,,,1
燃煤,,,,,,,,,1
热点问题,,,,,,,,,1
人才交流,,,,,,,,,1
人道,,,,,,,,,1
人工智能,,,,,,,,,1
人民陪审员,,,,,,,,,1
人民银行,,,,,,,,,1
人事,,,,,,,,,1
人质,,,,,,,,,1
认可,,,,,,,,,1
认清,,,,,,,,,1
任职,,,,,,,,,1
容量,,,,,,,,,1
肉牛,,,,,,,,,1
如今,,,,,,,,,1
三八红旗手,,,,,,,,,1
三板,,,,,,,,,1
三代,,,,,,,,,1
三季度,,,,,,,,,1
三十多年,,,,,,,,,1
三所,,,,,,,,,1
厦门大学,,,,,,,,,1
筛选,,,,,,,,,1
善加,,,,,,,,,1
善尽,,,,,,,,,1
上门,,,,,,,,,1
设施,,,,,,,,,1
社保,,,,,,,,,1
社会保险,,,,,,,,,1
社情民意,,,,,,,,,1
申办,,,,,,,,,1
深深,,,,,,,,,1
深受,,,,,,,,,1
甚至,,,,,,,,,1
生活馆,,,,,,,,,1
生来,,,,,,,,,1
生意,,,,,,,,,1
生猪,,,,,,,,,1
盛况,,,,,,,,,1
师范学院,,,,,,,,,1
十大,,,,,,,,,1
十九,,,,,,,,,1
十一项,,,,,,,,,1
时刻,,,,,,,,,1
时说,,,,,,,,,1
时向,,,,,,,,,1
实践,,,,,,,,,1
实践者,,,,,,,,,1
实体,,,,,,,,,1
实效,,,,,,,,,1
食材,,,,,,,,,1
市场潜力,,,,,,,,,1
市级,,,,,,,,,1
事务部,,,,,,,,,1
试飞,,,,,,,,,1
适应,,,,,,,,,1
受聘,,,,,,,,,1
受灾地区,,,,,,,,,1
授予,,,,,,,,,1
书上,,,,,,,,,1
书写,,,,,,,,,1
数百家,,,,,,,,,1
数量,,,,,,,,,1
数字化,,,,,,,,,1
率队,,,,,,,,,1
水利工程,,,,,,,,,1
税务,,,,,,,,,1
顺差,,,,,,,,,1
顺势,,,,,,,,,1
送上,,,,,,,,,1
苏北,,,,,,,,,1
所见所闻,,,,,,,,,1
台当局,,,,,,,,,1
台干,,,,,,,,,1
台海,,,,,,,,,1
提及,,,,,,,,,1
提质,,,,,,,,,1
体察,,,,,,,,,1
体检,,,,,,,,,1
天津市,,,,,,,,,1
通道,,,,,,,,,1
统一大业,,,,,,,,,1
投资额,,,,,,,,,1
投资规模,,,,,,,,,1
图谋,,,,,,,,,1
涂鸦,,,,,,,,,1
团聚,,,,,,,,,1
推行,,,,,,,,,1
退还,,,,,,,,,1
托管,,,,,,,,,1
脱颖而出,,,,,,,,,1
万台,,,,,,,,,1
万余,,,,,,,,,1
网络化,,,,,,,,,1
危害,,,,,,,,,1
潍坊市,,,,,,,,,1
为台,,,,,,,,,1
文化学术,,,,,,,,,1
文体,,,,,,,,,1
文艺,,,,,,,,,1
文艺工作者,,,,,,,,,1
问及,,,,,,,,,1
握手,,,,,,,,,1
无理,,,,,,,,,1
无论是,,,,,,,,,1
五年,,,,,,,,,1
五四,,,,,,,,,1
五一劳动,,,,,,,,,1
五一劳动奖章,,,,,,,,,1
五周年,,,,,,,,,1
吸收,,,,,,,,,1
悉心,,,,,,,,,1
系统升级,,,,,,,,,1
西湖,,,,,,,,,1
先进,,,,,,,,,1
鲜明,,,,,,,,,1
显示器,,,,,,,,,1
现有,,,,,,,,,1
线上,,,,,,,,,1
享尽,,,,,,,,,1
项目数,,,,,,,,,1
小微,,,,,,,,,1
孝亲,,,,,,,,,1
效益,,,,,,,,,1
效应,,,,,,,,,1
心灵,,,,,,,,,1
新春佳节,,,,,,,,,1
新进展,,,,,,,,,1
新台阶,,,,,,,,,1
新兴,,,,,,,,,1
新一代,,,,,,,,,1
信息产业,,,,,,,,,1
信息技术,,,,,,,,,1
信息系统,,,,,,,,,1
信用卡,,,,,,,,,1
行径,,,,,,,,,1
行业类别,,,,,,,,,1
行医,,,,,,,,,1
形式,,,,,,,,,1
形式多样,,,,,,,,,1
宣示,,,,,,,,,1
学院,,,,,,,,,1
循环,,,,,,,,,1
亚洲,,,,,,,,,1
研修,,,,,,,,,1
演艺,,,,,,,,,1
养殖,,,,,,,,,1
叶惠德,,,,,,,,,1
一步步,,,,,,,,,1
一二三,,,,,,,,,1
一副,,,,,,,,,1
一国两制,,,,,,,,,1
一句,,,,,,,,,1
一片,,,,,,,,,1
一起,,,,,,,,,1
一是,,,,,,,,,1
一套,,,,,,,,,1
一体化,,,,,,,,,1
一在京,,,,,,,,,1
一站式,,,,,,,,,1
医疗卫生,,,,,,,,,1
依存度,,,,,,,,,1
已满,,,,,,,,,1
已于,,,,,,,,,1
以点带面,,,,,,,,,1
义务教育,,,,,,,,,1
阴霾,,,,,,,,,1
银行贷款,,,,,,,,,1
应当,,,,,,,,,1
应用,,,,,,,,,1
营业,,,,,,,,,1
营业执照,,,,,,,,,1
营运,,,,,,,,,1
影视,,,,,,,,,1
影视节目,,,,,,,,,1
影视剧,,,,,,,,,1
影响力,,,,,,,,,1
用电,,,,,,,,,1
用水,,,,,,,,,1
攸关,,,,,,,,,1
忧心忡忡,,,,,,,,,1
由衷,,,,,,,,,1
游客,,,,,,,,,1
有益,,,,,,,,,1
幼教,,,,,,,,,1
友嘉,,,,,,,,,1
预期,,,,,,,,,1
圆满,,,,,,,,,1
圆梦,,,,,,,,,1
援建,,,,,,,,,1
源头,,,,,,,,,1
院团,,,,,,,,,1
粤港澳,,,,,,,,,1
粤台,,,,,,,,,1
运力,,,,,,,,,1
运往,,,,,,,,,1
运营,,,,,,,,,1
再现,,,,,,,,,1
增效,,,,,,,,,1
展望,,,,,,,,,1
彰化,,,,,,,,,1
彰显,,,,,,,,,1
长傅,,,,,,,,,1
长三角,,,,,,,,,1
招聘会,,,,,,,,,1
招聘网,,,,,,,,,1
照护,,,,,,,,,1
这里,,,,,,,,,1
浙江大学,,,,,,,,,1
着重,,,,,,,,,1
真情,,,,,,,,,1
真实,,,,,,,,,1
诊所,,,,,,,,,1
振兴,,,,,,,,,1
征才,,,,,,,,,1
整治,,,,,,,,,1
正有,,,,,,,,,1
政务,,,,,,,,,1
之大,,,,,,,,,1
之多,,,,,,,,,1
之广,,,,,,,,,1
支柱产业,,,,,,,,,1
知名人士,,,,,,,,,1
执政,,,,,,,,,1
直接参与,,,,,,,,,1
职称,,,,,,,,,1
职能,,,,,,,,,1
职业,,,,,,,,,1
职业技能,,,,,,,,,1
制品,,,,,,,,,1
制造业,,,,,,,,,1
质押,,,,,,,,,1
致使,,,,,,,,,1
智能化,,,,,,,,,1
置业,,,,,,,,,1
中标者,,,,,,,,,1
中环,,,,,,,,,1
中蒙,,,,,,,,,1
中小学,,,,,,,,,1
中央组织部,,,,,,,,,1
钟升,,,,,,,,,1
种植,,,,,,,,,1
众创,,,,,,,,,1
重点项目,,,,,,,,,1
重组,,,,,,,,,1
周继祥,,,,,,,,,1
逐一,,,,,,,,,1
主板,,,,,,,,,1
主旨,,,,,,,,,1
助理,,,,,,,,,1
助推,,,,,,,,,1
专场,,,,,,,,,1
专技,,,,,,,,,1
专利技术,,,,,,,,,1
专项经费,,,,,,,,,1
装备,,,,,,,,,1
追求,,,,,,,,,1
准考证,,,,,,,,,1
资额,,,,,,,,,1
资格证,,,,,,,,,1
资格证书,,,,,,,,,1
资信,,,,,,,,,1
自有,,,,,,,,,1
宗绪,,,,,,,,,1
宗绪惠,,,,,,,,,1
综合奖,,,,,,,,,1
走过,,,,,,,,,1
走近,,,,,,,,,1
走廊,,,,,,,,,1
走势,,,,,,,,,1
租让,,,,,,,,,1
最低价,,,,,,,,,1
最好,,,,,,,,,1
最长,,,,,,,,,1
左右,,,,,,,,,1
做到,,,,,,,,,1
M503,,,,,,,,,1
PPP,,,,,,,,,1
庆祝大会,,,,,,,,10,
贺信,,,,,,,,9,
俞正声,,,,,,3,1,7,
东部,,,,,,,,7,
十周年,,,,,,,,7,
国务院,,2,2,,1,3,,6,
提升,,,2,,,1,,6,
淮安,,,,,,,,6,
会员,,,,,,,,6,
外资,,,,,,,,6,
未来,,,3,,3,3,3,5,
要求,,3,,,3,2,1,5,
方向,,,1,,,3,,5,
机会,,,1,,1,2,,5,
海外,,,,,,,,5,
快车,,,,,,,,5,
指明,,,,,,,,5,
合法权益,,10,2,3,2,4,3,4,
通知,,,,,,1,2,4,
做法,,,,,1,,1,4,
增强,,,,1,,,1,4,
问候,,,,,,1,,4,
产业园,,,,,,1,,4,
成效,,,1,1,,,,4,
诚挚,,,,,,,,4,
搭乘,,,,,,,,4,
发来,,,,,,,,4,
热土,,,,,,,,4,
热心,,,,,,,,4,
施展才华,,,,,,,,4,
云南,,,,,,,,4,
之际,,,,,,,,4,
一直,,4,4,6,3,2,1,3,
举行,,1,,2,,2,1,3,
交往,,,,,,1,1,3,
新形势下,,,3,,,,1,3,
会同,,1,1,2,,3,,3,
政策措施,,1,9,1,,2,,3,
发展壮大,,,,,1,1,,3,
水平,,,,,1,1,,3,
一家人,,,1,2,,1,,3,
中来,,,,1,,1,,3,
修订,,,1,,,1,,3,
大会,,1,,,,1,,3,
服务中心,,,,,,1,,3,
减少,,2,,,1,,,3,
商务部,,,1,1,,,,3,
注入,,,1,,,,,3,
科技型,,1,,,,,,3,
组成,,1,,,,,,3,
安居,,,,,,,,3,
地域,,,,,,,,3,
发掘,,,,,,,,3,
坚定信心,,,,,,,,3,
紧密,,,,,,,,3,
妈祖,,,,,,,,3,
企联要,,,,,,,,3,
全体,,,,,,,,3,
热烈祝贺,,,,,,,,3,
商品销售,,,,,,,,3,
摄影,,,,,,,,3,
舞台,,,,,,,,3,
协和,,,,,,,,3,
寻找,,,,,,,,3,
余人,,,,,,,,3,
长江,,,,,,,,3,
中共中央,,,,,,,,3,
抓住机遇,,,,,,,,3,
协议,,9,10,8,13,,7,2,
十三,,,,,,,4,2,
保护法,,,1,1,1,1,3,2,
今后,,1,1,2,1,1,2,2,
适当,,2,1,1,,,2,2,
西部,,,,,,2,1,2,
实施细则,,,1,1,1,1,1,2,
渔民,,1,,,,,1,2,
一系列,,2,2,2,1,5,,2,
提高,,,2,,1,3,,2,
能力,,,,,,2,,2,
尤其,,1,,1,1,1,,2,
长期以来,,1,,1,1,1,,2,
联系,,,,1,1,1,,2,
民进党,,2,,,1,1,,2,
形成,,,1,,,1,,2,
导致,,1,,,,1,,2,
科技园,,,,,,1,,2,
依然,,,,,,1,,2,
肯定,,,,1,2,,,2,
基本,,,,1,1,,,2,
首先,,,,1,1,,,2,
月初,,,1,,1,,,2,
限制,,,,,1,,,2,
充分,,,1,2,,,,2,
台协,,1,,2,,,,2,
强烈,,,,2,,,,2,
基金会,,,1,1,,,,2,
事业单位,,,,1,,,,2,
竞争力,,,1,,,,,2,
上个月,,,1,,,,,2,
直通,,,1,,,,,2,
53,,,,,,,,2,
抱负,,,,,,,,2,
倡议,,,,,,,,2,
成就展,,,,,,,,2,
承认,,,,,,,,2,
崇左,,,,,,,,2,
崇左市,,,,,,,,2,
从无到有,,,,,,,,2,
大政方针,,,,,,,,2,
东盟,,,,,,,,2,
发扬,,,,,,,,2,
非营利性,,,,,,,,2,
敢为人先,,,,,,,,2,
割舍,,,,,,,,2,
更为,,,,,,,,2,
共同体,,,,,,,,2,
国家旅游局,,,,,,,,2,
海峡两岸关系协会,,,,,,,,2,
弘扬,,,,,,,,2,
淮河,,,,,,,,2,
技术升级,,,,,,,,2,
嘉宾,,,,,,,,2,
近两年来,,,,,,,,2,
进出口银行,,,,,,,,2,
经济带,,,,,,,,2,
李寒芳,,,,,,,,2,
律师,,,,,,,,2,
命运,,,,,,,,2,
南宁,,,,,,,,2,
南宁市,,,,,,,,2,
排忧解难,,,,,,,,2,
凭祥,,,,,,,,2,
三是,,,,,,,,2,
社科,,,,,,,,2,
深切,,,,,,,,2,
宿迁,,,,,,,,2,
通往,,,,,,,,2,
推动者,,,,,,,,2,
五个,,,,,,,,2,
一大,,,,,,,,2,
艺术馆,,,,,,,,2,
引领,,,,,,,,2,
勇于,,,,,,,,2,
住宿,,,,,,,,2,
住宿服务,,,,,,,,2,
自助,,,,,,,,2,
最后,,,,,,,,2,
不会,,,4,2,2,6,3,1,
负面,,,,,,,3,1,
近期,,3,5,,,1,2,1,
争议,,1,,,,1,2,1,
自身,,,,,,1,2,1,
备案,,,,,,,2,1,
变更,,,,,,,2,1,
全国人大常委会,,,,,,,2,1,
修正案,,,,,,,2,1,
意识,,,,,,,2,1,
印发,,,,,,,2,1,
注意,,1,,,1,2,1,1,
香港,,,1,,,2,1,1,
当前,,2,1,2,,1,1,1,
完成,,1,1,1,,1,1,1,
农产品,,9,,,,1,1,1,
加入,,,,,,1,1,1,
背景,,,1,,1,,1,1,
开始,,,1,,1,,1,1,
前往,,,2,1,,,1,1,
事项,,,,1,,,1,1,
各自,,,1,,,,1,1,
经过,,1,,,,,1,1,
定位,,,,,,,1,1,
改为,,,,,,,1,1,
难得,,,,,,,1,1,
审议,,,,,,,1,1,
以外,,,,,,,1,1,
再次,,,,,,,1,1,
创客,,,,,,4,,1,
随着,,,1,,1,3,,1,
两个,,1,3,,2,2,,1,
协商,,4,3,,,2,,1,
集成电路,,,,,,2,,1,
强调,,,,,,2,,1,
本月,,1,1,,1,1,,1,
2008,,,,,1,1,,1,
比例,,,,,1,1,,1,
近日,,1,1,3,,1,,1,
办法,,2,2,2,,1,,1,
形势,,1,1,2,,1,,1,
访问,,,1,1,,1,,1,
个省,,,,1,,1,,1,
规模,,,,1,,1,,1,
愿望,,,,1,,1,,1,
昨天,,,4,,,1,,1,
推广,,2,1,,,1,,1,
听说,,,1,,,1,,1,
网上,,,1,,,1,,1,
相继,,,1,,,1,,1,
争取,,,1,,,1,,1,
多家,,1,,,,1,,1,
详细,,1,,,,1,,1,
制度化,,1,,,,1,,1,
半导体,,,,,,1,,1,
成功,,,,,,1,,1,
反响,,,,,,1,,1,
规范,,,,,,1,,1,
联网,,,,,,1,,1,
梦想,,,,,,1,,1,
热烈,,,,,,1,,1,
同属,,,,,,1,,1,
资金额,,1,1,4,2,,,1,
这方面,,,1,,2,,,1,
只要,,,,,2,,,1,
回答,,,1,1,1,,,1,
成都,,2,,1,1,,,1,
前不久,,1,,1,1,,,1,
全年,,,,1,1,,,1,
之前,,1,1,,1,,,1,
经验,,,1,,1,,,1,
不仅,,1,,,1,,,1,
深圳,,1,,,1,,,1,
产品展销,,,,,1,,,1,
话题,,,,,1,,,1,
会上,,,,,1,,,1,
民营,,,,,1,,,1,
名品,,,,,1,,,1,
谈判,,,,,1,,,1,
兄弟,,,,,1,,,1,
展示中心,,,,,1,,,1,
旨在,,,,,1,,,1,
阻挠,,,,,1,,,1,
与会,,1,,4,,,,1,
捐赠,,,,3,,,,1,
紫金山,,,,3,,,,1,
曾培炎,,,,2,,,,1,
类别,,,,2,,,,1,
认真,,1,2,1,,,,1,
必将,,,2,1,,,,1,
沟通,,1,1,1,,,,1,
我办,,1,1,1,,,,1,
放宽,,,,1,,,,1,
鸿海,,,,1,,,,1,
精彩,,,,1,,,,1,
理解,,,,1,,,,1,
所有,,,,1,,,,1,
突出,,,,1,,,,1,
无法,,,,1,,,,1,
物资,,,,1,,,,1,
长远,,,,1,,,,1,
收费,,1,2,,,,,1,
6000,,,2,,,,,1,
面板,,,2,,,,,1,
最新,,,2,,,,,1,
缓解,,1,1,,,,,1,
事务所,,1,1,,,,,1,
成功经验,,,1,,,,,1,
代表处,,,1,,,,,1,
发出,,,1,,,,,1,
法律法规,,,1,,,,,1,
赣台,,,1,,,,,1,
公益事业,,,1,,,,,1,
满足,,,1,,,,,1,
难题,,,1,,,,,1,
认证,,,1,,,,,1,
中华文化,,,1,,,,,1,
决定,,2,,,,,,1,
常态,,1,,,,,,1,
发现,,1,,,,,,1,
三通,,1,,,,,,1,
商业,,1,,,,,,1,
势头,,1,,,,,,1,
信众,,1,,,,,,1,
多名,,,,,,,,1,
职业资格,,,,,,,,1,
11.9,,,,,,,,1,
13-14,,,,,,,,1,
1688,,,,,,,,1,
17000,,,,,,,,1,
2016,,,,,,,,1,
38000,,,,,,,,1,
45,,,,,,,,1,
48,,,,,,,,1,
5.2,,,,,,,,1,
650,,,,,,,,1,
安心,,,,,,,,1,
案例,,,,,,,,1,
班机,,,,,,,,1,
板桥,,,,,,,,1,
办证,,,,,,,,1,
扮演,,,,,,,,1,
保税区,,,,,,,,1,
北京人民大会堂,,,,,,,,1,
北京日报,,,,,,,,1,
备感,,,,,,,,1,
本职工作,,,,,,,,1,
边境,,,,,,,,1,
边境贸易,,,,,,,,1,
变大,,,,,,,,1,
博园,,,,,,,,1,
不得,,,,,,,,1,
不懈努力,,,,,,,,1,
财政部,,,,,,,,1,
草根,,,,,,,,1,
层次,,,,,,,,1,
阐述,,,,,,,,1,
常务会议,,,,,,,,1,
成绩,,,,,,,,1,
呈现,,,,,,,,1,
承担,,,,,,,,1,
城市群,,,,,,,,1,
除了,,,,,,,,1,
传承,,,,,,,,1,
传统,,,,,,,,1,
创业精神,,,,,,,,1,
慈惠宫,,,,,,,,1,
慈善,,,,,,,,1,
从小,,,,,,,,1,
从小到大,,,,,,,,1,
错过,,,,,,,,1,
错失,,,,,,,,1,
搭上,,,,,,,,1,
打通,,,,,,,,1,
大地,,,,,,,,1,
大力开展,,,,,,,,1,
大力支持,,,,,,,,1,
大师,,,,,,,,1,
大有可为,,,,,,,,1,
导师,,,,,,,,1,
地为,,,,,,,,1,
第三届,,,,,,,,1,
东莞市,,,,,,,,1,
东南亚,,,,,,,,1,
对内,,,,,,,,1,
多做实事,,,,,,,,1,
二代,,,,,,,,1,
二是,,,,,,,,1,
发达,,,,,,,,1,
发挥优势,,,,,,,,1,
发挥作用,,,,,,,,1,
蕃薯藤,,,,,,,,1,
非正常,,,,,,,,1,
奋斗目标,,,,,,,,1,
风光带,,,,,,,,1,
风情,,,,,,,,1,
扶危济困,,,,,,,,1,
服务性,,,,,,,,1,
改造,,,,,,,,1,
感情,,,,,,,,1,
感人,,,,,,,,1,
高秉涵,,,,,,,,1,
高铁,,,,,,,,1,
高兴,,,,,,,,1,
隔绝,,,,,,,,1,
各级党委,,,,,,,,1,
各位朋友,,,,,,,,1,
更多地,,,,,,,,1,
更是,,,,,,,,1,
公益,,,,,,,,1,
共通,,,,,,,,1,
共同利益,,,,,,,,1,
共同市场,,,,,,,,1,
构想,,,,,,,,1,
购票,,,,,,,,1,
辜负,,,,,,,,1,
骨肉,,,,,,,,1,
广袤,,,,,,,,1,
广西南宁,,,,,,,,1,
广西壮族自治区,,,,,,,,1,
硅谷,,,,,,,,1,
海涛,,,,,,,,1,
和物,,,,,,,,1,
横跨,,,,,,,,1,
宏伟蓝图,,,,,,,,1,
后顾之忧,,,,,,,,1,
互动,,,,,,,,1,
互联互通,,,,,,,,1,
淮扬菜,,,,,,,,1,
环节,,,,,,,,1,
黄金搭档,,,,,,,,1,
汇报,,,,,,,,1,
汇集,,,,,,,,1,
汇聚,,,,,,,,1,
获奖作品,,,,,,,,1,
积极进取,,,,,,,,1,
基本方针,,,,,,,,1,
基本相同,,,,,,,,1,
基本一致,,,,,,,,1,
加速,,,,,,,,1,
家园,,,,,,,,1,
坚定不移,,,,,,,,1,
减负,,,,,,,,1,
简报,,,,,,,,1,
见证者,,,,,,,,1,
建成,,,,,,,,1,
健全,,,,,,,,1,
江素惠,,,,,,,,1,
讲述,,,,,,,,1,
接待,,,,,,,,1,
借力,,,,,,,,1,
今年初,,,,,,,,1,
今年年初,,,,,,,,1,
尽管,,,,,,,,1,
进步,,,,,,,,1,
京东,,,,,,,,1,
京津冀,,,,,,,,1,
京台,,,,,,,,1,
精密机械,,,,,,,,1,
精心设计,,,,,,,,1,
救灾,,,,,,,,1,
聚集地,,,,,,,,1,
聚力,,,,,,,,1,
崛起,,,,,,,,1,
开创,,,,,,,,1,
开启,,,,,,,,1,
开拓市场,,,,,,,,1,
慷慨解囊,,,,,,,,1,
科技部,,,,,,,,1,
科教,,,,,,,,1,
恐吓,,,,,,,,1,
跨越,,,,,,,,1,
宽松,,,,,,,,1,
郎静山,,,,,,,,1,
老兵,,,,,,,,1,
老师,,,,,,,,1,
老一辈,,,,,,,,1,
理由,,,,,,,,1,
利用外资,,,,,,,,1,
联接,,,,,,,,1,
联芯,,,,,,,,1,
良好条件,,,,,,,,1,
良机,,,,,,,,1,
列为,,,,,,,,1,
隆重举行,,,,,,,,1,
湄洲,,,,,,,,1,
美好前景,,,,,,,,1,
美好未来,,,,,,,,1,
觅得,,,,,,,,1,
描绘,,,,,,,,1,
民族团结,,,,,,,,1,
命名,,,,,,,,1,
乃至,,,,,,,,1,
南亚,,,,,,,,1,
内地,,,,,,,,1,
年间,,,,,,,,1,
娘家,,,,,,,,1,
凝聚,,,,,,,,1,
凝心,,,,,,,,1,
农场,,,,,,,,1,
排头兵,,,,,,,,1,
批复,,,,,,,,1,
拼搏,,,,,,,,1,
品质,,,,,,,,1,
平方米,,,,,,,,1,
普遍认为,,,,,,,,1,
谱写,,,,,,,,1,
企办,,,,,,,,1,
企等,,,,,,,,1,
企及,,,,,,,,1,
企联以,,,,,,,,1,
企是,,,,,,,,1,
起点,,,,,,,,1,
洽签,,,,,,,,1,
千方百计,,,,,,,,1,
千家万户,,,,,,,,1,
前列,,,,,,,,1,
前些天,,,,,,,,1,
前沿,,,,,,,,1,
强大,,,,,,,,1,
侨胞,,,,,,,,1,
亲历者,,,,,,,,1,
亲身经历,,,,,,,,1,
青创园,,,,,,,,1,
情深意切,,,,,,,,1,
庆祝,,,,,,,,1,
取之于,,,,,,,,1,
热烈欢迎,,,,,,,,1,
人身攻击,,,,,,,,1,
认真贯彻,,,,,,,,1,
任何,,,,,,,,1,
入住,,,,,,,,1,
软件,,,,,,,,1,
三创,,,,,,,,1,
三件,,,,,,,,1,
三千个,,,,,,,,1,
三三会,,,,,,,,1,
商定,,,,,,,,1,
上午,,,,,,,,1,
上旬,,,,,,,,1,
设置障碍,,,,,,,,1,
社会各界,,,,,,,,1,
身体健康,,,,,,,,1,
深入开展,,,,,,,,1,
深圳市,,,,,,,,1,
神像,,,,,,,,1,
生动,,,,,,,,1,
生就,,,,,,,,1,
生态,,,,,,,,1,
省份,,,,,,,,1,
省委,,,,,,,,1,
省政府,,,,,,,,1,
诗篇,,,,,,,,1,
十年,,,,,,,,1,
石化,,,,,,,,1,
实际行动,,,,,,,,1,
实事,,,,,,,,1,
使命感,,,,,,,,1,
事实证明,,,,,,,,1,
事业兴旺,,,,,,,,1,
手足之情,,,,,,,,1,
授牌,,,,,,,,1,
舒心,,,,,,,,1,
数千种,,,,,,,,1,
数十个,,,,,,,,1,
税务总局,,,,,,,,1,
司局,,,,,,,,1,
遂致,,,,,,,,1,
台青,,,,,,,,1,
台属,,,,,,,,1,
台协要,,,,,,,,1,
特装,,,,,,,,1,
体悟,,,,,,,,1,
天府,,,,,,,,1,
铁路,,,,,,,,1,
停滞,,,,,,,,1,
通路,,,,,,,,1,
同意,,,,,,,,1,
投身,,,,,,,,1,
万多人次,,,,,,,,1,
网络,,,,,,,,1,
旺中,,,,,,,,1,
唯一,,,,,,,,1,
委和,,,,,,,,1,
为期,,,,,,,,1,
文明,,,,,,,,1,
我谨,,,,,,,,1,
无端,,,,,,,,1,
无法比拟,,,,,,,,1,
无私,,,,,,,,1,
吴承恩,,,,,,,,1,
西游记,,,,,,,,1,
下发文件,,,,,,,,1,
香江,,,,,,,,1,
翔生,,,,,,,,1,
小手,,,,,,,,1,
校方,,,,,,,,1,
校园,,,,,,,,1,
协办,,,,,,,,1,
心路历程,,,,,,,,1,
心血,,,,,,,,1,
新动力,,,,,,,,1,
新高,,,,,,,,1,
新津,,,,,,,,1,
信赖,,,,,,,,1,
幸福,,,,,,,,1,
修法,,,,,,,,1,
宣介,,,,,,,,1,
血肉,,,,,,,,1,
巡游,,,,,,,,1,
严格,,,,,,,,1,
严格遵守,,,,,,,,1,
样板,,,,,,,,1,
一百年,,,,,,,,1,
一条街,,,,,,,,1,
依托,,,,,,,,1,
仪式,,,,,,,,1,
已将,,,,,,,,1,
迎来,,,,,,,,1,
赢得,,,,,,,,1,
用之于,,,,,,,,1,
优势产业,,,,,,,,1,
优势互补,,,,,,,,1,
优越,,,,,,,,1,
忧虑,,,,,,,,1,
有利条件,,,,,,,,1,
有着,,,,,,,,1,
友谊关,,,,,,,,1,
语重心长,,,,,,,,1,
圆满成功,,,,,,,,1,
云台,,,,,,,,1,
在讲话中,,,,,,,,1,
在京举行,,,,,,,,1,
在座,,,,,,,,1,
赞赏,,,,,,,,1,
赞誉,,,,,,,,1,
怎么办,,,,,,,,1,
展出,,,,,,,,1,
展馆,,,,,,,,1,
展厅,,,,,,,,1,
照片,,,,,,,,1,
这列,,,,,,,,1,
这片,,,,,,,,1,
这为,,,,,,,,1,
证件,,,,,,,,1,
政策主张,,,,,,,,1,
之爱,,,,,,,,1,
之景,,,,,,,,1,
之人,,,,,,,,1,
之事,,,,,,,,1,
直辖市,,,,,,,,1,
值机,,,,,,,,1,
指示,,,,,,,,1,
中部,,,,,,,,1,
中断,,,,,,,,1,
中旅,,,,,,,,1,
中泰,,,,,,,,1,
中游,,,,,,,,1,
重要性,,,,,,,,1,
重重障碍,,,,,,,,1,
周边地区,,,,,,,,1,
逐渐,,,,,,,,1,
状态,,,,,,,,1,
追逐,,,,,,,,1,
资质,,,,,,,,1,
走出,,,,,,,,1,
走进,,,,,,,,1,
走向市场,,,,,,,,1,
祖庙,,,,,,,,1,
考察团,,1,,,,2,4,,
签署,,9,4,,5,,4,,
第二个,,6,3,3,4,5,3,,
知道,,2,2,3,4,3,3,,
评论,,1,3,1,1,1,3,,
投保,,7,3,1,,,3,,
贸促会,,1,,,,,3,,
第一个,,2,4,2,4,4,2,,
中央电视台,,2,2,1,,3,2,,
导报,,,2,,,2,2,,
提到,,5,3,2,3,,2,,
所以,,,,,2,,2,,
造成,,1,1,1,1,,2,,
渔船,,,2,,,,2,,
扣押,,1,,,,,2,,
团结报,,1,,,,,2,,
国家开发银行,,,,,,,2,,
交会,,,,,,,2,,
南向,,,,,,,2,,
失效,,,,,,,2,,
如何,,2,2,2,,3,1,,
可能,,1,5,1,3,2,1,,
有没有,,2,5,4,1,2,1,,
参访,,,1,2,,2,1,,
还会,,,,,,2,1,,
会议,,1,,3,1,1,1,,
自由,,,,3,1,1,1,,
什么样,,,,2,1,1,1,,
如果,,,,,1,1,1,,
之所以,,,,,1,1,1,,
从而,,,1,,,1,1,,
应该,,,1,,,1,1,,
评社,,,,,,1,1,,
达成,,2,2,2,3,,1,,
发生,,5,1,2,3,,1,,
这样,,1,2,,3,,1,,
当中,,,,1,2,,1,,
将会,,2,1,,2,,1,,
国民待遇,,,,,2,,1,,
比如说,,,,1,1,,1,,
目的,,,,1,1,,1,,
仍然,,,,1,1,,1,,
筹备,,,,,1,,1,,
个案,,,,,1,,1,,
台湾海基会,,,,,1,,1,,
这么,,,,,1,,1,,
实地,,,,3,,,1,,
重庆,,,7,2,,,1,,
时候,,3,2,1,,,1,,
至于,,2,2,1,,,1,,
月份,,1,,1,,,1,,
核准,,,,1,,,1,,
找到,,,,1,,,1,,
作业,,,,1,,,1,,
下半年,,1,2,,,,1,,
日本,,,2,,,,1,,
不久前,,,1,,,,1,,
海域,,,1,,,,1,,
实质性,,,1,,,,1,,
修改,,,1,,,,1,,
法律,,1,,,,,1,,
经贸关系,,1,,,,,1,,
15.4,,,,,,,1,,
1885.6,,,,,,,1,,
1994,,,,,,,1,,
2962,,,,,,,1,,
4.36,,,,,,,1,,
95,,,,,,,1,,
摆脱,,,,,,,1,,
本届,,,,,,,1,,
便捷,,,,,,,1,,
表述,,,,,,,1,,
不便,,,,,,,1,,
不良影响,,,,,,,1,,
材料,,,,,,,1,,
陈水扁,,,,,,,1,,
充分发挥,,,,,,,1,,
代表大会,,,,,,,1,,
单一,,,,,,,1,,
第二十届,,,,,,,1,,
第一手,,,,,,,1,,
定位问题,,,,,,,1,,
东圣,,,,,,,1,,
独特,,,,,,,1,,
多边,,,,,,,1,,
纲要,,,,,,,1,,
公海,,,,,,,1,,
公务,,,,,,,1,,
管理模式,,,,,,,1,,
广播电台,,,,,,,1,,
规律,,,,,,,1,,
后来,,,,,,,1,,
会否,,,,,,,1,,
即可,,,,,,,1,,
记得,,,,,,,1,,
建设项目,,,,,,,1,,
就职,,,,,,,1,,
口头,,,,,,,1,,
拦查,,,,,,,1,,
李登辉,,,,,,,1,,
琉球,,,,,,,1,,
贸易谈判,,,,,,,1,,
贸易总额,,,,,,,1,,
密集,,,,,,,1,,
谋求,,,,,,,1,,
鸟礁,,,,,,,1,,
屏东,,,,,,,1,,
企以,,,,,,,1,,
强行,,,,,,,1,,
清楚,,,,,,,1,,
全面实施,,,,,,,1,,
陕甘宁,,,,,,,1,,
善用,,,,,,,1,,
十二届,,,,,,,1,,
时期,,,,,,,1,,
适合,,,,,,,1,,
受权,,,,,,,1,,
熟悉,,,,,,,1,,
双边,,,,,,,1,,
透明,,,,,,,1,,
违反,,,,,,,1,,
无须,,,,,,,1,,
无以为继,,,,,,,1,,
下个月,,,,,,,1,,
现象,,,,,,,1,,
新疆,,,,,,,1,,
也就是说,,,,,,,1,,
一事,,,,,,,1,,
依赖,,,,,,,1,,
意涵,,,,,,,1,,
因其,,,,,,,1,,
殷鉴不远,,,,,,,1,,
云贵,,,,,,,1,,
运用,,,,,,,1,,
遭到,,,,,,,1,,
掌握,,,,,,,1,,
找准,,,,,,,1,,
这句,,,,,,,1,,
这类,,,,,,,1,,
之声,,,,,,,1,,
之虞,,,,,,,1,,
衷心希望,,,,,,,1,,
作法,,,,,,,1,,
自贸区,,,,3,4,6,,,
总理,,3,,,,6,,,
李克强,,,,,,6,,,
号文,,,,,,5,,,
金门,,,,1,,4,,,
报道,,1,3,,4,3,,,
电视台,,,3,3,1,3,,,
福建厦门,,,2,2,1,3,,,
评价,,,2,2,,3,,,
持何,,,2,,,3,,,
高雄,,,1,,,3,,,
62,,,,,,3,,,
会面,,,,,,3,,,
但是,,1,1,1,3,2,,,
什么,,1,4,2,2,2,,,
陆资,,,3,2,2,2,,,
或者,,,1,1,2,2,,,
这项,,,,1,2,2,,,
知名,,,1,,2,2,,,
传言,,,2,,1,2,,,
引发,,,,,1,2,,,
非金融,,1,1,2,,2,,,
中南部,,1,2,1,,2,,,
县市,,2,,1,,2,,,
感觉,,,,1,,2,,,
担心,,1,1,,,2,,,
配偶,,,1,,,2,,,
入股,,,1,,,2,,,
清理,,2,,,,2,,,
一项,,2,,,,2,,,
2015,,,,,,2,,,
充分说明,,,,,,2,,,
大众,,,,,,2,,,
福海,,,,,,2,,,
共有,,,,,,2,,,
洪秀柱,,,,,,2,,,
既往,,,,,,2,,,
可不可以,,,,,,2,,,
连锁,,,,,,2,,,
南部,,,,,,2,,,
设厂,,,,,,2,,,
投行,,,,,,2,,,
万众,,,,,,2,,,
县长,,,,,,2,,,
议题,,,,,,2,,,
早期,,,,,,2,,,
紫光,,,,,,2,,,
卫视,,1,3,2,4,1,,,
以后,,,2,1,3,1,,,
爆发,,,,,3,1,,,
处理,,3,2,1,2,1,,,
制度,,,2,,2,1,,,
当然,,1,,,2,1,,,
2014,,,,,2,1,,,
柯文,,,,,2,1,,,
ECFA,,2,2,4,1,1,,,
有效,,2,1,2,1,1,,,
经济日报,,,,2,1,1,,,
进展,,3,3,1,1,1,,,
中国国际广播电台,,2,,1,1,1,,,
消费者,,,,1,1,1,,,
上次,,,,1,1,1,,,
遭受,,,,1,1,1,,,
不是,,1,1,,1,1,,,
刚刚,,,1,,1,1,,,
通关,,1,,,1,1,,,
一种,,1,,,1,1,,,
发起,,,,,1,1,,,
共建,,,,,1,1,,,
核心,,,,,1,1,,,
经济体制,,,,,1,1,,,
开展活动,,,,,1,1,,,
零关税,,,,,1,1,,,
实际上,,,,,1,1,,,
为何,,,,,1,1,,,
疑虑,,,,,1,1,,,
原因,,,,,1,1,,,
后续,,,2,2,,1,,,
中天,,1,1,2,,1,,,
个别,,1,,2,,1,,,
关系,,1,,2,,1,,,
186,,,,2,,1,,,
工作组,,,,2,,1,,,
东森,,,1,1,,1,,,
降税,,,1,1,,1,,,
年内,,,1,1,,1,,,
双向,,,1,1,,1,,,
行为,,,1,1,,1,,,
部署,,,,1,,1,,,
代表性,,,,1,,1,,,
较大,,,,1,,1,,,
今年春节,,,,1,,1,,,
巨额,,,,1,,1,,,
科学园区,,,,1,,1,,,
联合报,,,,1,,1,,,
媒体报道,,,,1,,1,,,
实地考察,,,,1,,1,,,
为了,,2,5,,,1,,,
平潭,,5,2,,,1,,,
存在,,1,1,,,1,,,
认同,,1,1,,,1,,,
天津,,1,1,,,1,,,
以便,,1,1,,,1,,,
TVBS,,1,1,,,1,,,
共创,,,1,,,1,,,
建设性,,,1,,,1,,,
据说,,,1,,,1,,,
三立,,,1,,,1,,,
投资人,,,1,,,1,,,
透过,,,1,,,1,,,
碰到,,3,,,,1,,,
单纯,,1,,,,1,,,
到底,,1,,,,1,,,
东莞,,1,,,,1,,,
届时,,1,,,,1,,,
就此,,1,,,,1,,,
顺利,,1,,,,1,,,
新年,,1,,,,1,,,
中央人民广播电台,,1,,,,1,,,
最终,,1,,,,1,,,
力求,,,,,,1,,,
130,,,,,,1,,,
141,,,,,,1,,,
21,,,,,,1,,,
321,,,,,,1,,,
450,,,,,,1,,,
46,,,,,,1,,,
本来,,,,,,1,,,
闭幕,,,,,,1,,,
冰雪,,,,,,1,,,
波及,,,,,,1,,,
不到,,,,,,1,,,
不要,,,,,,1,,,
参与者,,,,,,1,,,
测厂,,,,,,1,,,
茶商,,,,,,1,,,
产地,,,,,,1,,,
陈情,,,,,,1,,,
成熟,,,,,,1,,,
传递,,,,,,1,,,
创业基金,,,,,,1,,,
大家庭,,,,,,1,,,
大街,,,,,,1,,,
道路,,,,,,1,,,
登记,,,,,,1,,,
第一届,,,,,,1,,,
东西湖区,,,,,,1,,,
多所,,,,,,1,,,
发表,,,,,,1,,,
风波,,,,,,1,,,
风景,,,,,,1,,,
封测,,,,,,1,,,
否认,,,,,,1,,,
福建省委,,,,,,1,,,
复制,,,,,,1,,,
赴陕,,,,,,1,,,
腹地,,,,,,1,,,
工业区,,,,,,1,,,
共青团,,,,,,1,,,
共寻,,,,,,1,,,
购销,,,,,,1,,,
骨肉相连,,,,,,1,,,
管道,,,,,,1,,,
海沧,,,,,,1,,,
毫无疑问,,,,,,1,,,
好多,,,,,,1,,,
合理,,,,,,1,,,
黑龙江,,,,,,1,,,
红豆,,,,,,1,,,
红豆集团,,,,,,1,,,
互访,,,,,,1,,,
互利互惠,,,,,,1,,,
华北,,,,,,1,,,
华东,,,,,,1,,,
华中,,,,,,1,,,
化解,,,,,,1,,,
辉光,,,,,,1,,,
回避,,,,,,1,,,
会转,,,,,,1,,,
惠台,,,,,,1,,,
获取,,,,,,1,,,
几大封,,,,,,1,,,
继续执行,,,,,,1,,,
加大力度,,,,,,1,,,
简要,,,,,,1,,,
将分,,,,,,1,,,
将率,,,,,,1,,,
降低成本,,,,,,1,,,
揭牌,,,,,,1,,,
结算,,,,,,1,,,
借由,,,,,,1,,,
今天下午,,,,,,1,,,
金山,,,,,,1,,,
近来,,,,,,1,,,
晶圆,,,,,,1,,,
竞争,,,,,,1,,,
具体内容,,,,,,1,,,
具体情况,,,,,,1,,,
据悉,,,,,,1,,,
看重,,,,,,1,,,
科技交流,,,,,,1,,,
科技园区,,,,,,1,,,
恳谈会,,,,,,1,,,
苦于,,,,,,1,,,
历来,,,,,,1,,,
历历可数,,,,,,1,,,
良性循环,,,,,,1,,,
流动,,,,,,1,,,
六大,,,,,,1,,,
六路,,,,,,1,,,
贸易顺差,,,,,,1,,,
面对面,,,,,,1,,,
民俗,,,,,,1,,,
名台,,,,,,1,,,
配置,,,,,,1,,,
平等,,,,,,1,,,
平等待遇,,,,,,1,,,
麒麟,,,,,,1,,,
企和,,,,,,1,,,
签订,,,,,,1,,,
签约,,,,,,1,,,
前夕,,,,,,1,,,
潜力,,,,,,1,,,
全国工商联,,,,,,1,,,
热切,,,,,,1,,,
人会,,,,,,1,,,
人生,,,,,,1,,,
日来,,,,,,1,,,
商家,,,,,,1,,,
社会保险费,,,,,,1,,,
生活安定,,,,,,1,,,
盛华仁,,,,,,1,,,
似乎,,,,,,1,,,
事后,,,,,,1,,,
双城,,,,,,1,,,
四大,,,,,,1,,,
松山湖,,,,,,1,,,
所说,,,,,,1,,,
台积,,,,,,1,,,
淘宝网,,,,,,1,,,
同行,,,,,,1,,,
同志,,,,,,1,,,
团赴,,,,,,1,,,
挽救,,,,,,1,,,
网等,,,,,,1,,,
旺报,,,,,,1,,,
威客,,,,,,1,,,
维持,,,,,,1,,,
温州,,,,,,1,,,
文博,,,,,,1,,,
文汇报,,,,,,1,,,
西南地区,,,,,,1,,,
下发,,,,,,1,,,
下行,,,,,,1,,,
显而易见,,,,,,1,,,
小三通,,,,,,1,,,
小镇,,,,,,1,,,
效率,,,,,,1,,,
携手,,,,,,1,,,
新政,,,,,,1,,,
兄弟姐妹,,,,,,1,,,
选情,,,,,,1,,,
选在,,,,,,1,,,
学年,,,,,,1,,,
羊年,,,,,,1,,,
一品,,,,,,1,,,
引起,,,,,,1,,,
营业网点,,,,,,1,,,
永续,,,,,,1,,,
有点,,,,,,1,,,
有感,,,,,,1,,,
有序,,,,,,1,,,
与会人士,,,,,,1,,,
与习,,,,,,1,,,
育成,,,,,,1,,,
原材料,,,,,,1,,,
月海,,,,,,1,,,
云栖,,,,,,1,,,
怎么,,,,,,1,,,
漳州,,,,,,1,,,
哲只,,,,,,1,,,
政治化,,,,,,1,,,
只是,,,,,,1,,,
周海江,,,,,,1,,,
逐步提高,,,,,,1,,,
注册手续,,,,,,1,,,
注重,,,,,,1,,,
状况,,,,,,1,,,
总裁,,,,,,1,,,
走上,,,,,,1,,,
组成部分,,,,,,1,,,
最快,,,,,,1,,,
GDP,,,,,,1,,,
纠纷,,4,2,,8,,,,
自由贸易,a,,,3,7,,,,
纠纷案,,,,,4,,,,
看法,,1,1,1,3,,,,
事件,,3,2,,3,,,,
协处,,,1,,3,,,,
服贸,,,,,3,,,,
既然,,,,,3,,,,
农渔,,,,,3,,,,
青年人,,,,,3,,,,
质检,,,,,3,,,,
猪油,,,,,3,,,,
上升,,,1,3,2,,,,
之间,,1,,2,2,,,,
下降,,,1,1,2,,,,
自从,,,1,1,2,,,,
2009,,,,1,2,,,,
大多数,,,,1,2,,,,
展位,,,,1,2,,,,
一条,,1,,,2,,,,
暴力事件,,,,,2,,,,
不全是,,,,,2,,,,
从中,,,,,2,,,,
抵制,,,,,2,,,,
工程设计,,,,,2,,,,
核工,,,,,2,,,,
华为,,,,,2,,,,
建研会,,,,,2,,,,
进口商,,,,,2,,,,
纠纷案件,,,,,2,,,,
看一看,,,,,2,,,,
旅行社,,,,,2,,,,
马云,,,,,2,,,,
区区,,,,,2,,,,
时间,,,,,2,,,,
手机,,,,,2,,,,
台电,,,,,2,,,,
同事,,,,,2,,,,
一五,,,,,2,,,,
越南,,,,,2,,,,
暂停,,,,,2,,,,
展览,,,,,2,,,,
召回,,,,,2,,,,
中国进出口银行,,,,,2,,,,
HTC,,,,,2,,,,
关税,,,,5,1,,,,
中国台湾,,,4,3,1,,,,
安全,,,1,3,1,,,,
2013,,,,3,1,,,,
2012,,,,2,1,,,,
食品安全,,,,2,1,,,,
食用油,,,,2,1,,,,
冲击,,,4,1,1,,,,
请教,,1,2,1,1,,,,
此事,,1,1,1,1,,,,
程度,,,1,1,1,,,,
月底,,,1,1,1,,,,
厂商,,1,,1,1,,,,
妥善解决,,1,,1,1,,,,
及时,,,,1,1,,,,
迅速,,,,1,1,,,,
当做,,,,1,1,,,,
里面,,,,1,1,,,,
生效,,,,1,1,,,,
通报,,,,1,1,,,,
怎样,,,,1,1,,,,
直接受理,,,,1,1,,,,
抓紧,,,,1,1,,,,
康师傅,,,5,,1,,,,
涉台,,,5,,1,,,,
确实,,1,3,,1,,,,
学者,,,3,,1,,,,
会谈,,1,2,,1,,,,
法庭,,,2,,1,,,,
几年,,,2,,1,,,,
调整,,2,1,,1,,,,
陆续,,1,1,,1,,,,
洽谈会,,1,1,,1,,,,
妥善处理,,1,1,,1,,,,
传闻,,,1,,1,,,,
第四届,,,1,,1,,,,
好地解决,,,1,,1,,,,
结束,,,1,,1,,,,
陆客,,,1,,1,,,,
明显,,,1,,1,,,,
能否,,,1,,1,,,,
它们,,,1,,1,,,,
相当,,,1,,1,,,,
之中,,,1,,1,,,,
备忘录,,6,,,1,,,,
重视,,3,,,1,,,,
百货,,1,,,1,,,,
当事,,1,,,1,,,,
快速增长,,1,,,1,,,,
票价,,1,,,1,,,,
洽谈,,1,,,1,,,,
审理,,1,,,1,,,,
是因为,,1,,,1,,,,
投诉,,1,,,1,,,,
远东,,1,,,1,,,,
APEC,,1,,,1,,,,
800,,,,,1,,,,
关爱,,,,,1,,,,
尊重,,,,,1,,,,
10.2,,,,,1,,,,
1284,,,,,1,,,,
14.7,,,,,1,,,,
157,,,,,1,,,,
174,,,,,1,,,,
18.9,,,,,1,,,,
1804,,,,,1,,,,
183,,,,,1,,,,
2.7,,,,,1,,,,
216,,,,,1,,,,
2400,,,,,1,,,,
3.3,,,,,1,,,,
370,,,,,1,,,,
388,,,,,1,,,,
5.38,,,,,1,,,,
97.6,,,,,1,,,,
安全事件,,,,,1,,,,
必须,,,,,1,,,,
弊案,,,,,1,,,,
变得,,,,,1,,,,
不光,,,,,1,,,,
不尽合理,,,,,1,,,,
不太,,,,,1,,,,
部长会议,,,,,1,,,,
测试,,,,,1,,,,
察觉到,,,,,1,,,,
陈年,,,,,1,,,,
成员,,,,,1,,,,
城镇居民,,,,,1,,,,
澄清,,,,,1,,,,
充分利用,,,,,1,,,,
窗口单位,,,,,1,,,,
大连,,,,,1,,,,
担忧,,,,,1,,,,
地点,,,,,1,,,,
低阶,,,,,1,,,,
底线,,,,,1,,,,
第二次,,,,,1,,,,
第二批,,,,,1,,,,
电电,,,,,1,,,,
东南,,,,,1,,,,
妨碍,,,,,1,,,,
分析,,,,,1,,,,
丰美,,,,,1,,,,
福音,,,,,1,,,,
复杂度,,,,,1,,,,
干部,,,,,1,,,,
告诉,,,,,1,,,,
各种各样,,,,,1,,,,
更能,,,,,1,,,,
工商企业界,,,,,1,,,,
公会,,,,,1,,,,
公正司法,,,,,1,,,,
共同努力,,,,,1,,,,
关联,,,,,1,,,,
管理体制,,,,,1,,,,
管制,,,,,1,,,,
广东台,,,,,1,,,,
国家机密,,,,,1,,,,
好好,,,,,1,,,,
合法经营,,,,,1,,,,
核查,,,,,1,,,,
核电,,,,,1,,,,
核废料,,,,,1,,,,
后会,,,,,1,,,,
环球时报,,,,,1,,,,
环球网,,,,,1,,,,
获益,,,,,1,,,,
机密,,,,,1,,,,
几乎,,,,,1,,,,
骄傲,,,,,1,,,,
较大型,,,,,1,,,,
截止,,,,,1,,,,
境内,,,,,1,,,,
可行性,,,,,1,,,,
来谈,,,,,1,,,,
立即,,,,,1,,,,
劣质,,,,,1,,,,
满意度,,,,,1,,,,
面积,,,,,1,,,,
那个,,,,,1,,,,
那么,,,,,1,,,,
能为,,,,,1,,,,
年代,,,,,1,,,,
年青人,,,,,1,,,,
撇开,,,,,1,,,,
潜下,,,,,1,,,,
亲自,,,,,1,,,,
全民,,,,,1,,,,
认认真真,,,,,1,,,,
入台,,,,,1,,,,
软件园,,,,,1,,,,
三线,,,,,1,,,,
商铺,,,,,1,,,,
上涨,,,,,1,,,,
社团组织,,,,,1,,,,
深表,,,,,1,,,,
时机,,,,,1,,,,
时空,,,,,1,,,,
实验性,,,,,1,,,,
是吗,,,,,1,,,,
是以,,,,,1,,,,
收不到,,,,,1,,,,
数十场,,,,,1,,,,
馊水油,,,,,1,,,,
损失,,,,,1,,,,
所思,,,,,1,,,,
所想,,,,,1,,,,
台鸿海,,,,,1,,,,
台声,,,,,1,,,,
特定,,,,,1,,,,
停止,,,,,1,,,,
同步,,,,,1,,,,
同期,,,,,1,,,,
突发事件,,,,,1,,,,
外国,,,,,1,,,,
万安,,,,,1,,,,
万平方米,,,,,1,,,,
喜欢,,,,,1,,,,
显然,,,,,1,,,,
显示,,,,,1,,,,
详细信息,,,,,1,,,,
项下,,,,,1,,,,
晓得,,,,,1,,,,
心来,,,,,1,,,,
严格执行,,,,,1,,,,
严重损失,,,,,1,,,,
衍生,,,,,1,,,,
央视,,,,,1,,,,
扬州,,,,,1,,,,
一年多来,,,,,1,,,,
一周年,,,,,1,,,,
医疗保险,,,,,1,,,,
医疗保障,,,,,1,,,,
依法行政,,,,,1,,,,
依法治国,,,,,1,,,,
依旧,,,,,1,,,,
依照,,,,,1,,,,
以前,,,,,1,,,,
亿多美元,,,,,1,,,,
因故,,,,,1,,,,
有目共睹,,,,,1,,,,
预防性,,,,,1,,,,
援助,,,,,1,,,,
杂志社,,,,,1,,,,
在于,,,,,1,,,,
赞成,,,,,1,,,,
张家,,,,,1,,,,
章程,,,,,1,,,,
这款,,,,,1,,,,
这能,,,,,1,,,,
真心实意,,,,,1,,,,
征税,,,,,1,,,,
证实,,,,,1,,,,
中受,,,,,1,,,,
中转,,,,,1,,,,
重新,,,,,1,,,,
注册资本,,,,,1,,,,
总局,,,,,1,,,,
总数,,,,,1,,,,
租税,,,,,1,,,,
商标,,,2,5,,,,,
警方,,,,5,,,,,
早收,,4,,4,,,,,
工商部门,,,,4,,,,,
派出,,1,,3,,,,,
河北省,,,,3,,,,,
破获,,,,3,,,,,
搜救,,,,3,,,,,
湖南,,,2,2,,,,,
解决困难,,2,1,2,,,,,
怎么样,,2,1,2,,,,,
第二,,,1,2,,,,,
解决问题,,,1,2,,,,,
联手,,,1,2,,,,,
转投资,,,1,2,,,,,
驰名商标,,1,,2,,,,,
讲过,,1,,2,,,,,
为此,,1,,2,,,,,
25.6,,,,2,,,,,
4.2,,,,2,,,,,
朝鲜半岛,,,,2,,,,,
大约,,,,2,,,,,
毒品,,,,2,,,,,
多件,,,,2,,,,,
犯罪,,,,2,,,,,
加以,,,,2,,,,,
局势,,,,2,,,,,
六成,,,,2,,,,,
芦山,,,,2,,,,,
石家庄市,,,,2,,,,,
收中,,,,2,,,,,
受惠,,,,2,,,,,
四川省,,,,2,,,,,
嫌疑人,,,,2,,,,,
小组,,,,2,,,,,
应急,,,,2,,,,,
长效机制,,,,2,,,,,
赈灾,,,,2,,,,,
执法,,,,2,,,,,
抓获,,,,2,,,,,
专用权,,,,2,,,,,
获准,,1,9,1,,,,,
之后,,1,4,1,,,,,
机票,,1,2,1,,,,,
曾经,,,2,1,,,,,
乐见,,,2,1,,,,,
同样,,,2,1,,,,,
政协,,,2,1,,,,,
中国时报,,,2,1,,,,,
介入,,2,1,1,,,,,
程序,,1,1,1,,,,,
对话,,1,1,1,,,,,
访台,,1,1,1,,,,,
保持良好,,,1,1,,,,,
本着,,,1,1,,,,,
额度,,,1,1,,,,,
较为,,,1,1,,,,,
看望,,,1,1,,,,,
那里,,,1,1,,,,,
三年,,,1,1,,,,,
十八,,,1,1,,,,,
率团,,,1,1,,,,,
体谅,,,1,1,,,,,
途径,,,1,1,,,,,
文艺演出,,,1,1,,,,,
暂行办法,,,1,1,,,,,
这边,,,1,1,,,,,
中央社,,,1,1,,,,,
返台,,3,,1,,,,,
力争,,2,,1,,,,,
诈骗,,2,,1,,,,,
这种,,2,,1,,,,,
产业界,,1,,1,,,,,
犯罪集团,,1,,1,,,,,
近几年,,1,,1,,,,,
哪些方面,,1,,1,,,,,
侵权,,1,,1,,,,,
严峻,,1,,1,,,,,
一步,,1,,1,,,,,
一次,,1,,1,,,,,
颁布实施,,,,1,,,,,
稳步增长,,,,1,,,,,
1.4,,,,1,,,,,
111,,,,1,,,,,
1165,,,,1,,,,,
12135,,,,1,,,,,
13.4,,,,1,,,,,
1332.1,,,,1,,,,,
134,,,,1,,,,,
14.2,,,,1,,,,,
1689,,,,1,,,,,
1720,,,,1,,,,,
175,,,,1,,,,,
1988,,,,1,,,,,
1990,,,,1,,,,,
208,,,,1,,,,,
27.4,,,,1,,,,,
294.09,,,,1,,,,,
2963,,,,1,,,,,
3.14,,,,1,,,,,
3.2,,,,1,,,,,
30.86,,,,1,,,,,
31.2,,,,1,,,,,
3900,,,,1,,,,,
4.3,,,,1,,,,,
4100,,,,1,,,,,
4400,,,,1,,,,,
442,,,,1,,,,,
5005,,,,1,,,,,
59,,,,1,,,,,
7.6,,,,1,,,,,
973,,,,1,,,,,
案子,,,,1,,,,,
办好,,,,1,,,,,
半岛,,,,1,,,,,
宝岛,,,,1,,,,,
保护措施,,,,1,,,,,
比较严重,,,,1,,,,,
表现,,,,1,,,,,
不管,,,,1,,,,,
不太熟悉,,,,1,,,,,
不限,,,,1,,,,,
参选,,,,1,,,,,
产品出口,,,,1,,,,,
常设,,,,1,,,,,
厂房,,,,1,,,,,
成商,,,,1,,,,,
出于,,,,1,,,,,
窗口,,,,1,,,,,
春熙,,,,1,,,,,
大厦,,,,1,,,,,
地市,,,,1,,,,,
登山,,,,1,,,,,
第一批,,,,1,,,,,
电信,,,,1,,,,,
电信服务,,,,1,,,,,
电子化,,,,1,,,,,
定于,,,,1,,,,,
董天群,,,,1,,,,,
董姓,,,,1,,,,,
独自一人,,,,1,,,,,
对出,,,,1,,,,,
多来,,,,1,,,,,
多起,,,,1,,,,,
多人,,,,1,,,,,
恶意,,,,1,,,,,
遏制,,,,1,,,,,
发案率,,,,1,,,,,
犯罪案件,,,,1,,,,,
访问期间,,,,1,,,,,
放弃,,,,1,,,,,
分赴,,,,1,,,,,
付出,,,,1,,,,,
高达,,,,1,,,,,
高粱,,,,1,,,,,
更进一步,,,,1,,,,,
更深,,,,1,,,,,
工信部,,,,1,,,,,
公安部,,,,1,,,,,
拐卖人口,,,,1,,,,,
广告,,,,1,,,,,
归类,,,,1,,,,,
郭台铭,,,,1,,,,,
国际奥委会,,,,1,,,,,
海淀区,,,,1,,,,,
航运,,,,1,,,,,
黑心,,,,1,,,,,
会议主题,,,,1,,,,,
极端,,,,1,,,,,
加值,,,,1,,,,,
家台协,,,,1,,,,,
价值,,,,1,,,,,
将来,,,,1,,,,,
交换意见,,,,1,,,,,
交接,,,,1,,,,,
角度,,,,1,,,,,
缴获,,,,1,,,,,
接到,,,,1,,,,,
尽心尽力,,,,1,,,,,
进驻,,,,1,,,,,
救灾物资,,,,1,,,,,
举例,,,,1,,,,,
聚会,,,,1,,,,,
刊登,,,,1,,,,,
恳谈,,,,1,,,,,
亏损,,,,1,,,,,
困扰,,,,1,,,,,
联络,,,,1,,,,,
毛毯,,,,1,,,,,
美容美发,,,,1,,,,,
门头沟,,,,1,,,,,
门头沟区,,,,1,,,,,
蒙台,,,,1,,,,,
秘书处,,,,1,,,,,
民族特色,,,,1,,,,,
目前为止,,,,1,,,,,
哪个,,,,1,,,,,
南投,,,,1,,,,,
内蒙,,,,1,,,,,
内蒙古,,,,1,,,,,
平均,,,,1,,,,,
千克,,,,1,,,,,
抢注,,,,1,,,,,
侵权行为,,,,1,,,,,
清水,,,,1,,,,,
然后,,,,1,,,,,
热情,,,,1,,,,,
认识,,,,1,,,,,
弱势,,,,1,,,,,
三中全会,,,,1,,,,,
伤亡,,,,1,,,,,
商标注册,,,,1,,,,,
商贸,,,,1,,,,,
上届,,,,1,,,,,
尚未,,,,1,,,,,
涉案,,,,1,,,,,
失利,,,,1,,,,,
失联,,,,1,,,,,
失去,,,,1,,,,,
失踪,,,,1,,,,,
十分关心,,,,1,,,,,
水泥,,,,1,,,,,
税则,,,,1,,,,,
台中,,,,1,,,,,
太平洋,,,,1,,,,,
太平洋百货,,,,1,,,,,
天气,,,,1,,,,,
听到,,,,1,,,,,
停产,,,,1,,,,,
挖掘潜力,,,,1,,,,,
文化论坛,,,,1,,,,,
文书,,,,1,,,,,
吴经国,,,,1,,,,,
物业,,,,1,,,,,
相比,,,,1,,,,,
相距甚远,,,,1,,,,,
相邻,,,,1,,,,,
想方设法,,,,1,,,,,
消除,,,,1,,,,,
辛劳,,,,1,,,,,
严厉打击,,,,1,,,,,
研讨,,,,1,,,,,
眼镜,,,,1,,,,,
演艺界,,,,1,,,,,
药品,,,,1,,,,,
业务范围,,,,1,,,,,
一场,,,,1,,,,,
一旦,,,,1,,,,,
一号,,,,1,,,,,
医保,,,,1,,,,,
遗憾,,,,1,,,,,
银行卡,,,,1,,,,,
饮用水,,,,1,,,,,
油品,,,,1,,,,,
有所增加,,,,1,,,,,
运抵,,,,1,,,,,
运营商,,,,1,,,,,
增长势头,,,,1,,,,,
增值,,,,1,,,,,
长们,,,,1,,,,,
帐篷,,,,1,,,,,
障碍,,,,1,,,,,
侦办,,,,1,,,,,
侦破,,,,1,,,,,
征求,,,,1,,,,,
至今,,,,1,,,,,
制度性,,,,1,,,,,
中控,,,,1,,,,,
中有,,,,1,,,,,
衷心感谢,,,,1,,,,,
专家组,,,,1,,,,,
资金来源,,,,1,,,,,
宗教界,,,,1,,,,,
总量,,,,1,,,,,
做实,,,,1,,,,,
A股,,,,1,,,,,
开业,,,5,,,,,,
有利于,,3,4,,,,,,
挑战,,1,4,,,,,,
办事机构,,,4,,,,,,
尽快,,,4,,,,,,
很大,,3,3,,,,,,
韩国,,,3,,,,,,
湖南籍,,,3,,,,,,
联席会议,,,3,,,,,,
诉讼,,,3,,,,,,
因素,,,3,,,,,,
争端,,,3,,,,,,
FTA,,,3,,,,,,
帮扶,,1,2,,,,,,
框架,,1,2,,,,,,
马英九,,1,2,,,,,,
事业性,,1,2,,,,,,
是不是,,1,2,,,,,,
意义,,1,2,,,,,,
颁布,,,2,,,,,,
保钓,,,2,,,,,,
重庆市委,,,2,,,,,,
筹建,,,2,,,,,,
传统产业,,,2,,,,,,
大米,,,2,,,,,,
钓鱼岛,,,2,,,,,,
封锁,,,2,,,,,,
合议庭,,,2,,,,,,
互设,,,2,,,,,,
经合,,,2,,,,,,
领导班子,,,2,,,,,,
六个,,,2,,,,,,
美国,,,2,,,,,,
民商事,,,2,,,,,,
人民法院,,,2,,,,,,
人民政府,,,2,,,,,,
人民政协,,,2,,,,,,
若干意见,,,2,,,,,,
商谈,,,2,,,,,,
审判庭,,,2,,,,,,
实验区,,,2,,,,,,
台湾光复,,,2,,,,,,
统一,,,2,,,,,,
乡亲,,,2,,,,,,
用工,,,2,,,,,,
这起,,,2,,,,,,
著名商标,,,2,,,,,,
中国新闻社,,,2,,,,,,
周刊,,,2,,,,,,
收入,,2,1,,,,,,
台南,,2,1,,,,,,
微型,,2,1,,,,,,
小型,,2,1,,,,,,
多方,,1,1,,,,,,
会计师,,1,1,,,,,,
会为,,1,1,,,,,,
加上,,1,1,,,,,,
开设,,1,1,,,,,,
临时,,1,1,,,,,,
领导人,,1,1,,,,,,
农会,,1,1,,,,,,
签了,,1,1,,,,,,
倾斜,,1,1,,,,,,
属实,,1,1,,,,,,
许可证,,1,1,,,,,,
杨毅,,1,1,,,,,,
有近,,1,1,,,,,,
中小型,,1,1,,,,,,
配套措施,,,1,,,,,,
以往,,,1,,,,,,
131,,,1,,,,,,
1587,,,1,,,,,,
19,,,1,,,,,,
21.6,,,1,,,,,,
31.8,,,1,,,,,,
32,,,1,,,,,,
67,,,1,,,,,,
75,,,1,,,,,,
保单,,,1,,,,,,
保险,,,1,,,,,,
保险公司,,,1,,,,,,
必然选择,,,1,,,,,,
变动,,,1,,,,,,
便于,,,1,,,,,,
表达意见,,,1,,,,,,
补偿,,,1,,,,,,
补助费,,,1,,,,,,
不乏,,,1,,,,,,
不仅仅,,,1,,,,,,
不景气,,,1,,,,,,
不利于,,,1,,,,,,
不同,,,1,,,,,,
部际,,,1,,,,,,
部委,,,1,,,,,,
参股,,,1,,,,,,
参政议政,,,1,,,,,,
茶厂,,,1,,,,,,
超大型,,,1,,,,,,
撤厂,,,1,,,,,,
撤出,,,1,,,,,,
承办,,,1,,,,,,
出访,,,1,,,,,,
出入境,,,1,,,,,,
出资,,,1,,,,,,
楚文化,,,1,,,,,,
促进作用,,,1,,,,,,
大城市,,,1,,,,,,
大幅,,,1,,,,,,
贷款额度,,,1,,,,,,
地方法院,,,1,,,,,,
地来,,,1,,,,,,
地位,,,1,,,,,,
的呢,,,1,,,,,,
第三批,,,1,,,,,,
第一项,,,1,,,,,,
电影,,,1,,,,,,
调度会,,,1,,,,,,
动能,,,1,,,,,,
都是,,,1,,,,,,
对调,,,1,,,,,,
多渠道,,,1,,,,,,
多数,,,1,,,,,,
发展势头,,,1,,,,,,
法规,,,1,,,,,,
凡是,,,1,,,,,,
方法,,,1,,,,,,
放行,,,1,,,,,,
飞弹,,,1,,,,,,
非洲,,,1,,,,,,
服务水平,,,1,,,,,,
福建省人民政府,,,1,,,,,,
赋税,,,1,,,,,,
干货,,,1,,,,,,
高雄市,,,1,,,,,,
各部委,,,1,,,,,,
工程建设,,,1,,,,,,
工资,,,1,,,,,,
关厂,,,1,,,,,,
观看,,,1,,,,,,
光电子,,,1,,,,,,
广设,,,1,,,,,,
郭金龙,,,1,,,,,,
过渡阶段,,,1,,,,,,
过境,,,1,,,,,,
韩三国,,,1,,,,,,
杭州市,,,1,,,,,,
好像,,,1,,,,,,
合格,,,1,,,,,,
合资企业,,,1,,,,,,
很受,,,1,,,,,,
呼吁,,,1,,,,,,
互信,,,1,,,,,,
护渔,,,1,,,,,,
换届,,,1,,,,,,
货物贸易,,,1,,,,,,
机票价格,,,1,,,,,,
即将,,,1,,,,,,
几条,,,1,,,,,,
纪念,,,1,,,,,,
祭拜,,,1,,,,,,
家村,,,1,,,,,,
假以时日,,,1,,,,,,
建言,,,1,,,,,,
江西省人民政府,,,1,,,,,,
降下帷幕,,,1,,,,,,
交流会,,,1,,,,,,
今井正,,,1,,,,,,
今年年底,,,1,,,,,,
金融危机,,,1,,,,,,
尽可能,,,1,,,,,,
尽量,,,1,,,,,,
尽速,,,1,,,,,,
紧锣密鼓,,,1,,,,,,
近几年来,,,1,,,,,,
进度,,,1,,,,,,
经济界,,,1,,,,,,
惊讶,,,1,,,,,,
竞争对手,,,1,,,,,,
军事,,,1,,,,,,
开通,,,1,,,,,,
看出,,,1,,,,,,
可望,,,1,,,,,,
来讲,,,1,,,,,,
劳动,,,1,,,,,,
力促,,,1,,,,,,
两江,,,1,,,,,,
林中,,,1,,,,,,
另有,,,1,,,,,,
浏阳,,,1,,,,,,
楼盘,,,1,,,,,,
绿营,,,1,,,,,,
买卖,,,1,,,,,,
美军,,,1,,,,,,
目标,,,1,,,,,,
那边,,,1,,,,,,
那样,,,1,,,,,,
拟订,,,1,,,,,,
普遍性,,,1,,,,,,
七个,,,1,,,,,,
七项,,,1,,,,,,
倾听,,,1,,,,,,
区域性,,,1,,,,,,
屈原,,,1,,,,,,
取消,,,1,,,,,,
人身自由,,,1,,,,,,
日军,,,1,,,,,,
日资,,,1,,,,,,
如能,,,1,,,,,,
如期,,,1,,,,,,
三月,,,1,,,,,,
森到,,,1,,,,,,
厦门市,,,1,,,,,,
商讨,,,1,,,,,,
少数民族,,,1,,,,,,
身份,,,1,,,,,,
神农氏,,,1,,,,,,
十几个,,,1,,,,,,
时间表,,,1,,,,,,
实收,,,1,,,,,,
适时,,,1,,,,,,
释出,,,1,,,,,,
售卖,,,1,,,,,,
书记,,,1,,,,,,
树立,,,1,,,,,,
税费,,,1,,,,,,
司法解释,,,1,,,,,,
四家,,,1,,,,,,
所在,,,1,,,,,,
太贵,,,1,,,,,,
提议,,,1,,,,,,
透露,,,1,,,,,,
晚会,,,1,,,,,,
万家,,,1,,,,,,
万亿,,,1,,,,,,
万至,,,1,,,,,,
王毅,,,1,,,,,,
危机,,,1,,,,,,
文化周,,,1,,,,,,
武器,,,1,,,,,,
先签,,,1,,,,,,
相互了解,,,1,,,,,,
效果,,,1,,,,,,
校友会,,,1,,,,,,
心态,,,1,,,,,,
新区,,,1,,,,,,
新任,,,1,,,,,,
新途径,,,1,,,,,,
信贷资金,,,1,,,,,,
行程,,,1,,,,,,
形象,,,1,,,,,,
宣传,,,1,,,,,,
延续,,,1,,,,,,
炎帝,,,1,,,,,,
焰火,,,1,,,,,,
一方,,,1,,,,,,
一方面,,,1,,,,,,
一份,,,1,,,,,,
易主,,,1,,,,,,
音乐,,,1,,,,,,
银行业,,,1,,,,,,
印度,,,1,,,,,,
用于,,,1,,,,,,
有所,,,1,,,,,,
运作,,,1,,,,,,
在此之前,,,1,,,,,,
遭遇,,,1,,,,,,
战时,,,1,,,,,,
彰化县,,,1,,,,,,
浙江省人民政府,,,1,,,,,,
整个,,,1,,,,,,
整体,,,1,,,,,,
支援,,,1,,,,,,
直航,,,1,,,,,,
中共北京市委,,,1,,,,,,
中粮,,,1,,,,,,
中日,,,1,,,,,,
中医药大学,,,1,,,,,,
重大项目,,,1,,,,,,
助益,,,1,,,,,,
专家学者,,,1,,,,,,
专利申请,,,1,,,,,,
资本额,,,1,,,,,,
子公司,,,1,,,,,,
总会,,,1,,,,,,
阻止,,,1,,,,,,
最高人民法院,,,1,,,,,,
做何,,,1,,,,,,
QFII,,,1,,,,,,
大概,,4,,,,,,,
投票,,4,,,,,,,
超大,,3,,,,,,,
建设银行,,3,,,,,,,
类似,,3,,,,,,,
辽宁省,,3,,,,,,,
罢工,,2,,,,,,,
不过,,2,,,,,,,
沈柏胜,,2,,,,,,,
成本上升,,2,,,,,,,
动员,,2,,,,,,,
废气,,2,,,,,,,
服务团,,2,,,,,,,
工商时报,,2,,,,,,,
公斤,,2,,,,,,,
果品,,2,,,,,,,
回台,,2,,,,,,,
积极态度,,2,,,,,,,
记者会,,2,,,,,,,
技术转让,,2,,,,,,,
今年以来,,2,,,,,,,
流通,,2,,,,,,,
内资,,2,,,,,,,
排放,,2,,,,,,,
上述,,2,,,,,,,
市政府,,2,,,,,,,
水产,,2,,,,,,,
网络体系,,2,,,,,,,
温家宝,,2,,,,,,,
鲜梨,,2,,,,,,,
新光,,2,,,,,,,
选举,,2,,,,,,,
也好,,2,,,,,,,
业界,,2,,,,,,,
优良,,2,,,,,,,
租金,,2,,,,,,,
摆脱困境,,1,,,,,,,
保税,,1,,,,,,,
保障金,,1,,,,,,,
比较突出,,1,,,,,,,
必要,,1,,,,,,,
并予,,1,,,,,,,
拨打,,1,,,,,,,
步骤,,1,,,,,,,
查明,,1,,,,,,,
成效显著,,1,,,,,,,
承诺,,1,,,,,,,
持续保持,,1,,,,,,,
出发,,1,,,,,,,
创立,,1,,,,,,,
此项,,1,,,,,,,
从来,,1,,,,,,,
大都,,1,,,,,,,
大选,,1,,,,,,,
大学,,1,,,,,,,
单列,,1,,,,,,,
当地政府,,1,,,,,,,
第二届,,1,,,,,,,
电话,,1,,,,,,,
电视记者,,1,,,,,,,
调研组,,1,,,,,,,
短缺,,1,,,,,,,
对待,,1,,,,,,,
多吨,,1,,,,,,,
多人次,,1,,,,,,,
而言,,1,,,,,,,
范畴,,1,,,,,,,
非常重视,,1,,,,,,,
费率,,1,,,,,,,
纷争,,1,,,,,,,
辅选,,1,,,,,,,
感同身受,,1,,,,,,,
干涉,,1,,,,,,,
刚好,,1,,,,,,,
各省市,,1,,,,,,,
更要,,1,,,,,,,
供销,,1,,,,,,,
供销社,,1,,,,,,,
关乎,,1,,,,,,,
官方,,1,,,,,,,
归纳,,1,,,,,,,
过早,,1,,,,,,,
海基,,1,,,,,,,
海协,,1,,,,,,,
航空,,1,,,,,,,
合作社,,1,,,,,,,
和解,,1,,,,,,,
红眼,,1,,,,,,,
宏观经济,,1,,,,,,,
胡锦涛,,1,,,,,,,
华联,,1,,,,,,,
环保部门,,1,,,,,,,
或者说,,1,,,,,,,
机位,,1,,,,,,,
激烈,,1,,,,,,,
即使,,1,,,,,,,
极大,,1,,,,,,,
集中地,,1,,,,,,,
几个,,1,,,,,,,
技术开发,,1,,,,,,,
技术咨询,,1,,,,,,,
嘉义,,1,,,,,,,
减排,,1,,,,,,,
检方,,1,,,,,,,
简单,,1,,,,,,,
健保卡,,1,,,,,,,
将近,,1,,,,,,,
接连,,1,,,,,,,
节能,,1,,,,,,,
金融市场,,1,,,,,,,
尽力,,1,,,,,,,
经纪人,,1,,,,,,,
窘境,,1,,,,,,,
举动,,1,,,,,,,
剧本,,1,,,,,,,
科研项目,,1,,,,,,,
可成,,1,,,,,,,
克服,,1,,,,,,,
客观存在,,1,,,,,,,
劳动力,,1,,,,,,,
利多,,1,,,,,,,
连战,,1,,,,,,,
流通业,,1,,,,,,,
冒用,,1,,,,,,,
免税,,1,,,,,,,
免征,,1,,,,,,,
面广,,1,,,,,,,
民间团体,,1,,,,,,,
难求,,1,,,,,,,
内有,,1,,,,,,,
你好,,1,,,,,,,
年满,,1,,,,,,,
您好,,1,,,,,,,
农户,,1,,,,,,,
碰上,,1,,,,,,,
平面媒体,,1,,,,,,,
其实,,1,,,,,,,
起诉,,1,,,,,,,
契作,,1,,,,,,,
前提,,1,,,,,,,
抢劫案,,1,,,,,,,
切实有效,,1,,,,,,,
侵占,,1,,,,,,,
清洁,,1,,,,,,,
求助,,1,,,,,,,
全球性,,1,,,,,,,
让给,,1,,,,,,,
人身安全,,1,,,,,,,
认真对待,,1,,,,,,,
日后,,1,,,,,,,
三来一补,,1,,,,,,,
商签,,1,,,,,,,
涉嫌,,1,,,,,,,
身边,,1,,,,,,,
深入研究,,1,,,,,,,
神农,,1,,,,,,,
审计,,1,,,,,,,
生产性,,1,,,,,,,
声称,,1,,,,,,,
虱目鱼,,1,,,,,,,
实验,,1,,,,,,,
市场萎缩,,1,,,,,,,
事实,,1,,,,,,,
视察,,1,,,,,,,
收购,,1,,,,,,,
首批,,1,,,,,,,
受理,,1,,,,,,,
受骗,,1,,,,,,,
授权,,1,,,,,,,
授信,,1,,,,,,,
水果,,1,,,,,,,
说法,,1,,,,,,,
四年,,1,,,,,,,
搜集,,1,,,,,,,
随后,,1,,,,,,,
所得,,1,,,,,,,
台湾岛,,1,,,,,,,
台湾水果,,1,,,,,,,
台湾网,,1,,,,,,,
特大型,,1,,,,,,,
体系,,1,,,,,,,
天地,,1,,,,,,,
天津市委,,1,,,,,,,
停工,,1,,,,,,,
退出,,1,,,,,,,
妥善,,1,,,,,,,
外界,,1,,,,,,,
为名,,1,,,,,,,
温总理,,1,,,,,,,
五套,,1,,,,,,,
牺牲品,,1,,,,,,,
限度,,1,,,,,,,
相同,,1,,,,,,,
香港凤凰卫视,,1,,,,,,,
效力,,1,,,,,,,
写明,,1,,,,,,,
学甲镇,,1,,,,,,,
延迟,,1,,,,,,,
眼前,,1,,,,,,,
业务收入,,1,,,,,,,
一半,,1,,,,,,,
一倍,,1,,,,,,,
一票,,1,,,,,,,
一月份,,1,,,,,,,
一则,,1,,,,,,,
已应,,1,,,,,,,
义务,,1,,,,,,,
营业税,,1,,,,,,,
优惠关税,,1,,,,,,,
有个,,1,,,,,,,
有效期,,1,,,,,,,
余家,,1,,,,,,,
员工,,1,,,,,,,
原本,,1,,,,,,,
在案,,1,,,,,,,
暂时,,1,,,,,,,
这家,,1,,,,,,,
这两项,,1,,,,,,,
正如,,1,,,,,,,
指标,,1,,,,,,,
质疑,,1,,,,,,,
中国建设银行,,1,,,,,,,
中华全国供销合作总社,,1,,,,,,,
中介,,1,,,,,,,
周岁,,1,,,,,,,
诸如,,1,,,,,,,
助选,,1,,,,,,,
转向,,1,,,,,,,
资源配置,,1,,,,,,,
自然,,1,,,,,,,
综合利用,,1,,,,,,,
总社,,1,,,,,,,
总体而言,,1,,,,,,,
最低工资,,1,,,,,,,
安徽省,,,,,,,,,
合肥市,,,,,,,,,
73,,,,,,,,,
解难,,,,,,,,,
亲切,,,,,,,,,
新税法,,,,,,,,,
一赴,,,,,,,,,
做好事,,,,,,,,,
41.8,,,,,,,,,
4911,,,,,,,,,
65,,,,,,,,,
成千上万,,,,,,,,,
此举,,,,,,,,,
钉钉子,,,,,,,,,
反避税,,,,,,,,,
高风险,,,,,,,,,
高质量,,,,,,,,,
各项政策,,,,,,,,,
贯彻,,,,,,,,,
国有,,,,,,,,,
合肥,,,,,,,,,
进而,,,,,,,,,
考取,,,,,,,,,
落实工作,,,,,,,,,
全心全意,,,,,,,,,
日起,,,,,,,,,
日益,,,,,,,,,
商业银行,,,,,,,,,
市县,,,,,,,,,
往年,,,,,,,,,
稳定增长,,,,,,,,,
医院,,,,,,,,,
依靠,,,,,,,,,
尹赛楠,,,,,,,,,
远超,,,,,,,,,
真切,,,,,,,,,
中标,,,,,,,,,
住所,,,,,,,,,