台灣集團名稱,中港上市公司名稱,項目,董事長,總經理,行業別,台資,上市地點,股票代號,上市年份,幣別,狀態,2008,2009,2010,2011,2012,2013,2014,2015,2016,2017,2018,記載欄位,備註,年報網址
鴻海集團,富智康集團,補助款,池育阳,鸿海精密工业股份有限公司,资讯科技器材,y,香港,2038,2005,美元,OK,6657000,5607000,8298000,10159000,4517000,5650000,16085000,17010000,27397000,49563000,66622000,6. 其他收入、收益及虧損,"
附註: 主要指本集團於中國業務獲授的津貼。",http://file.finance.sina.com.cn/hkdata98/hk/hk_realtime_announcement/news/20190409/003458039-0.PDF
,富智康集團,營收,池育阳,鸿海精密工业股份有限公司,资讯科技器材,y,香港,2038,2005,美元,OK,9271000000,7214000000,6626000000,6354000000,5240000000,4997000000,6830000000,7451000000,6233000000,12080000000,14930000000,,,
鴻海集團,富士康工业互联网股份有限公司,補助款,李军旗（中）,郑弘孟（台）,其它,y,上海,601138,2018,人民幣,OK,,,,,,,,,228211000,404114000,493092000,十、 非经常性损益项目和金额,计入当期损益的政府补助(与企业业务密切相关， 按照国家统一标准定额或定量享受的政府补助除 外),http://static.sse.com.cn/disclosure/listedinfo/announcement/c/2019-03-30/601138_2018_n.pdf
,富士康工业互联网股份有限公司,營收,李军旗（中）,郑弘孟（台）,,y,,,,人民幣,,,,,,,,,,272712651000,354543851000,415377697000,,"主管業務：各类电子设备产品的设计、研发、制造与销售业务,依托于工业互联...",
鴻海集團,雲智匯科技服務有限公司,,,,,,香港,1037,1994,,未拿補助,,,,,0,0,0,0,0,0,0,,,http://www3.hkexnews.hk/listedco/listconews/SEHK/2018/0426/LTN20180426780_C.pdf
鴻海集團,鴻騰六零八八精密科技,補助款,卢松青,Foxconn Far East Cayman,,y,香港,6088,2017,美元,OK,,,,,,,,,2543000,8523000,9211000,7 其他收入,,http://www3.hkexnews.hk/listedco/listconews/SEHK/2018/0429/LTN20180429070_C.pdf
,鴻騰六零八八精密科技,營收,卢松青,Foxconn Far East Cayman,,y,,,,美元,,,,,,,,2482214000,2327902000,2880260000,3398803000,4005635000,,,
鴻海集團,鴻海集團,補助款,,,,,,,,台幣,,,,,,,,,,,,,,,
,鴻海集團,營收,,,,,,,,台幣,,,,,,,,,,,,,,,
鴻海集團,鵬鼎控股（深圳）股份有限公司,,,,,,深圳,2938,2018,美元,2018才上市資料不全,,,,,,,,,,,,,「泛鴻海」集團,
頂新國際集團,康師傅控股有限公司,補助款,魏宏名,魏张绿云,食物饮品,y,香港,322,1996,美元／人民幣*,OK,17068000,33395000,38958000,28521000,35978000,47814000,50079000,44996000,44350000,89241000*,166140000*,9. 其他淨收入,,http://doc.irasia.com/listco/hk/tingyi/annual/2018/car2018.pdf
,康師傅控股有限公司,營收,魏宏名,魏张绿云,,y,,,,美元／人民幣*,,4272053000,5081113000,6681482000,7866580000,9211852000,10940996000,63170397000*,57277611000*,55578849000*,58953788000*,60685645000*,,,
統一集團,統一企業中國控股公司,補助款,罗智先,统一企业股份有限公司,食物饮品,y,香港,220,2007,人民幣,OK,37637000,29944000,30740000,57050000,96723000,236064000,24955000,38621000,43284000,135866000,151099000,8. 其他收入,政府補助收入指自中國多個地方政府收取的 即時財務支援，作為本集團附屬公司對其所 在地區經濟及發展所作貢獻的回報。該等政 府補助屬無條件，亦無附帶須於日後達成的 承諾。有關金額已於綜合損益表之「其他收 入 」內 確 認。,http://www.uni-president.com.cn/annual.asp
,統一企業中國控股公司,營收,罗智先,统一企业股份有限公司,资讯科技器材,y,,,,人民幣,,9241571000,9108610000,12590784000,16931929000,21405723000,23328991000,22487671000,22101871000,20985532000,20821949000,21772240000,,,
裕隆集團,無,,,,,,,,,人民幣,無上市公司,,,,,,,,,,,,,,http://www.yulon-motor.com.tw/upload_img/files/investors/裕隆汽車106年報0531.pdf
群光藍天集團,無,,,,,,,,,人民幣,無上市公司,,,,,,,,,,,,,,https://www.clevo.com.tw/Upload/InfoFile/2018Q1合併財務報告書.pdf
華新麗華集團,無,,,,,,,,,人民幣,無上市公司,,,,,,,,,,,,,,http://www.walsin.com/walsin/page.do?menuId=43&reportYear=2018
光寶集團,無,,,,,,,,,人民幣,無上市公司,,,,,,,,,,,,,,https://www.liteon.com/zh-tw/investor/financialreports/8
旺旺集團,中國旺旺控股有限公司,補助款,蔡衍明,WPHL,食物饮品,y,香港,151,2008,美元／人民幣*,OK,15058000,32560000,31122000,47416000,42703000,55394000,59884000,72425000,368789000*,624066000*（~2018-03-31）,,25. 其他收入,,http://www.want-want.com/Investor/Report_74029018386530304.aspx?fbclid=IwAR3KdU3ZPpROa89TRKiECbf6IqAfKxayGIhem402oj-Q1kotd_CZvBu2ykI
,中國旺旺控股有限公司,營收,蔡衍明,WPHL,,y,,,,美元／人民幣*,,1553868000,1710854000,2244111000,2946500000,3358653000,23630104000*,23200585000*,21389320000*,19710128000*,24854462000*,,,,
聯華神通集團,無,,,,,,,,,美元／人民幣*,無上市公司,,,,,,,,,,,,,,
永豐餘集團,永道無線射頻標籤,,,,,,,,,美元／人民幣*,今年才申請中國上市,,,,,,,,,,,,,,
大成長城集團,大成食品(亞洲)有限公司,補助款,韩家宸,大成长城企业股份有限公司,农业产品,y,香港,3999,2007,人民幣／美元*,OK,777000*,3696000,7709000,4114000,18631000,27288000,8952000,421000,1871000,4018000,4288000,5. 其他經營收入及其他淨收益/（虧損）,,http://www.ir-cloud.com/hongkong/03999/irwebsite_c/index.php?mod=finreports
,大成食品(亞洲)有限公司,營收,韩家宸,大成长城企业股份有限公司,,y,,,,人民幣／美元*,,1293995000*,8484757000,9551759000,11215942000,11435455000,11751905000,11406166000,8899047000,8124053000,8507477000,7191911000,,,
遠東集團,亞洲水泥中國控股公司,補助款,徐旭东,亚洲水泥,建筑,y,香港,743,2008,人民幣,OK,20375000,51240000,16766000,72849000,73230000,62514000,76256000,56273000,50054000,71927000,94617000,9. 其他收入,,http://www.achc.com.cn/Upload/Investor/201804050817043025.pdf
,亞洲水泥中國控股公司,營收,徐旭东,亚洲水泥,,y,,,,人民幣,,3248152000,4207408000,5707320000,8206833000,6684149000,7330818000,8193700000,6391200000,6338200000,7815527000,11330347000,,,
明基友達集團,無,,,,,,,,,人民幣,無上市公司,,,,,,,,,,,,,,
大同集團,华映科技,,林俊（中）,陈伟（中）,制造业,,上海,536,,人民幣,OK,230000,230000,23218757,22894537,"20,386,423.28","35,188,561.2","28,343,168.99","51,960,620.25","43,407,980.41","484,142,517.77","10,910,140",,,
,华映科技,,,,,,,,,人民幣,,"131,424,233","67,374,789","3,024,096,792","2,182,537,883","1,822,389,937","5,543,853,869","7,018,186,608","5,433,566,703","4,435,992,658","4,889,052,084","4,517,789,138",,,
金寶電子集團,無,,,,,,,,,人民幣,無上市公司,,,,,,,,,,,,,,
緯創資通集團,無,,,,,,,,,人民幣,無上市公司,,,,,,,,,,,,,,
聯電集團,和艦科技（未上市）,,,,,,,,,人民幣,無上市公司,,,,,,,,,,,,,,
日月光集團,環旭電子,補助款,陈昌益、张洪本,魏镇炎,制造业,y,上海,601231,2012,人民幣,OK,,7223000,7181000,10968219,20111160.28,13914323.85,16913766.59,19338535.56,46729685.81,21349325.52,35560866.83,64、 其他收益,張虔生是董事,http://www.sse.com.cn/assortment/stock/list/info/announcement/index.shtml?productId=601231
,環旭電子,營收,陈昌益、张洪本,魏镇炎,,y,,,,人民幣,,,10687318287,13707809739,12707589805,13335294596,14272346743,21552222065,27260058959,23983883717,29705684978,33550275008,,,
益航集團,無,,,,,,,,,人民幣,無上市公司,,,,,,,,,,,,,,
台塑集團,宏昌電子,補助款,林瑞荣,江胜宗,制造业,y,上海,603002,2012,人民幣,OK,,,5527427.86,2658037.11,3570999.12,196257.22,3072500,5395175,1713522.53,269655.18,219371.25,63. 營業外收入,王永慶的兒子,
,宏昌電子,營收,林瑞荣,江胜宗,,y,,,,人民幣,,,,1251366882,1418920672,1230485104,1207385292,1216256763,950913681,909889780.3,1237094652,1803943408,,,
正崴集團,無,,,,,,,,,人民幣,無上市公司,,,,,,,,,,,,,,
英業達集團,無,,,,,,,,,人民幣,無上市公司,,,,,,,,,,,,,,
台泥集團,台泥國際,,,,,,,,,港幣,已下市,,,,,,,,,56668000（2014）,57046000（2015）,,8. 其他收入、收益及虧損,,http://www3.hkexnews.hk/listedco/listconews/sehk/2016/0405/ltn201604051068.pdf
東元電機集團,無,,,,,,,,,港幣,無上市公司,,,,,,,,,,,,,,
台達電子集團,達創科技,,,,,,香港,722,,港幣,已下市,,,,,,,,,,,,,,
國巨集團,無,,,,,,,,,港幣,無上市公司,,,,,,,,,,,,,,
宏碁集團,無,,,,,,,,,港幣,無上市公司,,,,,,,,,,,,,,
和碩集團,無,,,,,,,,,港幣,無上市公司,,,,,,,,,,,,,,
燦坤企業集團,無,,,,,,,,,港幣,無上市公司,,,,,,,,,,,,,,
億光集團,無,,,,,,,,,港幣,無上市公司,,,,,,,,,,,,,,
練台生集團,無,,,,,,,,,港幣,無上市公司,,,,,,,,,,,,,,
東和鋼鐵集團,無,,,,,,,,,港幣,無上市公司,,,,,,,,,,,,,,
台玻集團,無,,,,,,,,,港幣,無上市公司,,,,,,,,,,,,,,
華碩集團,無,,,,,,,,,港幣,無上市公司,,,,,,,,,,,,,,
85度C,無,,,,,,,,,港幣,無上市公司,,,,,,,,,,,,,,
和桐集團,無,,,,,,,,,港幣,無上市公司,,,,,,,,,,,,,,
廣達集團,無,,,,,,,,,港幣,無上市公司,,,,,,,,,,,,,,
聯發科集團,汇顶科技,,张帆,张帆,其它行业,,深圳,603160,2016,人民幣,OK,,,,,,,,,11468839,16391414,20030301,,智能人机交互技术的研究与开发。,
,汇顶科技,,,,,,,,,人民幣,,,,,,,,,,3079331261,3681594309,3721291686,,,
中強光電集團,無,,,,,,,,,人民幣,無上市公司,,,,,,,,,,,,,,
和泰集團,無,,,,,,,,,人民幣,無上市公司,,,,,,,,,,,,,,
建國工程,無,,,,,,,,,人民幣,無上市公司,,,,,,,,,,,,,,
東森？,自然美,補助款,雷倩,Next Focus Holdings Limited,纺织、服饰及个人护理,y,香港,157,,港幣,OK,2170000,7490000,9359000,5569000,6892000,6965000,2134000,8527000,6498000,4187000,2230000,,,http://www.ir-cloud.com/hongkong/00157/irwebsite_c/index.php?mod=finreports
,自然美,營收,雷倩,Next Focus Holdings Limited,,y,,,,港幣,,592701000,538092000,485389000,591295000,591295000,439421000,505761000,506913000,475225000,399579000,369525000,,,
達芙妮,達芙妮國際控股有限公司,補助款,张智凯,Lucky Earn International Limited,纺织、服饰及个人护理,y,香港,210,,港幣,OK,4730000,29623000,30488000,35569000,49895000,37192000,14647000,6208000,5880000,2390000,19068000,,,http://www.daphneholdings.com/financial-reports/
,達芙妮國際控股有限公司,營收,张智凯,Lucky Earn International Limited,,y,,,,港幣,,5289297000,5831994000,6623840000,8576762000,10529100000,10446500000,103556000000,8379095000,6501677000,5210995000,4127100000,,,
湯臣,湯臣集團有限公司,,,,,,香港,258,,港幣,無補助,,,,,,,,,,,,,湯臣電影公司，投資過《霸王別姬》,http://www.tomson.com.hk/financial_report_tc.asp
勤美集團,勤美達國際控股有限公司,,,,,,香港,319,,美元,已下市,,,,,,,,,無,,,,,
,勤美達國際控股有限公司,,,,,,,,,美元,,,,,,,,346855000,309506000,303125000,,,,,
,華顯光電（唯冠國際控股有限公司）,,廖骞,TCL集团公司,资讯科技器材,,香港,334,,人民幣,,,,,,無,無,無,12745000,4798000,39817000,7749000,,補貼收入指中國內地相關政府給予的多項政府撥款以支持本集團發展相關項目。管理層認為，該等撥款並無任何相關之尚未 達成條件或備用情況。,
,華顯光電（唯冠國際控股有限公司）,,,,,,,,,人民幣,,,,,,無,無,無,3688161000,3678153000,3464573000,5280861000,,,
,富陽(中國)控股有限公司,,,,,,香港,352,,人民幣,無補助,,,,,,,,,,,,,,
新焦點,新焦點汽車技術控股有限公司,,杜敬磊,"CDH Fund IV, L.P.",支援服务,,香港,360,,人民幣,,,,,,2586000,932000,1658000,107000,2058000,578000,1152000,,該結餘指就中國若干附屬公司繳付的稅項自地方政府獲取的補償收入以及中國地方政府給予的補助,
,新焦點汽車技術控股有限公司,,,,,,,,,人民幣,,,,,,1397885000,1414616000,1397498000,1254191000,1292665000,1267928000,1792548000,,,
,越南製造加工出口(控股)有限公司,,,,,,香港,422,,人民幣,無補助,,,,,,,,,,,,,,
,敏實集團有限公司,補助款,秦荣华,魏清莲,汽车,y,香港,425,,人民幣,OK,44789000,4346000,45449000,74671000,55121000,54598000,109573000,90675000,74960000,140291000,115717000,,該等金額指中國當地政府機關授予集團實體的多項獎勵補助，以獎勵在質量監控或環保方面表現良好或從事高科技產業及產品開發活 動的集團實體。政府補助為無條件亦已獲中國當地政府機關批准。,
,敏實集團有限公司,營收,秦荣华,魏清莲,,y,,,,人民幣,,1966464000,2544680000,3575594000,3889405000,4329906000,5510385000,6683880000,7654123000,9399992000,11384495000,12553202000,,,
,凱普松國際電子有限公司,補助款,林金村,林金村,工业工程,y,香港,469,,人民幣,OK,8595000,605000,無,1500000,2240000,246000,2412000,7183000,3728000,6689000,10277000,,"截至二零一八年十二月三十一日止年度，本集團確認政府補助人民幣10,277,000元(二零一七年:人民幣6,617,000 元)，其為獎勵從事電容器產品之生產。此外，該金額亦包括截至二零一七年十二月三十一日止年度之解除遞延收入 人民幣72,000元。遞延收入之詳情載於附註28。",
,凱普松國際電子有限公司,營收,林金村,林金村,,y,,,,人民幣,,912642000,775053000,1045812000,1119603000,970975000,1072741000,989625000,849118000,946643000,1069104000,1202237000,,,
,聖馬丁國際控股有限公司,,刘幼祥,万基证券有限公司,家庭电器及用品,,香港,482,,港幣,,,,,,無,無,無,無,無,-439000,-955000,,,
,聖馬丁國際控股有限公司,,,,,,,,,港幣,,,,,,,,,,,1544838000,1300358000,,,
,瀚智集團有限公司,,,,,,香港,516,,港幣,已下市,,,,,,,,,,,,,,
,順誠控股有限公司,,,,,,香港,531,,美元/港元*,無補助,,,,,,,,,,,無,,,
,裕元工業(集團)有限公司,,,,,,香港,551,,美元,無補助,,,,,,,,,,9121400000,9695300000,,,
,安域亞洲（港台集團有限公司）,,,,,,香港,645,,美元,無補助,,,,,,,,,,,,,,
,創信國際控股有限公司,,,,,,香港,676,,美元,無補助,,,,,,,,,,,,,,
合晶集團,陽光能源控股有限公司,,谭文华,Hiramatsu Hiroharu,工业工程,,香港,757,,人民幣,,,,,,41033000,24654000,33274000,22530000,20913000,29089000,46184000,6. 其他收入及收益，淨額,,
,陽光能源控股有限公司,,,,,,,,,人民幣,,,,,,996836000,2150328000,2864699000,2899550000,3020976000,3999616000,4022452000,,,
,仁天科技控股（福方集團有限公司）,,景百孚,,软件服务,,香港,885,,港幣,,,,,,無,無,536000,7634000,8736000,14687000,13667000,,政府補助指對本公司若干位於中國之附屬公 司作出之獎勵，毋須遵守其他義務及條件。,
,仁天科技控股（福方集團有限公司）,,,,,,,,,港幣,,,,,,2189000,13234000,525517000,904096000,1203580000,1531414000,1134936000,,,
,冠捷科技有限公司,,宣建生,中国电子信息产业集团有限公司,资讯科技器材,,香港,903,,美元,,,,,,30674000,35530000,32684000,38776000,36061000,31424000,46661000,,財務退款、政府資助及技術創新補貼來自政府。,
,冠捷科技有限公司,,,,,,,,,美元,,,,,,11974836000,11972698000,11681427000,11061525000,9808337000,9584710000,9147635000,,,
,道和環球（林麥集團有限公司）,,周希俭,周希俭,工用支援,,香港,915,,美元,無補助,,,,,,,,,,,,,,
,榮暉國際集團有限公司,,游振华,,原材料,,香港,990,,美元,無補助,,,,,,,,,,,,,,
,林達控股（福邦控股有限公司）,,谢炳,一带一路金融有限公司,其他金融,,香港,1041,,美元,無補助,,,,,,,,,,,,,,
華固,美亞控股有限公司,,李国梁,陈威 林锦和,一般金属及矿石,,香港,1116,,人民幣,,,,,,1028000,367000,648000,507000,1000000,1852000,1172000,,因支持本集團經營及鼓勵創新生產技術而獲地方政府機關發放政府補貼，享有該等補貼乃無條件。,
,美亞控股有限公司,,,,,,,,,人民幣,,,,,,498478000,561105000,541360000,420225000,388678000,367107000,426149000,,,
,中國水業集團有限公司,,林岳辉,邓俊杰,公用事业,,香港,1129,,港幣,,,,,,90319000,95980000,19237000,17256000,29550000,24803000,30721000,,,
,中國水業集團有限公司,,,,,,,,,港幣,,,,,,327885000,510959000,507963000,528586000,550646000,701524000,950166000,,"2014年政府補助款減少76,740,000港元，主要是由於宜春供水償 還政府補助款61,770,000港元所致。除該債券以港元計值外，借貸主要以人民幣計值。",
,德金資源,,,,,,香港,1163,,港幣,已下市,,,,,,,,,,,,,,
,信星鞋業集團有限公司,,,,,,香港,1170,,港幣,無補助,,,,,,,,,,,,,,
,新灃集團有限公司,,郑盾尼,李华熙,纺织、服饰及个人护理,,香港,1223,,港幣,,,,,,-35527000,無,無,1695000,1801000,901000,2030000,, 本集團獲授來自中國相關政府部門的補 助，以支持本集團於中國的零售業務。就 取得該補助而言，並無未完成的條件。／在沈陽開辦業務而 獲沈北政府發出的獎勵性基建補貼（未有明細，跟中山出售土地的收益併列）,
,新灃集團有限公司,,,,,,,,,港幣,,,,,,1967574000,219165000,263831000,351067000,363856000,348919000,381848000,,,
,隆成集團(控股)有限公司,,,,,,香港,1225,,港幣,無補助,,,,,,,,,,,,,,
台一國際,企展控股（台一國際控股有限公司）,,,,,,香港,1808,,港幣,無補助,,,,,,,,,,,,,,
,九興控股有限公司,補助款,陈立民,Cordwalner Bonaventure Inc.,纺织、服饰及个人护理,y,香港,1836,,美元／人民幣*,OK,無,無,無,無,無,111000*,無,6105000,6512000,7213000,6961000,,"我們已自中國當地政府機關收取作為補償營運開支的政府補助。並無未達成與該等補助有關的附帶條件，亦無或然項目。／於二零一三年，我們獲得政府提供人民幣 111,000元以提供培訓材料。",
,九興控股有限公司,營收,陈立民,Cordwalner Bonaventure Inc.,,y,,,,美元／人民幣*,,,,,,,1541471000,,1769852000,1550864000,1577270000,1588583000,,,
真明麗,同方友友（真明麗控股有限公司）,,黄俞,同方股份有限公司,家庭电器及用品,,香港,1868,,人民幣,,,,,,10428000,23206000,15811000,2250000,無,6459000,51540000,,,
,同方友友（真明麗控股有限公司）,,,,,,,,,人民幣,,,,,,1083835000,827039000,558173000,602438000,611243000,665724000,693698000,,,
大洋集團,大洋集團控股有限公司,補助款,施琦,施琦,工业工程,y,香港,1991,,港幣,OK,264000,1361000,1853000,1592000,1121000,4597000,1980000,271000,124000,33000,451000,,"於二零一三年，本集團就發展高分辨率柔 性電路板技術收到東莞市科學技術局給予 約2,962,000港元的政府補貼金(「補助金 乙」)。年內，該項技術的專利登記已完成。 截至二零一八年七月三十一日止年度，遞 延收入約144,000港元(二零一七年:不適 用)已就補助金乙於綜合損益表確認。／2006年，本集團於附屬公司湖洲大洋電子科技有限公司的經擴大投資可獲政府一筆一次性補助金。",
,大洋集團控股有限公司,營收,施琦,施琦,,y,,,,港幣,,744908000,620251000,812093000,787348000,624525000,551326000,467264000,426242000,386516000,400500000,33160000,,,
台表科,峻凌國際控股有限公司,,,,,,香港,1997,2007,港幣,已下市,,,,,,,,,,,,,,
味丹集團,味丹國際(控股)有限公司,補助款,杨头雄,Billion Power Limited,食物饮品,y,香港,2317,2003,美元,OK,,,,,無,無,無,無,無,392000,219000,,,
,味丹國際(控股)有限公司,營收,杨头雄,Billion Power Limited,,y,,,,美元,,,,,,,,,,,322805000,356772000,,,
寶成集團,鷹美(國際)控股有限公司,補助款,锺育升,裕元工业(集团)限公司,纺织、服饰及个人护理,y,香港,2368,2003,港幣,OK,無,無,10591000,9189000,6646000,3403000,3974000,2820000,4725000,8312000,3872000,,"本集團於二零一四年三月三十一日的其他 應付款項包括從中國江西省宜豐縣人民 政府所收取3,974,000港元(二零一三年: 3,403,000港元)的補助，作為本集團開發江 西項目的基本建設建造成本。年內，已動 用639,000港元(二零一三年:3,243,000港 元)並以建築成本抵銷。",
,鷹美(國際)控股有限公司,營收,锺育升,裕元工业(集团)限公司,,y,,,,港幣,,,,1061179000,1164762000,1446000000,1444000000,1484000000,1517109000,1534592000,1757316000,2109422000,,,
友佳,友佳國際控股有限公司,補助款,朱志洋,朱志洋,工业工程,y,香港,2398,2006,人民幣,OK,2049000,774000,1825000,864000,3113000,6619000,1550000,無,61180000,22182000,22787000,,政府補貼及補助主要指返還有關銷售工具機及停車設備所涉及軟件之增值稅。該等補貼及補助入賬列作即時財務支援(並 無預期將產生之未來有關成本且與任何資產概無關連)。／2009 年，本集團收到政府補貼是由於一間附屬公司在杭州成為納稅大戶之一而獲授予。,
,友佳國際控股有限公司,營收,朱志洋,朱志洋,,y,,,,人民幣,,730517000,776838000,1374183000,1884132000,1540856000,1350271000,1300119000,990239000,1082336000,1294801000,1090693000,,,
能率集團,精熙國際(開曼)有限公司,,,,,,香港,2788,2006,人民幣,無補助,,,,,,,,,,,,,,
,晶門科技國際有限公司,,马玉川,华大半导体有限公司,半导体,,香港,2878,2006,美元,,,,,,無,無,無,454000,1398000,5883000,4162000,,年內，本集團的研發項目已獲得各種政府補 助，並沒有與這些撥款有關的未履行條件。,
,晶門科技國際有限公司,,,,,,,,,美元,,,,,,65100000,55200000,60100000,70900000,68400000,82464000,98148000,,,
巨騰,巨騰國際控股有限公司,補助款,郑立育,郑立育,资讯科技器材,y,香港,3336,2005,港元,OK,無,6090000,4849000,2449000,8773000,19954000,128743000,43592000,145761000,143411000,48434000,,,
,巨騰國際控股有限公司,營收,郑立育,郑立育,,y,,,,港元,,7249183000,7463909000,7166213000,8234507000,9201313000,9256832000,9571195000,8936133000,8002359000,7751797000,9072101000,,於中國大陸之企業已收取為推動製造業的數項政府津貼 。並無就該等津貼有任何未達成的條件或其他或然事項 。,
,松景科技控股有限公司,,,,,,香港,1079,1999,港元,無補助,,,,,,,,,,,,,,
,松景科技控股有限公司,,,,,,,,,港元,,,,,,,,,,,,,,,
,國農控股（前身為乾隆科技國際控股有限公司）,,,,,,香港,1236,1999,人民幣,2017年開始停牌至今,,,,,1793000,841000,864000,610000,,,,其他收入,,
,國農控股（前身為乾隆科技國際控股有限公司）,,,,,,,,,人民幣,,,,,,105747000,95659000,116767000,159876000,,,,,,
,年代國際控股有限公司,,,,,,香港,8043,2010,人民幣,已下市,,,,,,,,,,,,,,
,年代國際控股有限公司,,,,,,,,,人民幣,,,,,,,,,,,,,,,
,树熊金融集团（上聲國際控股有限公司）,,,,,,香港,8226,2002,港元,無補助,,,,,,,,,,,,,,
,树熊金融集团（上聲國際控股有限公司）,,,,,,,,,港元,,,,,,875577000,510677000,49022000,87011000,63906000,15960000,41649000,,,
楠電集團,沪电股份,補助款,吴礼淦,吴传彬,制造业,y,深圳,2463,2010,人民幣,OK,,,8000000,8000000,2105118,1866358,39784879,54433840,194905914,64168955,63339586,非经常性损益项目及金额,,
,沪电股份,營收,吴礼淦,吴传彬,,y,,,,人民幣,,,,2995100968,3136943105,3144260513,3017358116,3291794942,3377136295,3790284705,4626744296,5496885226,,,
,信隆健康（信隆实业）,補助款,廖学金,廖学湖,制造业,y,深圳,2105,2007,人民幣,OK,無,1521419,786544,3419889,1254038.36,3145233.36,1379733.36,2363333.36,2478025.76,6519620.05,7267687.57,非经常性损益项目及金额,,
,信隆健康（信隆实业）,營收,廖学金,廖学湖,,y,,,,人民幣,,1414799035,1058408167,1332812214,"1,361,096,511",1521899607,1449190612,1596848365,1358901139,1382195305,1745649312,1503418918,,,
,罗普斯金,補助款,吴明福,钱芳,制造业,y,深圳,2333,2010,人民幣,OK,,無,1111000,96000,192500,1737400.57,233000,34107257.96,80776281.66,45613139.42,6305770.13,非经常性损益项目及金额,,
,罗普斯金,營收,吴明福,钱芳,,y,,,,人民幣,,,934634235,963797026,1104988535,1138647851,1064445175,1080319622,1080167412,977172460.4,1032480739,1102974425,,,
漢鐘精機,汉钟精机,補助款,余昱暄,柯永昌,制造业,y,深圳,2158,2007,人民幣,OK,3056140,2667260,8970986,3569110,809040.72,4483604.03,5107236.94,6553906.06,6682465.6,8070280.34,8095177.03,非经常性损益项目及金额,,
,汉钟精机,營收,余昱暄,柯永昌,,y,,,,人民幣,,433524904,413613663,697889994,860443581,700094360.4,849521030,989738179.1,1122847254,1245889581,1604488619,1731630241,,,
,悦心健康,補助款,李慈雄,李慈雄,制造业,y,深圳,2162,2007,人民幣,OK,6500930,24619476,39537389,10162874,31289355,55210178,12047400,1892113,7392871.6,5416400,12603041.74,非经常性损益项目及金额,政府奖励款 722 万， 劳动力安置补贴 110 万，拓宽融资渠道补 贴183万,
,悦心健康,營收,李慈雄,李慈雄,,y,,,,人民幣,,863525681,976233940,1001684608,910430705,884542932.5,893426787.3,845393756,684202182.3,777888772.2,900219675.7,977878550.1,,,
,台基股份,,邢雁,袁雄,制造业,,深圳,300046,2004,人民幣,OK,,"2,107,545","4,919,286","3,371,347","1,893,547.78",3502447.78,5555281.11,4895862.45,2337843.76,1679262.14,499262.14,非经常性损益项目及金额,,
,台基股份,,,,,,,,,人民幣,,,211324667,267419338,322939014,269672212.5,220113206.9,221713221.9,166154459.7,242091866.1,278651806.1,418108793,,,
,海鸥住工,補助款,唐台英,王瑞泉,制造业,y,深圳,2084,2006,人民幣,OK,6698362,3108087,6698362,1589507,10240186.6,4703129.13,2427449.73,7068032.02,9400337.51,14843402.46,13318751.28,非经常性损益项目及金额,,
,海鸥住工,營收,唐台英,王瑞泉,,y,,,,人民幣,,1666082498,1199541500,1666082498,1487988413,1651430621,1675669916,1649972495,1714909435,1786562164,2070648154,2224695145,,,
,元祖股份,補助款,张秀琬,张秀琬,其它行业,y,上海,603886,2016,人民幣,OK,,,,,,,3614312.8,5425783.03,5572553.2,5078947.48,5636133.89,非经常性损益项目和金额,烘焙食品的研发、生产与销售。,
,元祖股份,營收,张秀琬,张秀琬,,y,,,,人民幣,,,,,,,,1478323015,1577201367,1591643557,1777241093,1958215895,,,
,哈森商贸,補助款,陈玉珍,陈芳德,制造业,y,上海,603958,2016,人民幣,OK,,,,,,,27438870,40732059.4,32492022.6,8158737.93,43762503.03,非经常性损益项目和金额,,
,哈森商贸,營收,陈玉珍,陈芳德,,y,,,,人民幣,,,,,,,,2048916919,1938532809,1682455208,1496871965,1347678813,,,
,鼎捷软件,補助款,孙蔼彬,叶子祯,计算机应用服务业,y,深圳,300378,2014,人民幣,OK,,,,,4730000,6386536.84,10300831.62,6730500,5752536.14,5852087.53,4188461.28,非经常性损益的项目及金额,,
,鼎捷软件,營收,孙蔼彬,叶子祯,,y,,,,人民幣,,,,,,995011612.4,1059267598,1053186652,1020116619,1140012842,1215980531,1341521548,,,
,新莱应材,補助款,李水波,李水波,制造业,y,深圳,300260,2011,人民幣,OK,,,,9656363,1217600,1130343,496550,1431120.79,1591863.57,1591046.16,8394071.98,非经常性损益项目及金额,,
,新莱应材,營收,李水波,李水波,,y,,,,人民幣,,,,,"314,843,861",322711315.9,442596676.5,422112370.7,426625097.3,490281760.2,637747334.2,1174670845,,,
,金鸿顺,補助款,洪建沧,洪建沧,其它行业,y,上海,603922,2017,人民幣,OK,,,,,,,,,,4082282.32,3332328.23,补充资料,汽车车身和底盘冲压零部件及其相关模具的开发、生产与销售。,
,金鸿顺,營收,洪建沧,洪建沧,,y,,,,人民幣,,,,,,,,,854231386,901058760.7,1042442069,1069736469,,,
亞翔,亚翔集成,補助款,姚祖骧,毛智辉,装修装饰业,y,上海,603929,2016,人民幣,OK,,,,,,,,800,18731,3259502.38,649752.74,营业外收入,,
,亚翔集成,營收,姚祖骧,毛智辉,,y,,,,人民幣,,,,,,,,514527049.4,1180994351 .45,2141270753,1780812306,2255868187,,,
,优德精密,補助款,曾正雄,陈志伟,其它行业,y,深圳,300549,2016,人民幣,OK,,,,,,,,500918.01,6015428.13,1535411.24,3863138.41,非经常性损益项目及金额,汽车模具零部件、半导体计算机模具零部件、家电模具零部件等精密...,
,优德精密,營收,曾正雄,陈志伟,,y,,,,人民幣,,,,,,,,308694055.3,309089979.9,364054892.5,"460,802,342.1",380943147.3,,,
,晋亿实业,補助款,蔡永龙,蔡晋彰,制造业,y,上海,601002,2007,人民幣,OK,,3670884,4995225,9680331,25525124,18881071,16184371,6203196,14860913,3314361,7221887,非经常性损益项目和金额,主要业务是各类紧固件产成品、中间产品的研发、生产和销售。,
,晋亿实业,營收,蔡永龙,蔡晋彰,,y,,,,人民幣,,,1708428416,3024496114,"2,703,444,473",2596338695,2732722792,3008101238,2278105619,2284401358,2966888614,3471277744,,,
,艾艾精工,補助款,涂木林,涂国圣,其它行业,y,上海,603580,2017,人民幣,OK,,,,,,,,,3142530.31,5220112.95,3272762.46,非经常性损益项目和金额,臺商首例 艾艾精工從新三板轉A股,
,艾艾精工,營收,涂木林,涂国圣,,y,,,,人民幣,,,,,,,,,147108355.9,149385638.4,155020773.9,188114469,,,
榮成環保,荣成环保,,,,,,,,,人民幣,撤銷上市,,,,,,,,,,,,,,
南僑集團,南侨,,,,,,上海,,2018,人民幣,2018 年才上市,,,,,,,,,,,,,,
,富滿電子,補助款,刘景裕,刘景裕,其它行业,y,深圳,300671,2017,人民幣,OK,,,,,,,,2370433.1,4429685,6061309.46,13543119.54,非经常性损益项目及金额,从事高性能模拟及数模混合集成电路的设计研发、封装、测试和销售...,
,富滿電子,營收,刘景裕,刘景裕,,y,,,,人民幣,,,,,,,,,273229196,329642788.8,439734381.5,496688658.5,,,
,中潛股份有限公司,,张顺,张顺,制造业,,深圳,300526,2016,人民幣,OK,,,,,,,2114878.3,4205300,913127.78,6338883.82,1561985.53,非经常性损益项目及金额,,
,中潛股份有限公司,,,,,,,,,人民幣,,,,,,,,288784547.9,370678166.3,370732451.3,384530296.2,400848006,,,
,優德精密,補助款,曾正雄,陈志伟,其它行业,y,深圳,300549,2016,人民幣,OK,,,,,,,"382,000",500918.01,6015428.13,1535411.24,3863138.41,非经常性损益项目及金额,汽车模具零部件、半导体计算机模具零部件、家电模具零部件等精密..,
,優德精密,營收,曾正雄,陈志伟,,y,,,,人民幣,,,,,,,,308694055.3,309089979.9,364054892.5,460802342.1,380943147.3,,,
,四方精創,,周志群,周志群,计算机应用服务业,,深圳,300468,2015,人民幣,OK,,,,,,3304800,2802400,1414200,2676802.5,3456300,4098847.28,非经常性损益项目及金额,,
,四方精創,,,,,,,,,人民幣,,,,,,,315328828.8,337988183.1,300329658.4,367045428.4,507805832,487816568.8,,,
,惠倫晶體,補助款,赵积清,姜健伟（台）,制造业,y,深圳,300460,2015,人民幣,OK,,,,,,3428067.84,3919752.44,1019111.84,2122864.37,6053382.67,5180574.54,非经常性损益项目及金额,,
,惠倫晶體,營收,赵积清,姜健伟（台）,,y,,,,人民幣,,,,,,,400437123.6,404157127.4,416417144.3,369797361.8,363278187.7,318987012.3,,,
,勁勝智能,補助款,王九全,王建,制造业,y,深圳,300083,2010,人民幣,OK,,"2,164,367","5,127,580",1628839,5293388,2821217,9786628,22039277.61,35161748.76,51199674.45,39976455.38,非经常性损益的项目及金额,,
,勁勝智能,營收,王九全,王建,,y,,,,人民幣,,,"719,213,821","959,932,089","1,341,674,441",2029377191,3278007700,3980510949,3566693241,5136245300,6421723026,5506543759,,,
,英派斯,,丁利荣,丁利荣,其它行业,,深圳,2899,2017,人民幣,OK,,,,,,,,710439,2477889,4228752.04,8004784.2,非经常性损益项目及金额,,
,英派斯,,,,,,,,,人民幣,,,,,,,,,730908842.4,778654214.4,857231847.2,907663032.6,,,
,華統股份,,朱俭勇,朱俭军,制造业,,深圳,2840,2017,人民幣,OK,,,,,,,20681489.12,27512651.77,20182932.82,27717693.4,32915105.99,非经常性损益项目及金额,,
,華統股份,,,,,,,,,人民幣,,,,,,,,1630397001,1943697587,3992121272,4715431945,5118042889,,,
,寶馨科技,,陈东,朱永福,制造业,,深圳,2514,2010,人民幣,OK,,,106571,"11,552,931",917107.48,1048944.35,987710.62,"2,157,420.13",2214694.46,6793382.89,4820553.59,非经常性损益项目及金额,,
,寶馨科技,,,,,,,,,人民幣,,,,"267,608,157",288914534,288578562.1,328148816.7,419865028.4,523071860.2,547908294.8,548333314.1,807119529.3,,,
,立訊精密,,王来春,王来春,制造业,,深圳,2475,2010,人民幣,OK,,,"2,674,740","10,042,682","12,753,396",54690997.95,59945521.68,82752518.76,73873529.83,116620041.9,123984003.4,非经常性损益项目及金额,,
,立訊精密,,,,,,,,,人民幣,,,,1010548735,2555567715,3147201587,4591656698,7295948570. 78,10139492447,13762595894,22826099790,35849964160,,,
,國統股份,,徐永平,卢兆东,制造业,,深圳,2205,2007,人民幣,OK,,,,5910369.47,1948699.96,590415.33,928459.96,3887339.96,1328050.96,1873784.96,1426545.39,非经常性损益项目及金额,,
,國統股份,,,,,,,,,人民幣,,,,,640145903.6,472360557.4,870972272,803447558.8,392984833.1,600734208.9,789108710.4,789157206.8,,,
,弘訊科技,補助款,熊钰麟,俞田龙,制造业,y,上海,603015,2015,人民幣,OK,,,,,,1917184.33,1575497,2505842,9478800.9,4780649.99,10510140.2,非经常性损益项目和金额,,
,弘訊科技,營收,熊钰麟,俞田龙,,y,,,,人民幣,,,,,,,438231474.8,457045349.7,386579159.3,530860117.2,732854078.6,685622485.5,,,
,華懋科技,,张初全,张初全,制造业,,上海,603306,2014,人民幣,OK,,,,,1663662.93,1286837.48,2875229.55,7082474.15,4292903.95,5448364.49,6977340.93,,,
,華懋科技,,,,,,,,,人民幣,,,,,,296919220.3,396403543.1,531122158.1,676168709.2,889569444.7,989404740.1,983262755.3,,,
,怡球金屬資源,補助款,黄崇胜,刘凯珉,制造业,y,上海,601388,2012,人民幣,OK,,,6397488,4652033,8303637,1266457,2895651,1657511,5170000,1278120,2733670,,,
,怡球金屬資源,營收,黄崇胜,刘凯珉,,y,,,,人民幣,,,,3673331642,5403430702,5295178561,4877044911,4313953662,3490388949,3766844813,5384040136,6296541934,,,
,大中華金融,,,,,,香港,431,1992,人民幣,無補助,,,,,,,,,,,,,,
,恆富控股,,李海枫,Dragon Peace Limited,纺织、服饰及个人护理,,香港,643,2000,港幣,僅有一年拿補助,,,,,無,無,無,無,無,111000,無,,,
,恆富控股,,,,,,,,,港幣,,,,,,122737000,145838000,153176000,120695000,123105000,244590000,328513000,,,
,大豐港和順科技,,陶莹,,工用支援,,香港,8310,2013,港幣,OK,,,,,無,無,無,無,1906000,2778000,112000,,"2016年內，本集團分別從中國江蘇省大豐區地方政府 收取一次性退稅人民幣 1,521,000 元(約 1,774,000 港元)(二零一五年:無)及就業補貼人民幣 113,000 元(約 132,000 港元)(二零一五年:無)。 該等補貼旨在鼓勵本集團推動大豐區內經濟。",
,大豐港和順科技,,,,,,,,,港幣,,,,,,452111000,466456000,367620000,260395000,563708000,3225426000,4169489000,,,
,中芯國際,,,,,,香港,981,2004,美元,非台資,,,,,150347000,85972000,8268000,8280000,126845000,110999000,143485000,,"獲上海市主管政府機構發出書面批准，據此，向中芯南方給予每年度金額不低於國家集成電路基金總出資額
4%、持續年限不少於5年的政府補貼／就特殊研發項目的政府補貼
截至二零一一年 十二月三十一日 止年度
千美元
22,795
截至二零一二年 十二月三十一日 止年度
 
千美元
28,993
在若干特殊研發項目方面，本公司於二零一二年及二零一一年已分別獲得政府54.1百萬美元 及126.1百萬美元之獎勵，並已以償付若干研發開支之形式分別確認31.0百萬美元及42.6百萬 美元。該獎勵遞延至按補助方面所指定的目標已經達成，始認列為研發開支之扣減。／就特殊研發項目的政府補貼
截至二零一一年 十二月三十一日 止年度
千美元
22,795
截至二零一二年 十二月三十一日 止年度
 
千美元
28,993
在若干特殊研發項目方面，本公司於二零一二年及二零一一年已分別獲得政府54.1百萬美元 及126.1百萬美元之獎勵，並已以償付若干研發開支之形式分別確認31.0百萬美元及42.6百萬 美元。該獎勵遞延至按補助方面所指定的目標已經達成，始認列為研發開支之扣減。",
,中芯國際,,,,,,,,,美元,,,,,,1701598000,2068964000,1969966000,2236415000,2914180000,3101175000,3359984000,,,
,華潤微電子,,,,,,香港,597,2004,美元,下市,,,,,,,,,,,,,,
,天然乳品（中國金匯礦業）,,,,,,香港,462,2005,美元,停牌,,,,,,,,,,,,,,
,中播控股,,,,,,香港,471,2005,美元,無補助,,,,,,,,,,,,,,
,偉俊礦業集團,,,,,,香港,660,1993,美元,無補助,,,,,,,,,,,,,,
寶成集團,寶勝國際,,,,,,香港,3813,2008,美元,無補助,,,,,,,,,,,,,,
,高鑫零售,,张勇,吉鑫控股有限公司,零售,,香港,6808,2011,人民幣,OK,,,78000000,126000000,82000000,119000000,149000000,126000000,167000000,165000000,200000000,,政府補貼指自地方機關收取的補貼。,
,高鑫零售,,,,,,,,,人民幣,,,,56168000000,68084000000,77851000000,86195000000,91855000000,96414000000,100441000000,102320000000,101315000000,,,
,天福,補助款,李瑞河,General Atlantic Singapore Fund Pte. Ltd.,食物饮品,y,香港,6868,2011,人民幣,OK,,,5067000,4155000,10066000,13057000,10934000,8802000,10221000,11611000,17093000,,本集團的其他收入由截至2010年12月31日止年度的人民幣9.0百萬元下降17.8%至截至2011年12月31日止年 度的人民幣7.4百萬元。其他收入下降主要由於中國地方政府補助下降，由截至2010年12月31日止年度的 人民幣5.1百萬元下降至截至2011年12月31日止年度的人民幣4.2百萬元，投資物業租金收入由截至2010年 12月31日止年度的人民幣1.7百萬元下降至截至2011年12月31日止年度的人民幣1.3百萬元。,
,天福,營收,李瑞河,General Atlantic Singapore Fund Pte. Ltd.,,y,,,,人民幣,,,,1246993000,1753317000,1706598000,1661577000,1688589000,1518045000,1484718000,1576561000,1635562000,,,
,無縫綠色,,黄健雄,凌家珍,家庭电器及用品,,香港,8150,2001,人民幣,無補助,,,,,,,,,,,,,,