101年11-12月期統一發票特別獎1000萬中獎清冊,,,,,,,,,,,,,,,,,,,,,,,,,,,,,
序號,發票號碼,開立發票營業人,營業地址,交易項目,,,,,,,,,,,,,,,,,,,,,,,,,
1,GW87165494,台灣咖哩好侍餐廳股份有限公司南京分公司,臺北市松山區南京東路3段,餐費,,,,,,,,,,,,,,,,,,,,,,,,,
2,HU87165494,統一超商股份有限公司台北縣第680分公司,新北市板橋區華德里德興街,礦泉水,,,,,,,,,,,,,,,,,,,,,,,,,
3,HF87165494,美德耐股份有限公司亞東門市部,新北市板橋區南雅南路2段,咖啡,,,,,,,,,,,,,,,,,,,,,,,,,
4,HA87165494,台灣中油股份有限公司油品行銷事業部台北營業處三重重陽路加油站,新北市三重區尚德里忠孝路1段,汽油,,,,,,,,,,,,,,,,,,,,,,,,,
5,JF87165494,全家便利商店股份有限公司桃園東陽分公司,桃園縣桃園市東門里9鄰成功路2段,巧克力,,,,,,,,,,,,,,,,,,,,,,,,,
6,GU87165494,派卜樂時尚國際有限公司龍潭營業所,桃園縣龍潭鄉中山村北龍路,證件套,,,,,,,,,,,,,,,,,,,,,,,,,
7,GV87165494,鍋藝小吃店,臺中市西屯區福雅里臺中港路3段,餐點,,,,,,,,,,,,,,,,,,,,,,,,,
8,HZ87165494,三商行股份有限公司太平大源分公司,臺中市太平區豐年里大源路,沐浴乳等,,,,,,,,,,,,,,,,,,,,,,,,,
9,HT87165494,統一超商股份有限公司台南縣第43分公司,臺南市新營區忠政里府西路,菸品,,,,,,,,,,,,,,,,,,,,,,,,,
102年01-02月期統一發票特別獎1000萬中獎清冊,,,,,,,,,,,,,,,,,,,,,,,,,,,,,
序號,發票號碼,開立發票營業人,營業地址,交易項目,,,,,,,,,,,,,,,,,,,,,,,,,
1,KX18623268,美商美安美台股份有限公司台灣分公司,臺北市松山區復興北路,佣金,,,,,,,,,,,,,,,,,,,,,,,,,
2,RN18623268,統一超商股份有限公司台北市第357分公司,臺北市內湖區成功路4段,報紙,,,,,,,,,,,,,,,,,,,,,,,,,
3,RW18623268,太平洋崇光百貨股份有限公司復興分公司,臺北市大安區忠孝東路3段,服飾,,,,,,,,,,,,,,,,,,,,,,,,,
4,LF18623268,威瑪百貨股份有限公司,新北市新莊區幸福路,童書等,,,,,,,,,,,,,,,,,,,,,,,,,
5,RX18623268,台灣中油股份有公司油品行銷事業部台北營業處新莊加油站,新北市新莊區中正路,汽油,,,,,,,,,,,,,,,,,,,,,,,,,
6,RP18623268,統一超商股份有限公司桃園縣第657分公司,桃園縣龜山鄉龜山村中興路1段,食品,,,,,,,,,,,,,,,,,,,,,,,,,
7,KV18623268,昌隆加油站有限公司,新竹市東區公道五路3段,汽油,,,,,,,,,,,,,,,,,,,,,,,,,
8,RM18623268,統一超商股份有限公司台中市第105分公司,臺中市西屯區西平里華夏巷東2弄,菸品,,,,,,,,,,,,,,,,,,,,,,,,,
9,KW18623268,億富加油站股份有限公司,臺中市東勢區詒福里東關路,汽油,,,,,,,,,,,,,,,,,,,,,,,,,
10,KT18623268,銀星煤氣企業有限公司,南投縣南投市軍功里中興路,桶裝瓦斯,,,,,,,,,,,,,,,,,,,,,,,,,
11,RL18623268,統一超商股份有限公司嘉義市第16分公司,嘉義市西區國華里文化路,飲料,,,,,,,,,,,,,,,,,,,,,,,,,
12,KU18623268,百成商號,高雄市鼓山區臨海二路,泡麵,,,,,,,,,,,,,,,,,,,,,,,,,
102年03-04月期統一發票特別獎1000萬中獎清冊,,,,,,,,,,,,,,,,,,,,,,,,,,,,,
序號,發票號碼,開立發票營業人,營業地址,交易項目,,,,,,,,,,,,,,,,,,,,,,,,,
1,**13393774,燦坤實業股份有限公司八德數位分公司,臺北市中正區八德路1段102號,3C週邊商品,,,,,,,,,,,,,,,,,,,,,,,,,
2,**13393774,統一超商股份有限公司台北市第45分公司,臺北市大同區酒泉街58號1樓,飲料,,,,,,,,,,,,,,,,,,,,,,,,,
3,**13393774,統一超商股份有限公司台北市第827分公司,臺北市內湖區民權東路6段180巷17、19號,飲料及麵包,,,,,,,,,,,,,,,,,,,,,,,,,
4,**13393774,統一超商股份有限公司台北縣第96分公司,新北市板橋區大觀路3段212巷70、72號1樓,手續費,,,,,,,,,,,,,,,,,,,,,,,,,
5,**13393774,全家便利商店股份有限公司新莊中和分公司,新北市新莊區中和街123號,咖啡,,,,,,,,,,,,,,,,,,,,,,,,,
6,**13393774,來來超商股份有限公司龜山明碁門市,桃園縣龜山鄉山頂村建國東路２９號,咖啡,,,,,,,,,,,,,,,,,,,,,,,,,
7,**13393774,統一超商股份有限公司新竹縣第20分公司,新竹縣竹東鎮東寧路2段188號1樓,打火機,,,,,,,,,,,,,,,,,,,,,,,,,
8,**13393774,國立交通大學校園交通管理中心,新竹市大學路1001號,停車費,,,,,,,,,,,,,,,,,,,,,,,,,
9,**13393774,豐源加油站有限公司,臺中市豐原區田心里中山路82號,汽油,,,,,,,,,,,,,,,,,,,,,,,,,
10,**13393774,太南瓦斯行,臺中市新社區大南里8鄰中和街2段370號,瓦斯,,,,,,,,,,,,,,,,,,,,,,,,,
11,**13393774,崴傑五金股份有限公司十甲分店,臺中市東區十甲里十甲路203號,五金材料,,,,,,,,,,,,,,,,,,,,,,,,,
12,**13393774,統一精工股份有限公司屏東加油站,屏東縣屏東市新興里復興南路1段505號,汽油,,,,,,,,,,,,,,,,,,,,,,,,,
13,**13393774,久井企業股份有限公司久井府前加油站,臺南市安平區建平里府前四街149號,汽油,,,,,,,,,,,,,,,,,,,,,,,,,
14,**13393774,潛艇堡國際有限公司裕誠分店,高雄市鼓山區裕誠路2018號1樓,餐點,,,,,,,,,,,,,,,,,,,,,,,,,
15,**13393774,大信有線電視股份有限公司,高雄市左營區裕誠路394號12樓,收視費,,,,,,,,,,,,,,,,,,,,,,,,,
16,**13393774,三商行股份有限公司大寮中正分公司,高雄市大寮區中正路59號,酒類,,,,,,,,,,,,,,,,,,,,,,,,,
102年05-06月期統一發票特別獎1000萬中獎清冊,,,,,,,,,,,,,,,,,,,,,,,,,,,,,
序號,發票號碼,開立發票營業人,營業地址,交易項目,,,,,,,,,,,,,,,,,,,,,,,,,
1,**40148354,台灣家樂福股份有限公司北投分公司,臺北市北投區中和街366號地下1層,食品,,,,,,,,,,,,,,,,,,,,,,,,,
2,**40148354,統一超商股份有限公司基隆市第17分公司,基隆市信義區東信路50號1樓,菸品,,,,,,,,,,,,,,,,,,,,,,,,,
3,**40148354,全家便利商店股份有限公司新城嘉新分公司,花蓮縣新城鄉嘉新村花師街37號1樓,食品,,,,,,,,,,,,,,,,,,,,,,,,,
4,**40148354,建發加油站有限公司科雅加油站（台灣中油加盟店）,臺中市大雅區中清路4段49號,汽油,,,,,,,,,,,,,,,,,,,,,,,,,
5,**40148354,全家便利商店股份有限公司沙鹿沙田分公司,臺中市沙鹿區沙田路101號1樓,食品等,,,,,,,,,,,,,,,,,,,,,,,,,
6,**40148354,全聯實業股份有限公司台中大智分公司,臺中市東區東大智路350巷2號1樓,食品等,,,,,,,,,,,,,,,,,,,,,,,,,
7,**40148354,福洲藥品有限公司,南投縣南投市南陽路345號1樓,藥品,,,,,,,,,,,,,,,,,,,,,,,,,
8,**40148354,台灣中油股份有限公司油品行銷事業部台中營業處竹山加油站,南投縣竹山鎮集山路3段884號,汽油,,,,,,,,,,,,,,,,,,,,,,,,,
9,**40148354,日忻文具有限公司,屏東縣屏東市仁愛里中正路430號1樓,文具,,,,,,,,,,,,,,,,,,,,,,,,,
10,**40148354,統一超商股份有限公司高雄市第177分公司,高雄市鹽埕區建國四路175號,咖啡,,,,,,,,,,,,,,,,,,,,,,,,,
11,**40148354,義大開發股份有限公司,高雄市大樹區學城路1段5號3樓,服飾配件,,,,,,,,,,,,,,,,,,,,,,,,,
102年07-08月期統一發票特別獎1000萬中獎清冊,,,,,,,,,,,,,,,,,,,,,,,,,,,,,
序號,發票號碼,開立發票營業人,營業地址,交易項目,,,,,,,,,,,,,,,,,,,,,,,,,
1,**71895847,誠品生活股份有限公司信義第一分公司,臺北市信義區松高路11號1至5樓及地下1樓,麵包,,,,,,,,,,,,,,,,,,,,,,,,,
2,**71895847,歐特儀股份有限公司臺北車站西區地下停車場,臺北市中正區北平西路3號臺北車站地下1層西區停車場,停車費,,,,,,,,,,,,,,,,,,,,,,,,,
3,**71895847,全家便利商店股份有限公司基隆觀海分公司,基隆市中正區觀海街136、138號,菸品飲料,,,,,,,,,,,,,,,,,,,,,,,,,
4,**71895847,全聯實業股份有限公司花蓮分公司,花蓮縣花蓮市國聯二路110號,食品,,,,,,,,,,,,,,,,,,,,,,,,,
5,**71895847,統一超商股份有限公司台北縣第612分公司,新北市淡水區北新路3段34號1樓,飲料零食,,,,,,,,,,,,,,,,,,,,,,,,,
6,**71895847,萊爾富國際股份有限公司－北縣新和分公司,新北市新店區安和路3段60-1號,蛋糕,,,,,,,,,,,,,,,,,,,,,,,,,
7,**71895847,熱滾滾美食屋,新北市蘆洲區成功里長安街315號1樓,餐費,,,,,,,,,,,,,,,,,,,,,,,,,
8,**71895847,統一超商股份有限公司桃園縣第54分公司,桃園縣桃園市福安里建國路101號1樓,飲料,,,,,,,,,,,,,,,,,,,,,,,,,
9,**71895847,中華電信股份有限公司台灣南區電信分公司台中營運處,臺中市西區利民里市府路37號,數位商品,,,,,,,,,,,,,,,,,,,,,,,,,
10,**71895847,遠百企業股份有限公司彰化員林分公司全國連鎖大賣場,彰化縣員林鎮大饒里中正路2巷90-100號,食品飲料,,,,,,,,,,,,,,,,,,,,,,,,,
11,**71895847,統一超商股份有限公司台南縣第105分公司,臺南市永康區三合里中山東路117、119號1樓,鮮乳,,,,,,,,,,,,,,,,,,,,,,,,,
12,**71895847,海豚商行,臺南市善化區光文里民生路320號1樓,菸品,,,,,,,,,,,,,,,,,,,,,,,,,
13,**71895847,台灣中油股份有限公司油品行銷事業部嘉南營業處北興加油站,嘉義市西區保生里自由路436號,汽油,,,,,,,,,,,,,,,,,,,,,,,,,
102年09-10月期統一發票特別獎1000萬中獎清冊,,,,,,,,,,,,,,,,,,,,,,,,,,,,,
序號,發票號碼,開立發票營業人,營業地址,交易項目,,,,,,,,,,,,,,,,,,,,,,,,,
1,**46486534,凱圖國際股份有限公司,臺北市松山區南京東路3段25號3樓,醫療注射液,,,,,,,,,,,,,,,,,,,,,,,,,
2,**46486534,統一超商股份有限公司台北市第266分公司,臺北市中正區和平西路1段26號1樓,飲料,,,,,,,,,,,,,,,,,,,,,,,,,
3,**46486534,麒瑩有限公司,新北市樹林區太順街80號,菸品,,,,,,,,,,,,,,,,,,,,,,,,,
4,**46486534,明德素食園股份有限公司慈濟分店,新北市新店區建國路289號地下一層,午餐,,,,,,,,,,,,,,,,,,,,,,,,,
5,**46486534,統一超商股份有限公司台北縣第573分公司,新北市中和區連城路347巷2號,飲料,,,,,,,,,,,,,,,,,,,,,,,,,
6,**46486534,全聯實業股份有限公司大里永隆分公司,臺中市大里區永隆里11鄰東榮路662.666號1樓,食品等,,,,,,,,,,,,,,,,,,,,,,,,,
7,**46486534,台灣中油股份有限公司油品行銷事業部台中營業處霧峰林森加油站,臺中市霧峰區林森路455號,汽油,,,,,,,,,,,,,,,,,,,,,,,,,
8,**46486534,統一超商股份有限公司台中縣第62分公司,臺中市烏日區中山路1段413號1樓,菸品,,,,,,,,,,,,,,,,,,,,,,,,,
9,**46486534,豐川文具有限公司,苗栗縣苗栗市玉清街10號,文具,,,,,,,,,,,,,,,,,,,,,,,,,
10,**46486534,全家便利商店股份有限公司永康長億分公司,臺南市永康區安康里26鄰中華西街170號,影印,,,,,,,,,,,,,,,,,,,,,,,,,
11,**46486534,永峰加油站有限公司,屏東縣長治鄉香揚村香潭路24號,汽油,,,,,,,,,,,,,,,,,,,,,,,,,
12,**46486534,統一超商股份有限公司高雄市第313分公司,高雄市鼓山區美術東二路181號1樓,食品等,,,,,,,,,,,,,,,,,,,,,,,,,
102年11-12月期統一發票特別獎1000萬中獎清冊,,,,,,,,,,,,,,,,,,,,,,,,,,,,,
序號,發票號碼,開立發票營業人,營業地址,交易項目,,,,,,,,,,,,,,,,,,,,,,,,,
1,**79599463,微風廣場實業股份有限公司,臺北市松山區復興南路1段39號1樓,麵包92元,,,,,,,,,,,,,,,,,,,,,,,,,
2,**79599463,統一超商股份有限公司台北市第96分公司,臺北市北投區明德路114、116號1樓,飲料30元,,,,,,,,,,,,,,,,,,,,,,,,,
3,**79599463,新光三越百貨股份有限公司台北站前分公司,臺北市中正區忠孝西路1段66號地下1至2樓及1至13樓,"保溫杯1,488元",,,,,,,,,,,,,,,,,,,,,,,,,
4,**79599463,交通部台灣鐵路管理局餐旅服務總所台北西南販賣部,臺北市中正區北平西路３號１樓,礦泉水20元,,,,,,,,,,,,,,,,,,,,,,,,,
5,**79599463,鋒鍏食品行,基隆市仁愛區仁二路77號1樓,食品150元,,,,,,,,,,,,,,,,,,,,,,,,,
6,**79599463,萊爾富國際股份有限公司北縣重玉分公司,新北市三重區中央北路132號1樓,菸品等95元,,,,,,,,,,,,,,,,,,,,,,,,,
7,**79599463,冠誠生活股份有限公司,新北市板橋區縣民大道2段7號B1、1樓、2樓、24樓、25樓,餐飲279元,,,,,,,,,,,,,,,,,,,,,,,,,
8,**79599463,統一超商股份有限公司台中市第235分公司,臺中市西區府後街66及68號1樓,飲料30元,,,,,,,,,,,,,,,,,,,,,,,,,
9,**79599463,中華電信股份有限公司臺灣南區電信分公司臺中營運處大墩服務中心,臺中市西屯區大墩路932號,"手機8,990元",,,,,,,,,,,,,,,,,,,,,,,,,
10,**79599463,統一超商股份有限公司台中縣第165分公司,臺中市梧棲區臨港路2段70、72號１樓,食品93元,,,,,,,,,,,,,,,,,,,,,,,,,
11,**79599463,全家便利商店股份有限公司日月光三門市部,高雄市楠梓區楠梓加工出口區開發路47號,食品30元,,,,,,,,,,,,,,,,,,,,,,,,,
12,**79599463,台灣中油股份有限公司行銷事業部高雄營業處左營加油站,高雄市左營區中華一路2之11號,汽油125元,,,,,,,,,,,,,,,,,,,,,,,,,
103年01-02月期統一發票特別獎1000萬中獎清冊,,,,,,,,,,,,,,,,,,,,,,,,,,,,,
序號,發票號碼,開立發票營業人,營業地址,交易項目,,,,,,,,,,,,,,,,,,,,,,,,,
1,**34231966,京華城股份有限公司,臺北市松山區八德路4段138號1至12樓地下3-4室,停車費20元,,,,,,,,,,,,,,,,,,,,,,,,,
2,**34231966,滿席小吃店,臺北市松山區南京東路5段208號,便當198元,,,,,,,,,,,,,,,,,,,,,,,,,
3,**34231966,大潤發流通事業股份有限公司內湖分公司,臺北市內湖區湖元里舊宗路1段128號,食品等1969元,,,,,,,,,,,,,,,,,,,,,,,,,
4,**34231966,萊爾富國際股份有限公司第4001分公司,新北市板橋區貴興路80號、82號1樓,菸品90元,,,,,,,,,,,,,,,,,,,,,,,,,
5,**34231966,來來超商股份有限公司第101分公司,宜蘭縣宜蘭市中山路3段290號1樓,啤酒89元,,,,,,,,,,,,,,,,,,,,,,,,,
6,**34231966,全家便利商店股份有限公司南投新村分公司,南投縣南投市營北里中正路330-6號,飲料128元,,,,,,,,,,,,,,,,,,,,,,,,,
7,**34231966,統一超商股份有限公司彰化縣第61分公司,彰化縣福興鄉萬豐村彰水路56至60號,手續費13元,,,,,,,,,,,,,,,,,,,,,,,,,
8,**34231966,全聯實業股份有限公司苑裡中山分公司,苗栗縣苑裡鎮苑北里13鄰中山路320號,生活用品837元,,,,,,,,,,,,,,,,,,,,,,,,,
9,**34231966,統一超商股份有限公司台南市第148分公司,臺南市東區崇明里中華東路3段379號1樓,飲料87元,,,,,,,,,,,,,,,,,,,,,,,,,
10,**34231966,正六百貨五金行,屏東縣東港鎮興東里光復路1段188號,五金276元,,,,,,,,,,,,,,,,,,,,,,,,,
11,**34231966,台灣中油股份有限公司馬公站,澎湖縣馬公市啟民里民福路18號,汽油100元,,,,,,,,,,,,,,,,,,,,,,,,,
12,**34231966,統一超商股份有限公司高雄市第197分公司,高雄市鼓山區明華路204號,食品飲料等61元,,,,,,,,,,,,,,,,,,,,,,,,,
13,**34231966,屏南五金百貨行,高雄市左營區文自路648-1號,五金20元,,,,,,,,,,,,,,,,,,,,,,,,,
103年05-06月期統一發票特別獎1000萬中獎清冊,,,,,,,,,,,,,,,,,,,,,,,,,,,,,
序號,發票號碼,開立發票營業人,營業地址,交易項目,,,,,,,,,,,,,,,,,,,,,,,,,
1,**54544448,台北市木柵區農會供銷部農產品展售中心,臺北市文山區木柵路3段77號2樓,雞蛋230元,,,,,,,,,,,,,,,,,,,,,,,,,
2,**54544448,政大加油站股份有限公司,臺北市文山區指南路1段53號,汽油135元,,,,,,,,,,,,,,,,,,,,,,,,,
3,**54544448,燦坤實業股份有限公司金山分公司,新北市金山區中山路69號,網路線499元,,,,,,,,,,,,,,,,,,,,,,,,,
4,**54544448,福鼎軒有限公司,新北市蘆洲區長榮路209號,餐飲費385元,,,,,,,,,,,,,,,,,,,,,,,,,
5,**54544448,統一超商股份有限公司桃園縣第276分公司,"桃園縣大園鄉大園村中山南路272,272-1號１樓",飲料180元,,,,,,,,,,,,,,,,,,,,,,,,,
6,**54544448,全聯實業股份有限公司環中分公司,桃園縣中壢市環中東路325號1樓,食品55元,,,,,,,,,,,,,,,,,,,,,,,,,
7,**54544448,統一超商股份有限公司雲林縣第83分公司,雲林縣斗南鎮西岐里23鄰中興路160號1樓,菸品65元,,,,,,,,,,,,,,,,,,,,,,,,,
8,**54544448,全家便利商店股份有限公司台中新文山門市部,臺中市南屯區文山里嶺東路730號,食品及菸品等200元,,,,,,,,,,,,,,,,,,,,,,,,,
9,**54544448,上尚五金百貨商行,臺南市東區仁和里仁和路115-12號1樓,五金60元,,,,,,,,,,,,,,,,,,,,,,,,,
10,**54544448,台灣中油股份有限公司覺民路站,高雄市三民區覺民路362號,汽油135元,,,,,,,,,,,,,,,,,,,,,,,,,
11,**54544448,統一超商股份有限公司高雄市第448分公司,高雄市旗山區延平一路446號1樓,生活用品等450元,,,,,,,,,,,,,,,,,,,,,,,,,
103年05-06月期統一發票特別獎1000萬中獎清冊,,,,,,,,,,,,,,,,,,,,,,,,,,,,,
序號,發票號碼,開立發票營業人,營業地址,交易項目,,,,,,,,,,,,,,,,,,,,,,,,,
1,**94761178,統一超商股份有限公司台北市第64分公司,臺北市中正區武昌街一段1-2號1樓,食品25元,,,,,,,,,,,,,,,,,,,,,,,,,
2,**94761178,臺灣中油股份有限公司文林路加油站,臺北市士林區文林路100號,汽油98元,,,,,,,,,,,,,,,,,,,,,,,,,
3,**94761178,家城股份有限公司敦南分公司,臺北市大安區敦化南路2段164號1樓,飲料33元,,,,,,,,,,,,,,,,,,,,,,,,,
4,**94761178,全家便利商店股份有限公司三重三民分公司,新北市三重區三民街112號1樓,食品及飲料34元,,,,,,,,,,,,,,,,,,,,,,,,,
5,**94761178,東展企業有限公司桃園分公司,桃園縣蘆竹鄉山鼻村1鄰長興路2段26巷10-9號,停車費40元,,,,,,,,,,,,,,,,,,,,,,,,,
6,**94761178,台亞石油股份有限公司中華加油站,新北市樹林區樹東里中華路2號,"汽油1,036元",,,,,,,,,,,,,,,,,,,,,,,,,
7,**94761178,義美食品股份有限公司西湖休息站分公司,苗栗縣西湖鄉湖東村埔頂29號,食品及飲料123元,,,,,,,,,,,,,,,,,,,,,,,,,
8,**94761178,台糖來義加油站,屏東縣萬巒鄉新置村新隆路75-26號,汽油84元,,,,,,,,,,,,,,,,,,,,,,,,,
9,**94761178,統一超商股份有限公司高雄市第87分公司,高雄市旗津區海岸路9號,食品及飲料45元,,,,,,,,,,,,,,,,,,,,,,,,,
103年07-08月期統一發票特別獎1000萬中獎清冊,,,,,,,,,,,,,,,,,,,,,,,,,,,,,
序號,發票號碼,開立發票營業人,營業地址,交易項目,,,,,,,,,,,,,,,,,,,,,,,,,
1,**16256820,台灣麥當勞餐廳股份有限公司台北大業分公司,臺北市北投區大同里北投路2段15號1樓,食品及飲料計93元,,,,,,,,,,,,,,,,,,,,,,,,,
2,**16256820,尚洋食品有限公司,臺北市文山區羅斯福路5段194號1樓,麵包91元,,,,,,,,,,,,,,,,,,,,,,,,,
3,**16256820,遠傳電信股份有限公司,臺北市大安區敦化南路2段207號28樓,月租費149元,,,,,,,,,,,,,,,,,,,,,,,,,
4,**16256820,玫瑰大眾娛樂股份有限公司板橋分公司,新北市板橋區板橋市中山路1段21、23號（2、3樓）,耳機198元,,,,,,,,,,,,,,,,,,,,,,,,,
5,**16256820,萊爾富國際股份有限公司第3842分公司,新北市樹林區忠孝街45、47、49號１樓,菸品185元,,,,,,,,,,,,,,,,,,,,,,,,,
6,**16256820,阿婆壽司有限公司,新北市鶯歌區中正一路63號１樓,食品95元,,,,,,,,,,,,,,,,,,,,,,,,,
7,**16256820,寶雅國際股份有限公司新莊新泰分公司,新北市新莊區新泰路300號,生活用品及食品84元,,,,,,,,,,,,,,,,,,,,,,,,,
8,**16256820,台亞石油股份有限公司新莊加油站,新北市新莊區思源路89號,汽油82元,,,,,,,,,,,,,,,,,,,,,,,,,
9,**16256820,統一超商股份有限公司台北縣第18分公司,新北市雙溪區自強路7號,飲料82元,,,,,,,,,,,,,,,,,,,,,,,,,
10,**16256820,交通部台灣鐵路管理局餐旅服務總所花蓮販賣部,花蓮縣花蓮市國聯一路100號,食品74元,,,,,,,,,,,,,,,,,,,,,,,,,
11,**16256820,統一超商股份有限公司新竹市76分公司,新竹市東區東光路75號1樓,食品55元,,,,,,,,,,,,,,,,,,,,,,,,,
12,**16256820,亞佰達有限公司交大營業所,新竹市東區大學路1001-2號,餐飲費306元,,,,,,,,,,,,,,,,,,,,,,,,,
13,**16256820,全聯實業股份有限公司土城中央二分公司,新北市土城區中央路2段191號1、2、3樓及地下1樓,生活用品及食品436元,,,,,,,,,,,,,,,,,,,,,,,,,
14,**16256820,奇妙佳有限公司,臺中市大肚區頂街里2鄰沙田路2段774號,飲料105元,,,,,,,,,,,,,,,,,,,,,,,,,
15,**16256820,樵興企業有限公司,高雄市鼓山區九如四路1450號1樓,生活用品75元,,,,,,,,,,,,,,,,,,,,,,,,,
16,**16256820,全家便利商店股份有限公司高雄左大分公司,高雄市左營區左營大路248.250號1樓,菸品及零食209元,,,,,,,,,,,,,,,,,,,,,,,,,
17,**16256820,大同綜合訊電股份有限公司岡山分公司大社展售中心,高雄市大社區中山路127-1號,會員卡費用200元,,,,,,,,,,,,,,,,,,,,,,,,,
103年09-10月期統一發票特別獎1000萬中獎清冊,,,,,,,,,,,,,,,,,,,,,,,,,,,,,
序號,發票號碼,開立發票營業人,營業地址,交易項目,,,,,,,,,,,,,,,,,,,,,,,,,
1,**22267127,瀚宇彩晶股份有限公司,臺北市信義區西村里松智路1號26樓,"停車位租金1,500元",,,,,,,,,,,,,,,,,,,,,,,,,
2,**22267127,何嘉仁實業股份有限公司北投第2分公司,臺北市北投區中央里光明路122號2樓,圖書280元,,,,,,,,,,,,,,,,,,,,,,,,,
3,**22267127,永俐餐飲店,臺北市松山區撫遠街304號1樓,餐飲594元,,,,,,,,,,,,,,,,,,,,,,,,,
4,**22267127,家福股份有限公司台北南港分公司,臺北市南港區南港路2段20巷5號地下樓,"家電2,390元",,,,,,,,,,,,,,,,,,,,,,,,,
5,**22267127,全家便利商店股份有限公司大安分公司,臺北市大安區大安路1段20號1樓,飲料及菸品120元,,,,,,,,,,,,,,,,,,,,,,,,,
6,**22267127,茶韻商行,臺北市士林區天福里天母東路50巷20-10號,"茶葉1,300元",,,,,,,,,,,,,,,,,,,,,,,,,
7,**22267127,萊爾富國際股份有限公司第4008分公司,新北市中和區立德街16巷1號及28號,泡麵55元,,,,,,,,,,,,,,,,,,,,,,,,,
8,**22267127,統一超商股份有限公司台北縣第824分公司,新北市永和區永元里得和路241號,飲料25元,,,,,,,,,,,,,,,,,,,,,,,,,
9,**22267127,麵包叔叔烘焙屋有限公司,花蓮縣花蓮市中正路126號,吐司59元,,,,,,,,,,,,,,,,,,,,,,,,,
10,**22267127,統一超商股份有限公司桃園縣第646分公司,桃園縣桃園市大興路221號1樓,食品及飲料39元,,,,,,,,,,,,,,,,,,,,,,,,,
11,**22267127,台灣麥當勞股份有限公司南崁中正分公司,桃園縣蘆竹鄉中正路245號及245號2樓,餐飲480元,,,,,,,,,,,,,,,,,,,,,,,,,
12,**22267127,佳樂買百貨有限公司,彰化縣花壇鄉長沙村中正路 57號,食品61元,,,,,,,,,,,,,,,,,,,,,,,,,
13,**22267127,本洲有限公司,嘉義市西區福全里友平街43號1樓,"酒類71,724元",,,,,,,,,,,,,,,,,,,,,,,,,
14,**22267127,台灣中油股份有限公司油品行銷事業部嘉南營業處博愛路加油站,嘉義市東區中庄里博愛路1段2號,汽油600元,,,,,,,,,,,,,,,,,,,,,,,,,
15,**22267127,全家便利商店股份有限公司嘉義東雅分公司,嘉義市東區文雅里文雅街41號、43號、45號,遊戲點數500元,,,,,,,,,,,,,,,,,,,,,,,,,
16,**22267127,統一超商股份有限公司屏東縣第143分公司,屏東縣萬巒鄉萬和村中正路52號1樓,食品及礦泉水65元,,,,,,,,,,,,,,,,,,,,,,,,,
17,**22267127,金太郎小吃部,高雄市苓雅區光華一路176號1樓,餐飲費215元,,,,,,,,,,,,,,,,,,,,,,,,,
103年11-12月期統一發票特別獎1000萬中獎清冊,,,,,,,,,,,,,,,,,,,,,,,,,,,,,
序號,發票號碼,開立發票營業人,營業地址,交易項目,,,,,,,,,,,,,,,,,,,,,,,,,
1,**33516538,家福股份有限公司台北桂林分公司,臺北市萬華區桂林路1號1.2.3.4樓,"生活用品1,133元",,,,,,,,,,,,,,,,,,,,,,,,,
2,**33516538,杏昌生技股份有限公司,臺北市中正區仁愛路2段47號5樓,"生理食鹽水5,408元",,,,,,,,,,,,,,,,,,,,,,,,,
3,**33516538,來來超商股份有限公司第114分公司,新北市中和區員山路468號,飲料20元,,,,,,,,,,,,,,,,,,,,,,,,,
4,**33516538,統一超商股份有限公司台北縣第573分公司,新北市中和區連城路347巷2號,生活用品及菸品183元,,,,,,,,,,,,,,,,,,,,,,,,,
5,**33516538,泉映有限公司,桃園市桃園區大業路1段407之2號,食品260元,,,,,,,,,,,,,,,,,,,,,,,,,
6,**33516538,全家便利商店股份有限公司壽豐東華門市部,花蓮縣壽豐鄉志學村大學路2段1號,飲料22元,,,,,,,,,,,,,,,,,,,,,,,,,
7,**33516538,統一超商股份有限公司台中市第190分公司,臺中市北屯區新平里中清路二段567號1樓,食品50元,,,,,,,,,,,,,,,,,,,,,,,,,
8,**33516538,鑫省錢有限公司,雲林縣東勢鄉東南村康安路45號1樓,食品204元,,,,,,,,,,,,,,,,,,,,,,,,,
9,**33516538,台灣中油股份有限公司油品行銷事業部嘉南營業處成功路加油站,臺南市北區公園里成功路16號,汽油60元,,,,,,,,,,,,,,,,,,,,,,,,,
10,**33516538,萊爾富國際股份有限公司台南南慶分公司,臺南市南區田寮里西門路1段277號1樓,菸品90元,,,,,,,,,,,,,,,,,,,,,,,,,
11,**33516538,一品加油站有限公司,嘉義縣朴子市竹村里鴨母寮14-16號,汽油85元,,,,,,,,,,,,,,,,,,,,,,,,,
12,**33516538,全聯實業股份有限公司澎湖中華分公司,澎湖縣馬公市光復里中華路61-4號,飲料827元,,,,,,,,,,,,,,,,,,,,,,,,,
13,**33516538,愛國百貨股份有限公司壹大分公司,高雄市苓雅區廣州一街15號,飲料109元,,,,,,,,,,,,,,,,,,,,,,,,,
14,**33516538,禾豐商店,高雄市路竹區大仁路387-6號1樓,食品36元,,,,,,,,,,,,,,,,,,,,,,,,,
104年01-02月期統一發票特別獎1000萬中獎清冊,,,,,,,,,,,,,,,,,,,,,,,,,,,,,
序號,發票號碼,開立發票營業人,營業地址,交易項目,,,,,,,,,,,,,,,,,,,,,,,,,
1,**60538935,來來超商股份有限公司第136分公司,臺北市南港區成福路44號1樓,飲料23元,,,,,,,,,,,,,,,,,,,,,,,,,
2,**60538935,橘熊科技股份有限公司,臺北市南港區八德路4段768巷1弄18號13樓,"服飾配件2,063元",,,,,,,,,,,,,,,,,,,,,,,,,
3,**60538935,全聯實業股份有限公司興隆分公司,臺北市文山區興隆路1段53號地下1樓,飲料及食品計138元,,,,,,,,,,,,,,,,,,,,,,,,,
4,**60538935,元第小吃店,臺北市信義區三張里吳興街231號,煎餃76元,,,,,,,,,,,,,,,,,,,,,,,,,
5,**60538935,智美餐廳有限公司,新北市土城區員林里中央路2段159號,玉米湯52元,,,,,,,,,,,,,,,,,,,,,,,,,
6,**60538935,台灣中油股份有限公司土城廣福路站,新北市土城區四川路1號,汽油94元,,,,,,,,,,,,,,,,,,,,,,,,,
7,**60538935,北基國際股份有限公司北基中和加油站,新北市中和區中山路3段53號,汽油97元,,,,,,,,,,,,,,,,,,,,,,,,,
8,**60538935,統一超商股份有限公司台北縣第599分公司,新北市新莊區中信里中港路527號1樓,飲料計75元,,,,,,,,,,,,,,,,,,,,,,,,,
9,**60538935,全家便利商店股份有限公司新竹大竹分公司,新竹市東區西大路848號1樓,霜淇淋計70元,,,,,,,,,,,,,,,,,,,,,,,,,
10,**60538935,崇北生活館有限公司,臺南市北區光武里長榮路5段363號1樓,生活用品計778元,,,,,,,,,,,,,,,,,,,,,,,,,
11,**60538935,台南大飯店股份有限公司,臺南市中西區赤崁里成功路1號,餐飲792元,,,,,,,,,,,,,,,,,,,,,,,,,
12,**60538935,台灣糖業股份有限公司油品事業部台糖中興二加油站,臺東縣臺東市豐原里臨海路3段431號,汽油100元,,,,,,,,,,,,,,,,,,,,,,,,,
104年03-04月期統一發票特別獎1000萬中獎清冊,,,,,,,,,,,,,,,,,,,,,,,,,,,,,
序號,發票號碼,開立發票營業人,營業地址,交易項目,,,,,,,,,,,,,,,,,,,,,,,,,
1,**46492032,譁全實業有限公司新光分店,臺北市士林區文昌路95號地下室2樓(新光醫院地下室),餐費218元,,,,,,,,,,,,,,,,,,,,,,,,,
2,**46492032,台灣中油股份有限公司油品行銷事業部台北營業處中崙加油站,臺北市中山區八德路2段214號,汽油110元,,,,,,,,,,,,,,,,,,,,,,,,,
3,**46492032,萊爾富國際股份有限公司第3656分公司,臺北市松山區東光里南京東路5段61號、63號,咖啡100元,,,,,,,,,,,,,,,,,,,,,,,,,
4,**46492032,承品美食股份有限公司,新北市中和區中山路2段327巷11弄2號4樓,食品105元,,,,,,,,,,,,,,,,,,,,,,,,,
5,**46492032,維格餅家股份有限公司五股分公司,新北市五股區成泰路1段87號,門票200元,,,,,,,,,,,,,,,,,,,,,,,,,
6,**46492032,統一超商股份有限公司新竹市第73分公司,新竹市東區新莊街182、186號,手續費及飲品88元,,,,,,,,,,,,,,,,,,,,,,,,,
7,**46492032,全家便利商店股份有限公司蘆洲復江分公司,新北市蘆洲區復興路150號,菸品及飲品98元,,,,,,,,,,,,,,,,,,,,,,,,,
8,**46492032,香港商田原香有限公司台灣分公司台中門市,臺中市西屯區惠來里臺灣大道三段66號1樓,"飲品2,850元",,,,,,,,,,,,,,,,,,,,,,,,,
9,**46492032,統一超商股份有限公司台中市第183分公司,臺中市豐原區西湳里豐原大道7段1號1樓,食品55元,,,,,,,,,,,,,,,,,,,,,,,,,
10,**46492032,統一超商股份有限公司苗栗縣第91分公司,苗栗縣苑裡鎮田心里田心36-3號1樓,菸品、飲品及食品99元,,,,,,,,,,,,,,,,,,,,,,,,,
11,**46492032,彰亞流通事業有限公司,彰化縣員林鎮惠來里園林大街22-1號1樓,"生活用品1,760元",,,,,,,,,,,,,,,,,,,,,,,,,
12,**46492032,全聯實業股份有限公司虎尾林森分公司,雲林縣虎尾鎮穎川里林森路2段434號,食品200元,,,,,,,,,,,,,,,,,,,,,,,,,
13,**46492032,大潤發流通事業股份有限公司安平分公司,臺南市安平區郡平路42號1至5樓,食品138元,,,,,,,,,,,,,,,,,,,,,,,,,
14,**46492032,港都有線電視股份有限公司,高雄市苓雅區普照里民權一路59號3樓,"基本台費1,000元",,,,,,,,,,,,,,,,,,,,,,,,,
104年05-06月期統一發票特別獎1000萬中獎清冊,,,,,,,,,,,,,,,,,,,,,,,,,,,,,
序號,發票號碼,開立發票營業人,營業地址,交易項目,,,,,,,,,,,,,,,,,,,,,,,,,
1,**82930261,全家便利商店股份有限公司士商分公司,臺北市士林區中正路503、 505號,飲品25元,,,,,,,,,,,,,,,,,,,,,,,,,
2,**82930261,統一超商股份有限公司桃園縣第701分公司,桃園市桃園區中埔二街150號1樓,食品及飲料320元,,,,,,,,,,,,,,,,,,,,,,,,,
3,**82930261,台灣中油股份有限公司油品行銷事業部桃竹苗營業處北大路,新竹市北區北大路374號,汽油112元,,,,,,,,,,,,,,,,,,,,,,,,,
4,**82930261,羅美克斯有限公司,桃園市平鎮區環南路2段11號19樓之1,生活用品598元,,,,,,,,,,,,,,,,,,,,,,,,,
5,**82930261,遠東百貨股份有限公司板橋新站分公司,新北市板橋區新站路18及28號,餐飲200元,,,,,,,,,,,,,,,,,,,,,,,,,
6,**82930261,加得利加油站股份有限公司,臺中市中區大誠里柳川西路三段2號,汽油50元,,,,,,,,,,,,,,,,,,,,,,,,,
7,**82930261,美德耐股份有限公司台中榮總門市部,臺中市西屯區福聯里臺灣大道四段1650號1樓,食品24元,,,,,,,,,,,,,,,,,,,,,,,,,
8,**82930261,統一超商股份有限公司台中縣第48分公司,臺中市太平區新福里中山路四段112-1~2號1樓,飲品30元,,,,,,,,,,,,,,,,,,,,,,,,,
9,**82930261,摩曼頓企業股份有限公司彰化民權門市,彰化縣彰化市富貴里民權路245號1-3樓,"服飾1,100元",,,,,,,,,,,,,,,,,,,,,,,,,
10,**82930261,全家便利商店股份有限公司新市聯科門市部,臺南市新市區豐華里南科二路18號5樓,食品及飲品47元,,,,,,,,,,,,,,,,,,,,,,,,,
11,**82930261,統一超商股份有限公司嘉義縣第43分公司,嘉義縣鹿草鄉西井村020鄰鹿草528、530號1樓,冰品24元,,,,,,,,,,,,,,,,,,,,,,,,,
104年07-08月期統一發票特別獎1000萬中獎清冊,,,,,,,,,,,,,,,,,,,,,,,,,,,,,
序號,發票號碼,開立發票營業人,營業地址,交易項目,,,,,,,,,,,,,,,,,,,,,,,,,
1,**54719495,紫陽加油站股份有限公司,臺北市內湖區瑞陽里文德路206號,汽油100元,,,,,,,,,,,,,,,,,,,,,,,,,
2,**54719495,統一超商股份有限公司新北市第1047分公司,新北市蘆洲區水河里民族路402號,線上遊戲共98元,,,,,,,,,,,,,,,,,,,,,,,,,
3,**54719495,統一超商股份有限公司花蓮縣第43分公司,花蓮縣花蓮市國裕里富吉路2號1樓,菸品220元,,,,,,,,,,,,,,,,,,,,,,,,,
4,**54719495,全家便利商店股份有限公司新北市第738分公司,新北市三峽區龍學里學勤路162號1樓,早餐組及茶葉蛋共55元,,,,,,,,,,,,,,,,,,,,,,,,,
5,**54719495,三商行股份有限公司蘆洲民族分公司,新北市蘆洲區福安里民族路217號1樓,飲品及冰塊等97元,,,,,,,,,,,,,,,,,,,,,,,,,
6,**54719495,恆福商行,新北市板橋區雙十路三段33號,飲品90元,,,,,,,,,,,,,,,,,,,,,,,,,
7,**54719495,全家便利商店股份有限公司台中四維分公司,臺中市西區三民里三民路1段172－5號1樓,茶葉蛋8元,,,,,,,,,,,,,,,,,,,,,,,,,
8,**54719495,全聯實業股份有限公司嘉義水上分公司,嘉義縣水上鄉水頭村17鄰吳竹街135號1樓,零食共211元,,,,,,,,,,,,,,,,,,,,,,,,,
9,**54719495,澎湖縣農會農民購物中心,澎湖縣馬公市陽明里大勇街30號,零食及飲品共616元,,,,,,,,,,,,,,,,,,,,,,,,,
10,**54719495,統一超商股份有限公司高雄市第289公司,高雄市楠梓區翠屏里德賢路246號1樓,報紙10元,,,,,,,,,,,,,,,,,,,,,,,,,
104年09-10月期統一發票特別獎1000萬中獎清冊,,,,,,,,,,,,,,,,,,,,,,,,,,,,,
序號,發票號碼,開立發票營業人,營業地址,交易項目,,,,,,,,,,,,,,,,,,,,,,,,,
1,**07332260,統一生活事業股份有限公司台北市第121分公司,臺北市信義區景新里吳興街141號,口含錠120元,,,,,,,,,,,,,,,,,,,,,,,,,
2,**07332260,萊爾富國際股份有限公司桃縣內溪分公司,桃園市蘆竹區南山路2段429號,飲品10元,,,,,,,,,,,,,,,,,,,,,,,,,
3,**07332260,全家便利商店股份有限公司宜蘭大福分公司,宜蘭縣宜蘭市大福路1段43、45號1樓,飲品、布丁及優格共68元,,,,,,,,,,,,,,,,,,,,,,,,,
4,**07332260,台灣麥當勞餐廳股份有限公司新竹南大分公司,新竹市東區南大路337號,飲品及食品共238元,,,,,,,,,,,,,,,,,,,,,,,,,
5,**07332260,通用資訊股份有限公司,彰化縣彰化市長樂里中正路1段563號1樓,一卡通150元,,,,,,,,,,,,,,,,,,,,,,,,,
6,**07332260,統一超商股份有限公司台南縣第137分公司,臺南市新市區豐華里9鄰南科三路17號1-2樓,飲品及菸品112元,,,,,,,,,,,,,,,,,,,,,,,,,
7,**07332260,台灣中油股份有限公司油品行銷事業部高雄營業處東港加油站,屏東縣東港鎮興東里中正路1段85號,汽油95元,,,,,,,,,,,,,,,,,,,,,,,,,
8,**07332260,大立加油站有限公司,高雄市苓雅區林榮里凱旋三路657號,汽油50元,,,,,,,,,,,,,,,,,,,,,,,,,
104年11-12月期統一發票特別獎1000萬中獎清冊,,,,,,,,,,,,,,,,,,,,,,,,,,,,,
序號,發票號碼,開立發票營業人,營業地址,交易項目,,,,,,,,,,,,,,,,,,,,,,,,,
1,**91605081,統一超商股份有限公司台北市第290分公司,臺北市中山區農安街178號1樓,麵包25元,,,,,,,,,,,,,,,,,,,,,,,,,
2,**91605081,統一超商股份有限公司台北市第369分公司,臺北市信義區新仁里東興路57號,湯圓115元,,,,,,,,,,,,,,,,,,,,,,,,,
3,**91605081,好朋友有限公司,桃園市桃園區中正路583至587號,日用品及清潔用品共141元,,,,,,,,,,,,,,,,,,,,,,,,,
4,**91605081,全國加油站股份有限公司五股交流道站,新北市泰山區楓江路110號,汽油717元,,,,,,,,,,,,,,,,,,,,,,,,,
5,**91605081,來來超商股份有限公司高山頂營區門市,桃園市楊梅區南高山頂10-1號,菸品65元,,,,,,,,,,,,,,,,,,,,,,,,,
6,**91605081,全家便利商店股份有限公司三重集成分公司,新北市三重區環河南路254巷43號1樓,飲品25元,,,,,,,,,,,,,,,,,,,,,,,,,
7,**91605081,統一超商股份有限公司桃園縣第537分公司,桃園市桃園區經國路168號B1,食品30元,,,,,,,,,,,,,,,,,,,,,,,,,
8,**91605081,台大加油站股份有限公司,臺中市南區城隍里建成路1060號,汽油100元,,,,,,,,,,,,,,,,,,,,,,,,,
9,**91605081,統一超商股份有限公司嘉義市第17分公司,嘉義市東區文雅里文雅街211號1樓,飲品25元,,,,,,,,,,,,,,,,,,,,,,,,,
10,**91605081,宗源加油站有限公司源興加油加氣站,高雄市鳳山區中崙里油管路99號,液化石油氣690元,,,,,,,,,,,,,,,,,,,,,,,,,
105年01-02月期統一發票特別獎1000萬中獎清冊,,,,,,,,,,,,,,,,,,,,,,,,,,,,,
序號,發票號碼,開立發票營業人,營業地址,交易項目,,,,,,,,,,,,,,,,,,,,,,,,,
1,**51730762,統一超商股份有限公司台北市第41分公司,臺北市中山區中央里南京東路2段115巷1號,豆漿20元,,,,,,,,,,,,,,,,,,,,,,,,,
2,**51730762,統一超商股份有限公司第516分公司,臺北市大同區老師里延平北路4段157、159號1樓,食品及飲品共384元,,,,,,,,,,,,,,,,,,,,,,,,,
3,**51730762,亞太電信股份有限公司,臺北市內湖區西康里基湖路32號8樓,電信及其他服務費980元,,,,,,,,,,,,,,,,,,,,,,,,,
4,**51730762,安心食品服務股份有限公司吳興街分公司,臺北市信義區三張里吳興街243號1樓,餐費285元,,,,,,,,,,,,,,,,,,,,,,,,,
5,**51730762,有新藥局,新北市三峽區學勤路18號,生活用品共119元,,,,,,,,,,,,,,,,,,,,,,,,,
6,**51730762,萊爾富國際股份有限公司第2887分公司,新北市樹林區博愛街86號1樓,飲品10元,,,,,,,,,,,,,,,,,,,,,,,,,
7,**51730762,環球購物中心股份有限公司中和分公司,新北市中和區中山路3段122號1、2、3、4樓及120號,化妝品118元,,,,,,,,,,,,,,,,,,,,,,,,,
8,**51730762,廣進加油站有限公司廣進站,宜蘭縣宜蘭市中山路1段116號,汽油70元,,,,,,,,,,,,,,,,,,,,,,,,,
9,**51730762,全聯實業股份有限公司和美愛民分公司,彰化縣和美鎮和東里仁化路150號1樓,生活用品105元,,,,,,,,,,,,,,,,,,,,,,,,,
10,**51730762,全家便利商店股份有限公司福興福鹿分公司,彰化縣福興鄉橋頭村9鄰復興路120號,食品共79元,,,,,,,,,,,,,,,,,,,,,,,,,
11,**51730762,弘北百貨有限公司,臺南市永康區中山南路70號1樓,生活用品共407元,,,,,,,,,,,,,,,,,,,,,,,,,
12,**51730762,台灣麥當勞餐廳股份有限公司台南麻豆門市部,臺南市麻豆區新建里中山路84、86號及三民路12、14號,早餐及咖啡共53元,,,,,,,,,,,,,,,,,,,,,,,,,
105年03-04月期統一發票特別獎1000萬中獎清冊,,,,,,,,,,,,,,,,,,,,,,,,,,,,,
序號,發票號碼,開立發票營業人,營業地址,交易項目,,,,,,,,,,,,,,,,,,,,,,,,,
1,**18498950,香港商雅虎資訊股份有限公司台灣分公司,臺北市南港區三重里三重路 66號14樓,衣物299元,,,,,,,,,,,,,,,,,,,,,,,,,
2,**18498950,台灣大哥大股份有限公司,臺北市信義區新仁里菸廠路 88號12樓,遊戲卡點數100元,,,,,,,,,,,,,,,,,,,,,,,,,
3,**18498950,金興發股份有限公司南西分公司,臺北市中山區民安里南京西 路5-1號1，2，3樓,生活用品共302元,,,,,,,,,,,,,,,,,,,,,,,,,
4,**18498950,全家便利商店股份有限公司金漾分公司,臺北市中山區中山里林森北 路308、308之1號,生活用品20元,,,,,,,,,,,,,,,,,,,,,,,,,
5,**18498950,統一超商股份有限公司台北縣第608分公司,新北市中和區南華路16號1樓,食品共219元,,,,,,,,,,,,,,,,,,,,,,,,,
6,**18498950,好市多股份有限公司中壢分公司,桃園市中壢區民族路六段508 號,生活用品及食品 共1458元,,,,,,,,,,,,,,,,,,,,,,,,,
7,**18498950,壯圍茶飲站,宜蘭縣壯圍鄉吉祥村壯五路 323號1樓,飲品25元,,,,,,,,,,,,,,,,,,,,,,,,,
8,**18498950,台灣麥當勞餐廳股份有限公司宜蘭新興分公司,宜蘭縣宜蘭市宜興路一段263 及265號1樓,餐飲共255元,,,,,,,,,,,,,,,,,,,,,,,,,
9,**18498950,全家便利商店股份有限公司新北市第735分公司,新北市土城區延壽路21、23 號1樓,菸品2包120元,,,,,,,,,,,,,,,,,,,,,,,,,
10,**18498950,義美股份有限公司樹林北大分公司,新北市樹林區學勤路257號,食品共87元,,,,,,,,,,,,,,,,,,,,,,,,,
11,**18498950,中華電信股份有限公司台灣北區電信分公司花蓮營運處,花蓮縣花蓮市中正路595號,市話寬頻業務66 元,,,,,,,,,,,,,,,,,,,,,,,,,
12,**18498950,杰思股份有限公司,金門縣金湖鎮后園68號,汽油400元,,,,,,,,,,,,,,,,,,,,,,,,,
13,**18498950,統一超商股份有限公司新北市第3分公司,新北市新店區三民路50，52 號1樓,報紙及食品共40 元,,,,,,,,,,,,,,,,,,,,,,,,,
14,**18498950,統一超商股份有限公司桃園縣第182分公司,桃園市楊梅區民富路三段 22、24號1樓,零食共99元,,,,,,,,,,,,,,,,,,,,,,,,,
15,**18498950,歐里沙咖啡飲料店,臺南市中西區三民里中山路 117號1樓,飲品75元,,,,,,,,,,,,,,,,,,,,,,,,,
16,**18498950,台灣中油股份有限公司油品行銷事業部嘉南營業處 大灣加油站,臺南市永康區建國里復興路 69號,礦泉水15元,,,,,,,,,,,,,,,,,,,,,,,,,
17,**18498950,水世界冷飲店,高雄市鳥松區中正路345號1 樓,飲品25元,,,,,,,,,,,,,,,,,,,,,,,,,
105年05-06月期統一發票特別獎1000萬中獎清冊,,,,,,,,,,,,,,,,,,,,,,,,,,,,,
序號,發票號碼,開立發票營業人,營業地址,交易項目,,,,,,,,,,,,,,,,,,,,,,,,,
1,**01099147,竹裏館有限公司,臺北市松山區民生東路3段113巷6弄15號1樓,餐費301元,,,,,,,,,,,,,,,,,,,,,,,,,
2,**01099147,統一超商股份有限公司台北市第825分公司,臺北市信義區西村里基隆路1段333號地下3層,飲品及食品共70元,,,,,,,,,,,,,,,,,,,,,,,,,
3,**01099147,全聯實業股份有限公司基隆百福分公司,基隆市七堵區百六街116號地下1樓,報紙12元,,,,,,,,,,,,,,,,,,,,,,,,,
4,**01099147,中華電信股份有限公司臺灣北區電信分公司新北營運處,新北市永和區國光路8號,市話寬頻115元,,,,,,,,,,,,,,,,,,,,,,,,,
5,**01099147,全家便利商店股份有限公司新竹縣第107分公司,新竹縣湖口鄉信勢村成功路76-1、76-2、76-3、76-5號,飲品及菸品共514元,,,,,,,,,,,,,,,,,,,,,,,,,
6,**01099147,全家便利商店股份有限公司秀林和平分公司,花蓮縣秀林鄉和平村和平路187號1樓,便當75元,,,,,,,,,,,,,,,,,,,,,,,,,
7,**01099147,桃花園飯店股份有限公司,桃園市桃園區復興路147、151、153號,"晚餐1,800元",,,,,,,,,,,,,,,,,,,,,,,,,
8,**01099147,中興電工機械股份有限公司嘟嘟房二期航廈站,桃園市大園區航站南路9號,停車費50元,,,,,,,,,,,,,,,,,,,,,,,,,
9,**01099147,惠康百貨股份有限公司南華分公司,桃園市桃園區南華街77號1樓,水果共208元,,,,,,,,,,,,,,,,,,,,,,,,,
10,**01099147,統一精工股份有限公司國際一站加油站,桃園市桃園區國際路1段390號,汽油753元,,,,,,,,,,,,,,,,,,,,,,,,,
11,**01099147,富爾特科技股份有限公司,新北市新店區寶強路6-3號5樓,電影網路訂票手續費60元,,,,,,,,,,,,,,,,,,,,,,,,,
12,**01099147,台灣中油股份有限公司油品行銷事業部台中營業處公園路加油站,臺中市北區新興里三民路3段50號,汽油97元,,,,,,,,,,,,,,,,,,,,,,,,,
13,**01099147,順天加油站股份有限公司,臺中市大甲區新美里經國路97號,汽油100元,,,,,,,,,,,,,,,,,,,,,,,,,
14,**01099147,統一超商股份有限公司台南市第102分公司,臺南市中西區永華里府前路1段144號,飲品及購物袋共40元,,,,,,,,,,,,,,,,,,,,,,,,,
15,**01099147,統一超商股份有限公司屏東縣第32分公司,屏東縣恆春鎮墾丁里墾丁路166號1樓,輕便雨衣39元,,,,,,,,,,,,,,,,,,,,,,,,,
16,**01099147,御之邸旅館有限公司,高雄市鼓山區龍勝路333號,住宿費700元,,,,,,,,,,,,,,,,,,,,,,,,,
17,**01099147,力諾咖啡有限公司門市部,高雄市鼓山區河西一路1591-11號,"咖啡豆1,000元",,,,,,,,,,,,,,,,,,,,,,,,,
18,**01099147,統一超商股份有限公司高雄市第522分公司,高雄市前鎮區鎮興路8號1樓,菸品95元,,,,,,,,,,,,,,,,,,,,,,,,,
19,**01099147,中華電信股份有限公司台灣南區電信分公司高雄營運處,高雄市左營區至聖路200號,市話寬頻75元,,,,,,,,,,,,,,,,,,,,,,,,,
105年07-08月期統一發票特別獎1000萬中獎清冊,,,,,,,,,,,,,,,,,,,,,,,,,,,,,
序號,發票號碼,開立發票營業人,營業地址,交易項目,,,,,,,,,,,,,,,,,,,,,,,,,
1,**91909013,美商美安美台股份有限公司台灣分公司,臺北市松山區復興北路101號14樓、14樓之1-11,"健康食品4,830元",,,,,,,,,,,,,,,,,,,,,,,,,
2,**91909013,來來超商股份有限公司第1110分公司,臺北市士林區中正路422號1樓,飲品25元,,,,,,,,,,,,,,,,,,,,,,,,,
3,**91909013,國民企業股份有限公司中正門市部,桃園市桃園區中正路578號,藥品45元,,,,,,,,,,,,,,,,,,,,,,,,,
4,**91909013,中華電信股份有限公司台灣北區電信分公司桃園營運處,桃園市桃園區復興路189號,"市話及寬頻1,356元",,,,,,,,,,,,,,,,,,,,,,,,,
5,**91909013,全家便利商店股份有限公司鶯歌行政分公司,新北市鶯歌區中正一路154號1樓,菸品60元,,,,,,,,,,,,,,,,,,,,,,,,,
6,**91909013,太平洋崇光百貨股份有限公司新竹巨城分公司,新竹市東區中央路239號、241號B1－2F、243號及243－1號,"餐飲1,272元",,,,,,,,,,,,,,,,,,,,,,,,,
7,**91909013,統一超商股份有限公司台中市第273分公司,臺中市北屯區軍功里軍功路2段183號1樓,影印2元,,,,,,,,,,,,,,,,,,,,,,,,,
8,**91909013,台中一手世界紅茶,臺中市西區中興里美村路1段126號1樓,飲品80元,,,,,,,,,,,,,,,,,,,,,,,,,
9,**91909013,全家便利商店股份有限公司台中光明分公司,臺中市西屯區至善里臺灣大道三段732號1樓,菸品60元,,,,,,,,,,,,,,,,,,,,,,,,,
10,**91909013,冠祤生活館有限公司,臺中市西屯區西墩里黎明路3段325號1、2樓,廚具214元,,,,,,,,,,,,,,,,,,,,,,,,,
11,**91909013,統一超商股份有限公司台中縣第139分公司,臺中市龍井區龍崗里沙田路4段636號1樓,飲品及菸品110元,,,,,,,,,,,,,,,,,,,,,,,,,
12,**91909013,統一超商股份有限公司台中市第160分公司,臺中市東區東信里東英路331號1樓,飲品39元,,,,,,,,,,,,,,,,,,,,,,,,,
13,**91909013,百盛加油站股份有限公司,苗栗縣頭份市後庄里7鄰光華北路5號,汽油82元,,,,,,,,,,,,,,,,,,,,,,,,,
14,**91909013,台灣中油股份有限公司油品行銷事業部台中營業處埔里中山路加油站,南投縣埔里鎮北安里中山路2段141號,柴油920元,,,,,,,,,,,,,,,,,,,,,,,,,
15,**91909013,統一超商股份有限公司台南縣第213分公司,臺南市永康區鹽行里新行街251號1樓,食品及飲品96元,,,,,,,,,,,,,,,,,,,,,,,,,
16,**91909013,Teas原味奶綠專賣店溪口店,嘉義縣溪口鄉溪東村1鄰民生街3號,飲品50元,,,,,,,,,,,,,,,,,,,,,,,,,
105年09-10月期統一發票特別獎1000萬中獎清冊,,,,,,,,,,,,,,,,,,,,,,,,,,,,,
序號,發票號碼,開立發票營業人,營業地址,交易項目,,,,,,,,,,,,,,,,,,,,,,,,,
1,**84568349,遠傳電信股份有限公司,臺北市大安區敦化南路2段207號28樓,"電信服務1,462元",,,,,,,,,,,,,,,,,,,,,,,,,
2,**84568349,萊爾富國際股份有限公司第4307分公司,臺北市中正區八德路1段46號1樓,雨衣98元,,,,,,,,,,,,,,,,,,,,,,,,,
3,**84568349,台灣中油（股）油品行銷事業部台北營業處桂林路加油站,臺北市萬華區桂林路53號,汽油85元,,,,,,,,,,,,,,,,,,,,,,,,,
4,**84568349,富利餐飲股份有限公司新竹竹北分公司,新竹縣竹北市光明六路69號1、2、3樓,餐飲111元,,,,,,,,,,,,,,,,,,,,,,,,,
5,**84568349,沅陞有限公司桃園營業所,桃園市桃園區中正路1號(桃園火車站2樓商場),飲品28元,,,,,,,,,,,,,,,,,,,,,,,,,
6,**84568349,統一超商股份有限公司桃園縣第564分公司,桃園市平鎮區金陵路76、78號1樓,飲品35元,,,,,,,,,,,,,,,,,,,,,,,,,
7,**84568349,諾貝兒寶貝股份有限公司內壢分公司,桃園市中壢區環中東路325號1樓,口罩226元,,,,,,,,,,,,,,,,,,,,,,,,,
8,**84568349,全家便利商店股份有限公司新北市第608門市部,新北市新店區中正路523號,飲品及食品共84元,,,,,,,,,,,,,,,,,,,,,,,,,
9,**84568349,宜得利家居股份有限公司台中文心店,臺中市南屯區溝墘里文心路1段521號B1,開瓶器等用品共354元,,,,,,,,,,,,,,,,,,,,,,,,,
10,**84568349,中華電信股份有限公司台灣南區電信分公司南投營運處,南投縣南投市三民里中山一街6號,市話寬頻業務105元,,,,,,,,,,,,,,,,,,,,,,,,,
11,**84568349,統一超商股份有限公司彰化縣第188分公司,彰化縣彰化市新興里33鄰永安街388號1樓,飲品45元,,,,,,,,,,,,,,,,,,,,,,,,,
12,**84568349,統一超商股份有限公司雲林縣第96分公司,雲林縣崙背鄉豐榮村豐榮32-3號1樓,食品及飲品共71元,,,,,,,,,,,,,,,,,,,,,,,,,
13,**84568349,來來超商股份有限公司第818分公司,臺南市歸仁區媽廟里4鄰和順路1段1號,食品及菸品共150元,,,,,,,,,,,,,,,,,,,,,,,,,
105年11-12月期統一發票特別獎1000萬中獎清冊,,,,,,,,,,,,,,,,,,,,,,,,,,,,,
序號,發票號碼,開立發票營業人,營業地址,交易項目,,,,,,,,,,,,,,,,,,,,,,,,,
1,**68789003,統一超商股份有限公司台北市第860分公司,臺北市士林區德行東路6-2號1樓,食品和飲料共88元,,,,,,,,,,,,,,,,,,,,,,,,,
2,**68789003,富邦媒體科技股份有限公司(MOMO電視購物),臺北市內湖區港墘里洲子街96號4樓,毛浴巾共890元,,,,,,,,,,,,,,,,,,,,,,,,,
3,**68789003,民生茶館(CoCo都可),臺北市大同區民生西路159號,飲料2杯共65元,,,,,,,,,,,,,,,,,,,,,,,,,
4,**68789003,統一超商股份有限公司台北市第366分公司,臺北市北投區振興街31號1樓,宅急便120元,,,,,,,,,,,,,,,,,,,,,,,,,
5,**68789003,來來超商股份有限公司第405分公司,新北市蘆洲區長安街191號,食品31元,,,,,,,,,,,,,,,,,,,,,,,,,
6,**68789003,宏源咖啡坊(Louisa Coffee路易莎咖啡),新北市板橋區文化路1段309之37號1樓,食品和飲料共70元,,,,,,,,,,,,,,,,,,,,,,,,,
7,**68789003,統一超商股份有限公司桃園縣第150分公司,桃園市龜山區文化一路42號,飲料20元,,,,,,,,,,,,,,,,,,,,,,,,,
8,**68789003,全家便利商店股份有限公司五股民義分公司,新北市五股區民義路2段16號,飲料35元,,,,,,,,,,,,,,,,,,,,,,,,,
9,**68789003,三商行股份有限公司林口麗園分公司(美廉社),新北市林口區麗園一街11巷1號1樓之4,米酒2瓶50元,,,,,,,,,,,,,,,,,,,,,,,,,
10,**68789003,展旺五金商行,臺中市北屯區平德里北平路3段75-2號1樓,清潔用品90元,,,,,,,,,,,,,,,,,,,,,,,,,
11,**68789003,萊爾富國際股份有限公司第３１６９分公司,雲林縣虎尾鎮埒內里5鄰埒內80號1樓,食品和飲料共103元,,,,,,,,,,,,,,,,,,,,,,,,,
12,**68789003,茶之魔手有限公司家專三店,臺南市永康區鹽洲里中正南路725號1樓,飲料2杯共55元,,,,,,,,,,,,,,,,,,,,,,,,,
106年01-02月期統一發票特別獎1000萬中獎清冊,,,,,,,,,,,,,,,,,,,,,,,,,,,,,
序號,發票號碼,開立發票營業人,營業地址,交易項目,,,,,,,,,,,,,,,,,,,,,,,,,
1,**82885130,香港商雅虎資訊股份有限公司台灣分公司(YAHOO),臺北市南港區三重路66號14樓,"家電，1,580元",,,,,,,,,,,,,,,,,,,,,,,,,
2,**82885130,華山食品行(店招：50嵐),臺北市中正區八德路1段34號（1樓）,飲品，125元,,,,,,,,,,,,,,,,,,,,,,,,,
3,**82885130,統一超商股份有限公司台北縣855分公司,新北市三重區成功路50巷1號,菸品，95元,,,,,,,,,,,,,,,,,,,,,,,,,
4,**82885130,統一超商股份有限公司新竹第67分公司,新竹市東區金山街30號1樓,食品，164元,,,,,,,,,,,,,,,,,,,,,,,,,
5,**82885130,全家便利商店股份有限公司永和正新分公司,新北市永和區中正路278號1樓、280號1樓,飲品，83元,,,,,,,,,,,,,,,,,,,,,,,,,
6,**82885130,好市多股份有限公司中和分公司,新北市中和區中山路2段347號1樓、2樓、3樓,"食品,209元",,,,,,,,,,,,,,,,,,,,,,,,,
7,**82885130,全家便利商店股份有限公司樹林俊霖分公司,新北市樹林區俊英街155巷1號1樓,食品及生活用品，95元,,,,,,,,,,,,,,,,,,,,,,,,,
8,**82885130,偉中服飾行(店招：緣投阿尚),桃園市蘆竹區南崁路209號1樓,服飾，870元,,,,,,,,,,,,,,,,,,,,,,,,,
9,**82885130,東虹實業股份有限公司東虹崇德加油站(中油加盟店),臺中市北屯區平德里崇德路2段19、19-1號,汽油，4元,,,,,,,,,,,,,,,,,,,,,,,,,
10,**82885130,微笑運動用品股份有限公司台中中山分公司,臺中市中區綠川里中山路29號,運動用品，390元,,,,,,,,,,,,,,,,,,,,,,,,,
11,**82885130,茶之魔手有限公司台中逢甲店,臺中市西屯區西平里福星路431號1樓,飲品，50元,,,,,,,,,,,,,,,,,,,,,,,,,
12,**82885130,統一超商股份有限公司彰化縣135分公司,彰化縣秀水鄉安東村彰水路2段795-1號,影印，8元,,,,,,,,,,,,,,,,,,,,,,,,,
13,**82885130,萊爾富國際股份有限公司第3146分公司,臺南市南區郡南里德興路1號1樓,菸品，70元,,,,,,,,,,,,,,,,,,,,,,,,,
14,**82885130,全聯實業股份有限公司台南明興分公司,臺南市南區建南里明興路53、55、57號,食品及生活用品，415元,,,,,,,,,,,,,,,,,,,,,,,,,
15,**82885130,統一超商股份有限公司屏東縣第119分公司,屏東縣枋山鄉枋山村中山路3段38號1樓,食品，43元,,,,,,,,,,,,,,,,,,,,,,,,,
16,**82885130,中華電信股份有限公司台灣南區電信分公司高雄營運處,高雄市左營區新上里至聖路200號,儲值卡，300元,,,,,,,,,,,,,,,,,,,,,,,,,
17,**82885130,大眾加油站有限公司(中油加盟店),高雄市苓雅區人和里中山二路497號,洗車，100元,,,,,,,,,,,,,,,,,,,,,,,,,
106年03-04月期統一發票特別獎1000萬中獎清冊,,,,,,,,,,,,,,,,,,,,,,,,,,,,,
序號,發票號碼,開立發票營業人,營業地址,交易項目,,,,,,,,,,,,,,,,,,,,,,,,,
1,**74748874,可可婦嬰生活館有限公司(店招：可可藥局健康生活藥妝),臺北市南港區研究院路2段36號,玩具，145元,,,,,,,,,,,,,,,,,,,,,,,,,
2,**74748874,統一超商股份有限公司台北市第681分公司(店招：7-11),臺北市中正區博愛路97號1樓,菸品，65元,,,,,,,,,,,,,,,,,,,,,,,,,
3,**74748874,統一超商股份有限公司台北市第137分公司(店招：7-11),臺北市中山區吉林路365丶367號1樓，農安街137號1樓,菸品，65元,,,,,,,,,,,,,,,,,,,,,,,,,
4,**74748874,全家便利商店股份有限公司三重新運分公司(店招 :全家Family),新北市三重區捷運路19巷6弄20號1樓,菸品，60元,,,,,,,,,,,,,,,,,,,,,,,,,
5,**74748874,安裕蛋糕烘焙坊(店招：多那之咖啡),新北市樹林區中華路211號,食品，60元,,,,,,,,,,,,,,,,,,,,,,,,,
6,**74748874,全聯實業股份有限公司新竹牛埔分公司(店招：全聯福利中心),新竹市香山區牛埔東路247號1樓,食品，共169元,,,,,,,,,,,,,,,,,,,,,,,,,
7,**74748874,得利仕興業有限公司七張站1號販賣店(店招：韓國栗米燒),新北市新店區北新路2段150號,食品，50元,,,,,,,,,,,,,,,,,,,,,,,,,
8,**74748874,三商行股份有限公司新莊化成分公司(店招：美廉社),新北市新莊區化成路313號,食品及菸品，共141元,,,,,,,,,,,,,,,,,,,,,,,,,
9,**74748874,蚨盈股份有限公司谷關分公司(店招：風車轉轉),臺中市和平區博愛里002鄰東關路1段127-1號1樓,停車費，50元,,,,,,,,,,,,,,,,,,,,,,,,,
10,**74748874,全家便利商店股份有限公司台中市第506分公司(店招 :全家Family),臺中市南區崇倫里建國北路1段250．251號．崇倫街207號,食品及菸品，共78元,,,,,,,,,,,,,,,,,,,,,,,,,
11,**74748874,中華電信股份有限公司臺灣南區電信分公司臺南營運處(店招：中華電信),臺南市中西區赤崁里成功路3號,電信費，423元,,,,,,,,,,,,,,,,,,,,,,,,,
12,**74748874,珠喜樂企業社(店招：丸作食茶),臺南市新市區新和里43鄰民權路3號,飲品，60元,,,,,,,,,,,,,,,,,,,,,,,,,
13,**74748874,台灣中油股份有限公司油品行銷事業部台南營業處麻豆加油站(店招：台灣中油）,臺南市麻豆區榖興里中山路13號,汽油，257元,,,,,,,,,,,,,,,,,,,,,,,,,
14,**74748874,好市多股份有限公司大順分公司（店招：COSTCO),高雄市鼓山區龍子里大順一路111號,食品，共531元,,,,,,,,,,,,,,,,,,,,,,,,,
106年05-06月期統一發票特別獎1000萬中獎清冊,,,,,,,,,,,,,,,,,,,,,,,,,,,,,
序號,發票號碼,開立發票營業人,營業地址,交易項目,,,,,,,,,,,,,,,,,,,,,,,,,
1,**99768846,統一百華股份有限公司台北分公司(店招：統一阪急),臺北市信義區忠孝東路5段8號,服飾，690元,,,,,,,,,,,,,,,,,,,,,,,,,
2,**99768846,全國加油站股份有限公司景美加油站,臺北市文山區羅斯福路6段140號1樓,"汽油，1,000元",,,,,,,,,,,,,,,,,,,,,,,,,
3,**99768846,合庭聯合超商股份有限公司(店招：統冠聯合超級市場),花蓮縣玉里鎮光復路61號,飲品，186元,,,,,,,,,,,,,,,,,,,,,,,,,
4,**99768846,全家便利商店股份有限公司中和福順分公司(店招：全家Family),新北市中和區景平路708、710號,食品3項，共148元,,,,,,,,,,,,,,,,,,,,,,,,,
5,**99768846,全家便利商店股份有限公司中和福祥分公司(店招：全家Family),新北市中和區福祥路30號、32號1樓,飲品，20元,,,,,,,,,,,,,,,,,,,,,,,,,
6,**99768846,中華電信股份有限公司臺灣北區電信分公司新竹營運處,新竹市北區中正路105號,電信費，70元,,,,,,,,,,,,,,,,,,,,,,,,,
7,**99768846,萊爾富國際股份有限公司第3842分公司(店招：Hi-Life),新北市樹林區忠孝街45、47、49號1樓,菸品，70元,,,,,,,,,,,,,,,,,,,,,,,,,
8,**99768846,統一超商股份有限公司台北縣第67分公司(店招：7-11),新北市三重區集美街107號1樓,飲品2杯，76元,,,,,,,,,,,,,,,,,,,,,,,,,
9,**99768846,惠康百貨股份有限公司龍門分公司(店招：頂好Wellcome),新北市三重區仁愛街81號,飲品，15元,,,,,,,,,,,,,,,,,,,,,,,,,
10,**99768846,智蘭冷飲店(店招：清心福全冷飲店),臺中市西屯區永安里西屯路3段166-19號1樓,飲品，90元,,,,,,,,,,,,,,,,,,,,,,,,,
11,**99768846,統一超商股份有限公司高雄第158分公司(店招：7-11),高雄市三民區莊敬路289號1樓,食品，35元,,,,,,,,,,,,,,,,,,,,,,,,,
106年07-08月期統一發票特別獎1000萬中獎清冊,,,,,,,,,,,,,,,,,,,,,,,,,,,,,
序號,發票號碼,開立發票營業人,營業地址,交易項目,,,,,,,,,,,,,,,,,,,,,,,,,
1,**33612092,米淇有限公司松山車站營業所(店招：康是美),臺北市信義區松山路11號地下1樓(A-G區),用品，共427元,,,,,,,,,,,,,,,,,,,,,,,,,
2,**33612092,全家便利商店股份有限公司通和分公司(店招：FamilyMart),臺北市大安區通安街77號,飲品，共32元,,,,,,,,,,,,,,,,,,,,,,,,,
3,**33612092,微風場站開發股份有限公司(店招：太陽堂老店),臺北市中正區北平西路3號2樓，1樓及地下1樓,食品，共220元,,,,,,,,,,,,,,,,,,,,,,,,,
4,**33612092,賞心商行(店招：85度C),臺北市士林區德行東路241號1樓,飲品 ，共102元,,,,,,,,,,,,,,,,,,,,,,,,,
5,**33612092,全家便利商店股份有限公司永和得和分公司(店招：FamilyMart),新北市永和區得和路372號1樓,飲品，共45元,,,,,,,,,,,,,,,,,,,,,,,,,
6,**33612092,復興空廚股份有限公司中壢營業所(復興航棧),桃園市中壢區中美路1段12號,"食品 ,共140元",,,,,,,,,,,,,,,,,,,,,,,,,
7,**33612092,全聯實業股份有限公司雲林斗六分公司(店招：全聯福利中心),雲林縣斗六市成功里23鄰莊敬路43號,食品，共344元,,,,,,,,,,,,,,,,,,,,,,,,,
8,**33612092,異人館國際餐飲股份有限公司安南分店(店招：異人館咖啡部屋),臺南市安南區溪墘里海佃路1段142號1樓,"餐飲，共1,120元",,,,,,,,,,,,,,,,,,,,,,,,,
9,**33612092,全紅古早味紅茶專賣店(店招：全紅紅茶),屏東縣屏東市安鎮里建國路296號1樓,飲品，共20元,,,,,,,,,,,,,,,,,,,,,,,,,
10,**33612092,永二有限公司(店招：紅茶幫),臺南市永康區二王里永二街312號1樓,飲品，25元,,,,,,,,,,,,,,,,,,,,,,,,,
11,**33612092,康您事業開發股份有限公司(店招：康鄰生鮮百貨),高雄市岡山區碧紅里大仁北路363號,飲品，共88元,,,,,,,,,,,,,,,,,,,,,,,,,
106年09-10月期統一發票特別獎1000萬中獎清冊,,,,,,,,,,,,,,,,,,,,,,,,,,,,,
序號,發票號碼,開立發票營業人,營業地址,交易項目,,,,,,,,,,,,,,,,,,,,,,,,,
1,**26638985,唐緹股份有限公司第一分公司(店招：tartine唐緹),臺北市中山區江山里錦州街436號1樓,食品，共78元,,,,,,,,,,,,,,,,,,,,,,,,,
2,**26638985,露天市集國際資訊股份有限公司,臺北市大安區義安里敦化南路2段105號5樓,服務費，共160元,,,,,,,,,,,,,,,,,,,,,,,,,
3,**26638985,統一超商股份有限公司桃園縣第437分公司(店招：7-ELEVEN),桃園市觀音區忠孝路705號1樓,飲品，共28元,,,,,,,,,,,,,,,,,,,,,,,,,
4,**26638985,大潤發流通事業股份有限公司忠孝分公司(店招：大潤發）,新竹市東區忠孝路300號1樓,"食品，共1,480元",,,,,,,,,,,,,,,,,,,,,,,,,
5,**26638985,台灣中油（股）公司油品行銷事業部基隆營業處海濱加油站（店招:台灣中油),新北市瑞芳區海濱路157-2號,"汽油，共1,032元",,,,,,,,,,,,,,,,,,,,,,,,,
6,**26638985,全國加油站股份有限公司新五路站(店招：全國加油站),新北市泰山區新五路1段89號,"汽油，共1,083元",,,,,,,,,,,,,,,,,,,,,,,,,
7,**26638985,全家便利商店股份有限公司台中楓樹分公司(店招：全家Family Mart),臺中市南屯區中和里黎明路1段253號、255號楓和路803、832號1樓,報紙，共10元,,,,,,,,,,,,,,,,,,,,,,,,,
8,**26638985,中華電信股份有限公司台灣南區電信分公司彰化營運處,彰化縣彰化市光華里和平路52號,電信費，共103元,,,,,,,,,,,,,,,,,,,,,,,,,
9,**26638985,統一超商股份有限公司台中市第375分公司(店招：7-ELEVEN),臺中市大里區成功路512號、516號１樓,飲品，共25元,,,,,,,,,,,,,,,,,,,,,,,,,
10,**26638985,全聯實業股份有限公司東勢豐勢分公司(店招：全聯福利中心),臺中市東勢區延平里3鄰豐勢路115-3號,"食品，共1,320元",,,,,,,,,,,,,,,,,,,,,,,,,
11,**26638985,台灣自來水股份有限公司第四區管理處台中服務所,臺中市北區樂英里雙十路二段2號1樓,水費，共521元,,,,,,,,,,,,,,,,,,,,,,,,,
12,**26638985,新光三越百貨股份有限公司台南西門分公司(店招：新光三越）,臺南市中西區小西里西門路1段658號,食品，共165元,,,,,,,,,,,,,,,,,,,,,,,,,
13,**26638985,大潤發流通事業股份有限公司台南佳里店分公司(店招：大潤發）,臺南市佳里區民安里7鄰80-2號,食品，共68元,,,,,,,,,,,,,,,,,,,,,,,,,
14,**26638985,嵐洋企業社(店招：50嵐),屏東縣屏東市豐源里廣東路100號,飲品，共25元,,,,,,,,,,,,,,,,,,,,,,,,,
15,**26638985,宗興百貨行(店招：宗興百貨),高雄市湖內區葉厝里保生路117號1樓,用品，80元,,,,,,,,,,,,,,,,,,,,,,,,,
106年11-12月期統一發票特別獎1000萬中獎清冊,,,,,,,,,,,,,,,,,,,,,,,,,,,,,
序號,發票號碼,開立發票營業人,營業地址,交易項目,,,,,,,,,,,,,,,,,,,,,,,,,
1,**75350343,統一超商股份有限公司桃園縣第10分公司(店招：7-11),桃園市蘆竹區蘆竹街256號1樓,飲品及食品，共43元,,,,,,,,,,,,,,,,,,,,,,,,,
2,**75350343,統一超商股份有限公司台北縣第165分公司(店招：7-11),新北市淡水區北新路182巷5弄39號 新北市淡水區北新路182巷5弄39號,飲品及食品共105元,,,,,,,,,,,,,,,,,,,,,,,,,
3,**75350343,全聯實業股份有限公司新竹西大分公司(店招：全聯福利中心),新竹市北區西大路594號,食品，共100元,,,,,,,,,,,,,,,,,,,,,,,,,
4,**75350343,原順盛百貨行(店招：原順盛),臺中市后里區墩北里中山路114號,化粧品，共460元,,,,,,,,,,,,,,,,,,,,,,,,,
5,**75350343,統一超商股份有限公司台中市第61分公司(店招：7-11),臺中市大甲區薰風里光明路1號1樓；中山路1段917號1樓,飲品，共138元,,,,,,,,,,,,,,,,,,,,,,,,,
6,**75350343,中華電信股份有限公司臺灣南區電信分公司臺南營運處,臺南市中西區赤崁里成功路３號,電信服務費，共152元,,,,,,,,,,,,,,,,,,,,,,,,,
7,**75350343,全家便利商店股份有限公司台南市第218分公司(店招：Family),臺南市中西區五妃里五妃街１９０號,飲品，共25元,,,,,,,,,,,,,,,,,,,,,,,,,
8,**75350343,主富服裝股份有限公司安平一店分公司(店招：NET),臺南市安平區文平里中華西路２段１０１號,服飾，共548元,,,,,,,,,,,,,,,,,,,,,,,,,
9,**75350343,全家便利商店股份有限公司台東大竹門市部(店招：Family),臺東縣大武鄉大竹村大竹路６號,飲品，共28元,,,,,,,,,,,,,,,,,,,,,,,,,
10,**75350343,好市多股份有限公司大順分公司(店招：COSTCO),高雄市鼓山區龍子里大順一路111號,食品，共293元,,,,,,,,,,,,,,,,,,,,,,,,,
11,**75350343,台灣中油（股）公司油品行銷事業部台南營業處大湖加油站(店招：台灣中油),高雄市湖內區湖東里中山路1段72號,油品，共90元,,,,,,,,,,,,,,,,,,,,,,,,,
107年01-02月期統一發票特別獎1000萬中獎清冊,,,,,,,,,,,,,,,,,,,,,,,,,,,,,
序號,發票號碼,開立發票營業人,營業地址,交易項目,,,,,,,,,,,,,,,,,,,,,,,,,
1,**21735266,惠康百貨股份有限公司東明分公司(店招：頂好WELLCOME),臺北市南港區東明街99號,食品，計50元,,,,,,,,,,,,,,,,,,,,,,,,,
2,**21735266,維宏食品有限公司興南營業所(店招：一送一蛋糕店),新北市中和區興南路1段36號,食品，計120元,,,,,,,,,,,,,,,,,,,,,,,,,
3,**21735266,全家便利商店股份有限公司桃園縣第208門市部(店招：全家Family Mart),桃園市中壢區中華路一段568號8樓,飲品及菸品，計128元,,,,,,,,,,,,,,,,,,,,,,,,,
4,**21735266,奕順軒食品股份有限公司礁溪門市部(店招：奕順軒),宜蘭縣礁溪鄉德陽村礁溪路5段92號1樓,食品，計320元,,,,,,,,,,,,,,,,,,,,,,,,,
5,**21735266,統一超商股份有限公司台北縣第887分公司(店招：7-11),新北市板橋區國光路1、3號1樓,食品，計19元,,,,,,,,,,,,,,,,,,,,,,,,,
6,**21735266,為格國際企業有限公司,臺中市北區頂厝里崇德路1段629號15樓之1,"健康食品，計21,800元",,,,,,,,,,,,,,,,,,,,,,,,,
7,**21735266,全聯實業股份有限公司大肚榮華分公司（店招：全聯福利中心）,臺中市大肚區頂街里榮華街7、9號,食品，計350元,,,,,,,,,,,,,,,,,,,,,,,,,
8,**21735266,新東陽股份有限公司國道南投門市部(店招：新東陽),南投縣南投市振興里南鄉路250巷142弄6號,食品，計195元,,,,,,,,,,,,,,,,,,,,,,,,,
9,**21735266,和德昌股份有限公司埔里信義分公司(店招：麥當勞),南投縣埔里鎮大城里信義路1037號,飲品，計40元,,,,,,,,,,,,,,,,,,,,,,,,,
10,**21735266,統一超商股份有限公司彰化縣第37分公司(店招：7-11),彰化縣員林市黎明里中正路75號1樓,食品，計58元,,,,,,,,,,,,,,,,,,,,,,,,,
11,**21735266,杏一醫療用品股份有限公司成大院內門市部(店招：杏一）,臺南市北區勝利路138號,用品，計35元,,,,,,,,,,,,,,,,,,,,,,,,,
12,**21735266,皇家蛋糕麵包(店招：皇家烘焙坊),屏東縣屏東市大連里建豐路72號,食品，計310元,,,,,,,,,,,,,,,,,,,,,,,,,
13,**21735266,家福股份有限公司楠梓分公司 (店招：家樂福),高雄市楠梓區藍田里藍田路288號,"用品及食品，計1,626元",,,,,,,,,,,,,,,,,,,,,,,,,
14,**21735266,統一超商股份有限公司高雄市第264分公司(店招：7-11),高雄市左營區菜公里高鐵路105號2樓,食品，計25元,,,,,,,,,,,,,,,,,,,,,,,,,
15,**21735266,俥亭停車事業股份有限公司國軍左營醫院營業所(店招：俥亭停車),高雄市左營區合羣里軍校路553號,停車費，計15元,,,,,,,,,,,,,,,,,,,,,,,,,
107年03-04月期統一發票特別獎1000萬中獎清冊,,,,,,,,,,,,,,,,,,,,,,,,,,,,,
序號,發票號碼,開立發票營業人,營業地址,交易項目,,,,,,,,,,,,,,,,,,,,,,,,,
1,**12342126,溫德德式烘焙餐館股份有限公司大安營業所(店招：Wendel's),臺北市大安區正聲里光復南路260巷26、26-4、28號1樓,食品，計98元,,,,,,,,,,,,,,,,,,,,,,,,,
2,**12342126,中興電工機械股份有限公司嘟嘟房青田站(店招：嘟嘟房),臺北市大安區青田街6巷3號旁,停車費，計75元,,,,,,,,,,,,,,,,,,,,,,,,,
3,**12342126,中華電信股份有限公司台灣北區電信分公司台北營運處,臺北市大安區光明里金山南路2段52號9樓,電信費，計699元,,,,,,,,,,,,,,,,,,,,,,,,,
4,**12342126,和德昌股份有限公司永和分公司(店招：麥當勞),新北市永和區永和路2段170號1-3樓,食品、飲品，計50元,,,,,,,,,,,,,,,,,,,,,,,,,
5,**12342126,家福股份有限公司桃園內壢分公司(店招：家樂福),桃園市中壢區中華路1段450號,紙張用品，79元,,,,,,,,,,,,,,,,,,,,,,,,,
6,**12342126,統一超商股份有限公司新竹縣第二分公司(店招：7-11),新竹縣新豐鄉員山村新興路403號1樓,"食品等，計9,038元",,,,,,,,,,,,,,,,,,,,,,,,,
7,**12342126,台灣中油股份有限公司油品行銷事業部台北營業處埔墘加油站萊爾富(店招：台灣中油),新北市板橋區中山路2段320號,油品，計5元,,,,,,,,,,,,,,,,,,,,,,,,,
8,**12342126,欣桃天然氣股份有限公司(店招：欣桃天然氣),桃園市桃園區法治路10號1樓,天然氣費，計532元,,,,,,,,,,,,,,,,,,,,,,,,,
9,**12342126,華膳空廚股份有限公司園區店(店招：華膳空廚),桃園市大園區航站南路1號,食品，計60元,,,,,,,,,,,,,,,,,,,,,,,,,
10,**12342126,統一超商股份有限公司台北縣第818分公司(店招：7-11),新北市五股區工商路16號,飲品，計135元,,,,,,,,,,,,,,,,,,,,,,,,,
11,**12342126,全家便利商店股份有限公司台中建民門市部(店招：全家Family),臺中市中區綠川里民族路9、11號,飲品，計20元,,,,,,,,,,,,,,,,,,,,,,,,,
12,**12342126,全家便利商店股份有限公司彰化縣第101分公司(店招：全家Family),彰化縣員林市仁愛里三民東街350號,用品，計79元,,,,,,,,,,,,,,,,,,,,,,,,,
13,**12342126,旺旺企業社(店招：俗俗賣生活廣場),嘉義縣新港鄉宮前村中山路72巷1-11號1樓,五金，計10元,,,,,,,,,,,,,,,,,,,,,,,,,
14,**12342126,水枔商行(店招：Kapamilya sari-sari store),高雄市楠梓區瑞屏里瑞屏路66巷19號21號1樓,用品，計85元,,,,,,,,,,,,,,,,,,,,,,,,,
15,**12342126,統一超商股份有限公司高雄市第503分公司(店招：7-11),高雄市左營區新上里立文路77號1樓,菸品、飲品，計169元,,,,,,,,,,,,,,,,,,,,,,,,,
107年05-06月期統一發票特別獎1000萬中獎清冊,,,,,,,,,,,,,,,,,,,,,,,,,,,,,
序號,發票號碼,開立發票營業人,營業地址,交易項目,,,,,,,,,,,,,,,,,,,,,,,,,
1,**20048019,鈜景食品企業股份有限公司東門分公司 (店招：鈜景國產肉品專賣店),臺北市中正區文祥里臨沂街70號1樓,食品，計570元,,,,,,,,,,,,,,,,,,,,,,,,,
2,**20048019,統一超商股份有限公司台北市第533分公司 (店招：7-11),臺北市萬華區西門里西寧南路80號,飲品及菸品，計385元,,,,,,,,,,,,,,,,,,,,,,,,,
3,**20048019,全家便利商店股份有限公司光新分公司 (店招：全家Family),臺北市大安區光信里光復南路418號1樓,飲品，計35元,,,,,,,,,,,,,,,,,,,,,,,,,
4,**20048019,新東陽股份有限公司國道客運京站門市部 (店招：新東陽),臺北市大同區建明里市民大道1段209號,食品，計218元,,,,,,,,,,,,,,,,,,,,,,,,,
5,**20048019,惠康百貨股份有限中坡陽分公司 (店招：頂好Wellcome),臺北市南港區忠孝東路5段970號地下,飲品及食品，計285元,,,,,,,,,,,,,,,,,,,,,,,,,
6,**20048019,京站實業股份有限公司 (店招：京站時尚廣場),臺北市大同區建明里承德路1段1號,"服飾，計1,290元",,,,,,,,,,,,,,,,,,,,,,,,,
7,**20048019,德燁國際有限公司 (網購商店:ｇraceｇift),新北市三重區正義北路66號4樓,用品，計735元,,,,,,,,,,,,,,,,,,,,,,,,,
8,**20048019,台灣中油股份有限公司油品行銷事業部桃園營業處復興加油站,桃園市復興區中正路267號,油品，計600元,,,,,,,,,,,,,,,,,,,,,,,,,
9,**20048019,全聯實業股份有限公司台中遊園分公司 (店招：全聯福利中心),臺中市大肚區自強里遊園路2段216號1樓,飲品及食品，計310元,,,,,,,,,,,,,,,,,,,,,,,,,
10,**20048019,大買家股份有限公司大里國光分公司 (店招：大買家),臺中市大里區大明里國光路2段710號,飲品、食品及用品，計755元,,,,,,,,,,,,,,,,,,,,,,,,,
11,**20048019,家福股份有限公司青海分公司 (店招：家樂福),臺中市西屯區上德里青海路2段207-18號,食品及飲品，計260元,,,,,,,,,,,,,,,,,,,,,,,,,
12,**20048019,右昌有限公司 （店招：50嵐),屏東縣萬丹鄉萬全村萬丹路1段252號,飲品6杯，計125元,,,,,,,,,,,,,,,,,,,,,,,,,
13,**20048019,全家便利商店股份有限公司內埔光明分公司 (店招：全家Family),屏東縣內埔鄉內埔村光明路613號、615號1樓,菸品2包，計250元,,,,,,,,,,,,,,,,,,,,,,,,,
14,**20048019,統一超商股份有限公司澎湖縣第101分公司 (店招：7-11),澎湖縣馬公市東文里文山路53號1樓,菸品4盒，計380元,,,,,,,,,,,,,,,,,,,,,,,,,
15,**20048019,潛錩規劃行銷有限公司 （店招：潛錩公司),高雄市左營區尾北里明潭路110巷1號,停車費，計25元,,,,,,,,,,,,,,,,,,,,,,,,,
107年07-08月期統一發票特別獎1000萬中獎清冊,,,,,,,,,,,,,,,,,,,,,,,,,,,,,
序號,發票號碼,開立發票營業人,營業地址,交易項目,,,,,,,,,,,,,,,,,,,,,,,,,
1,**73372972,萊爾富國際股份有限公司北市北崗分公司(店招：Hi-Life萊爾富),臺北市北投區桃源里中央北路3段44號,飲品1瓶，共20元,,,,,,,,,,,,,,,,,,,,,,,,,
2,**73372972,統一超商股份有限公司台北市第667公司(店招：7-11),臺北市文山區樟新里木新路3段327號,報紙，共10元,,,,,,,,,,,,,,,,,,,,,,,,,
3,**73372972,統一超商股份有限公司台北市第724分公司(店招：7-11),臺北市大安區學府里基隆路4段43號,食品，共43元,,,,,,,,,,,,,,,,,,,,,,,,,
4,**73372972,遠傳電信股份有限公司,臺北市大安區敦化南路1段207號28樓,電信費，共99元,,,,,,,,,,,,,,,,,,,,,,,,,
5,**73372972,統一超商股份有限公司台北縣第96分公司(店招：7-11),新北市板橋區大觀路3段212巷70、72號1樓,手續費，共15元,,,,,,,,,,,,,,,,,,,,,,,,,
6,**73372972,全聯實業股份有限公司土城海山分公司(店招：全聯福利中心),新北市土城區明德路2段58-2號,食品，共453元,,,,,,,,,,,,,,,,,,,,,,,,,
7,**73372972,日月亭股份有限公司廣停一營業所(店招：廣停一停車場),桃園市中壢區六和路與九和六街口,停車費，共30元,,,,,,,,,,,,,,,,,,,,,,,,,
8,**73372972,台灣電力股份有限公司台中區營業處,臺中市中區公園里自由路2段86號,電費，共629元,,,,,,,,,,,,,,,,,,,,,,,,,
9,**73372972,居爾特飲料店(店招：迷客夏),臺中市豐原區中山里信義街107號1樓,飲品2杯，共100元,,,,,,,,,,,,,,,,,,,,,,,,,
10,**73372972,全家便利商店股份有限公司大甲鐵山門市部(店招：全家Family),臺中市大甲區頂店里8鄰中山路1段1549號1樓,飲品1杯，共50元,,,,,,,,,,,,,,,,,,,,,,,,,
11,**73372972,𡘙師傅企業股份有限公司崑山分公司(店招：𡘙師傅),臺南市永康區崑山里大灣路862號,食品，共55元,,,,,,,,,,,,,,,,,,,,,,,,,
107年09-10月期統一發票特別獎1000萬中獎清冊,,,,,,,,,,,,,,,,,,,,,,,,,,,,,
序號,發票號碼,開立發票營業人,營業地址,交易項目,,,,,,,,,,,,,,,,,,,,,,,,,
1,**96363025,統一超商股份有限公司台北市第659分公司(店招：7-11),臺北市信義區吳興街346號、348號1樓,菸品2包，共180元,,,,,,,,,,,,,,,,,,,,,,,,,
2,**96363025,全家便利商店股份有限公司德陽分公司(店招：全家Family),臺北市內湖區文德路22巷25號,食品1個，共30元,,,,,,,,,,,,,,,,,,,,,,,,,
3,**96363025,曙客股份有限公司(電子商務FunNow),臺北市中山區復興北路164號11樓之1,兌換碼1組，共399元,,,,,,,,,,,,,,,,,,,,,,,,,
4,**96363025,統一超商股份有限公司桃園縣第358分公司(店招：7-11),桃園市平鎮區正義路82號,菸品1包，共95元,,,,,,,,,,,,,,,,,,,,,,,,,
5,**96363025,龍興書局(店招：來電書局文化生活廣場),新竹縣新豐鄉山崎村建興路1段116－2號,文具，共54元,,,,,,,,,,,,,,,,,,,,,,,,,
6,**96363025,統一超商股份有限公司新竹縣第62分公司(店招：7-11),新竹縣竹北市自強南路136號1樓,飲品，共45元,,,,,,,,,,,,,,,,,,,,,,,,,
7,**96363025,長庚醫療財團法人林口長庚紀念醫院(店招：林口長庚醫院),桃園市龜山區復興街5號,停車費，共75元,,,,,,,,,,,,,,,,,,,,,,,,,
8,**96363025,台灣自來水股份有限公司第一區管理處淡水營運所,新北市淡水區淡金路1段497號,水費，共596元,,,,,,,,,,,,,,,,,,,,,,,,,
9,**96363025,全聯實業股份有限公司彰化自強南分公司(店招：全聯福利中心),彰化縣彰化市西興里自強南路589號1樓,食品，共48元,,,,,,,,,,,,,,,,,,,,,,,,,
10,**96363025,全家便利商店股份有限公司台中惠中分公司(店招：全家Family),臺中市南屯區三厝里惠中路3段46號、48號、50號,菸品1包，共150元,,,,,,,,,,,,,,,,,,,,,,,,,
11,**96363025,東亞泰業股份有限公司(店招：台灣中油),彰化縣芳苑鄉和平村芳漢路王功段251號,九五無鉛汽油，共85元,,,,,,,,,,,,,,,,,,,,,,,,,
12,**96363025,杏一醫療用品股份有限公司彰基販售部(店招：萊爾富Hi-Life),彰化縣彰化市光南里15鄰南校街135號,食品及飲品，共55元,,,,,,,,,,,,,,,,,,,,,,,,,
13,**96363025,新光三越百貨股份有限公司台南西門分公司(店招：新光三越),臺南市中西區小西門里西門路1段658號,"服飾，共計78,200元",,,,,,,,,,,,,,,,,,,,,,,,,
14,**96363025,興農股份有限公司萬巒營業所(店招：與農供應中心),屏東縣萬巒鄉萬和村19鄰中正路14-2號,農藥1瓶，共500元,,,,,,,,,,,,,,,,,,,,,,,,,
15,**96363025,駱駝商行(店招：85度C),高雄市鳳山區忠義里中山西路306號1樓,飲品，共35元,,,,,,,,,,,,,,,,,,,,,,,,,
16,**96363025,美華泰股份有限公司楠梓分公司(店招：美華泰流行生活館),高雄市楠梓區中陽里建楠路67號,用品一批，共595元,,,,,,,,,,,,,,,,,,,,,,,,,
17,**96363025,統一超商股份有限公司高雄市第199分公司(店招：7-11),高雄市楠梓區享平里興楠路326號1樓,食品及報紙，共83元,,,,,,,,,,,,,,,,,,,,,,,,,
107年11-12月期統一發票特別獎1000萬中獎清冊,,,,,,,,,,,,,,,,,,,,,,,,,,,,,
序號,發票號碼,開立發票營業人,營業地址,交易項目,,,,,,,,,,,,,,,,,,,,,,,,,
1,**88515559,全家便利商店股份有限公司明德分公司 (店招：全家Family),臺北市北投區石牌里明德路93號1樓,飲品*2及食品*1，計60元,,,,,,,,,,,,,,,,,,,,,,,,,
2,**88515559,新光三越百貨股份有限公司台北信義分公司二館 (店招：新光三越百貨),臺北市信義區西松里松高路12號,停車費，計90元,,,,,,,,,,,,,,,,,,,,,,,,,
3,**88515559,誠品生活股份有限公司捷運南港線台北站第二分公司 (店招：YAMAZAKI),臺北市中正區忠孝西路1段49號（南港線臺北車站6號販賣店）,食品*1，計60元,,,,,,,,,,,,,,,,,,,,,,,,,
4,**88515559,創業家兄弟股份有限公司 (網路商店：生活市集),臺北市南港區三重里三重路19-3號5樓,"3C用品*1，計3,901元",,,,,,,,,,,,,,,,,,,,,,,,,
5,**88515559,全聯實業股份有限公司三重集美分公司 (店招：全聯福利中心),新北市三重區集美街61-1號,飲品*11及食品*2，計330元,,,,,,,,,,,,,,,,,,,,,,,,,
6,**88515559,統一超商股份有限公司台北縣第112分公司 (店招：7-11),新北市中和區中正路872號,食品*1，計35元,,,,,,,,,,,,,,,,,,,,,,,,,
7,**88515559,三商家購股份有限公司汐止水源分公司 (店招：美廉社),新北市汐止區水源路1段293號1樓,菸品*1，計95元,,,,,,,,,,,,,,,,,,,,,,,,,
8,**88515559,傳感國際有限公司 (網路商店：SENSFIVE感物),新北市汐止區新台五路一段79號11樓之12,用品*1，計980元,,,,,,,,,,,,,,,,,,,,,,,,,
9,**88515559,統一超商股份有限公司新竹市140分公司 (店招：7-11),新竹市東區千甲路235號1樓,乳品*1，計27元,,,,,,,,,,,,,,,,,,,,,,,,,
10,**88515559,太平洋崇光百貨股份有限公司新竹巨城分公司 (店招：遠東SOGO BIG City),新竹市東區中央路239號、241號B1－2F、243號及243-1號,化粧品*1，計375元,,,,,,,,,,,,,,,,,,,,,,,,,
11,**88515559,有限責任行政院各部會中興地區機關暨台灣省政府聯合員工消費合作社 (店招：中興員工消費合作社）,南投縣南投市光華里光華十路2號,食品*8，計725元,,,,,,,,,,,,,,,,,,,,,,,,,
12,**88515559,展昕貿易股份有限公司嘉義中山店 (店招：達芙妮DAPHNE）,嘉義市西區國華里中山路334號,"女鞋*2，計1,370元",,,,,,,,,,,,,,,,,,,,,,,,,
13,**88515559,中華電信股份有限公司台灣南區電信分公司高雄營運處 (店招:中華電信),高雄市左營區新上里至聖路200號,電信費，計199元,,,,,,,,,,,,,,,,,,,,,,,,,
14,**88515559,統一超商股份有限公司高雄市第352分公司 (店招:7-11),高雄市岡山區臺上里嘉新東路136號1樓,菸品*1，計95元,,,,,,,,,,,,,,,,,,,,,,,,,
108年01-02月期統一發票特別獎1000萬中獎清冊,,,,,,,,,,,,,,,,,,,,,,,,,,,,,
序號,發票號碼,開立發票營業人,營業地址,交易項目,,,,,,,,,,,,,,,,,,,,,,,,,
1,**00106725,全聯實業股份有限公司六合分公司(店招：全聯),臺北市信義區六合里松仁路240巷19號1樓及2樓,飲品*2、食品*1，共108元。,,,,,,,,,,,,,,,,,,,,,,,,,
2,**00106725,統一超商股份有限公司台北市第789分公司(店招：7-11),臺北市士林區天母里中山北路7段141巷6-1號1樓,飲品*2、點數卡*1、菸品*1，共470元,,,,,,,,,,,,,,,,,,,,,,,,,
3,**00106725,來來超商股份有限公司第6分公司(店招：OK便利商店),臺北市中正區網溪里廈門街113巷17號1樓,食品*1，飲品*1，菸品*1，共175元。,,,,,,,,,,,,,,,,,,,,,,,,,
4,**00106725,交通部臺灣鐵路管理局餐旅服務總所臺北鐵路餐廳(店招：臺鐵便當),臺北市中正區北平西路3號,食品*3，共241元。,,,,,,,,,,,,,,,,,,,,,,,,,
5,**00106725,大台北區瓦斯股份有限公司(店招：大台北區瓦斯),臺北市松山區吉祥里光復北路11巷35號1.4.5.13樓,瓦斯費，共455元,,,,,,,,,,,,,,,,,,,,,,,,,
6,**00106725,新加坡商宜睿智慧 股份有限公司台灣分公司(店招：Ticket Xpress),臺北市信義區三張里信義路5段106號2樓,飲品券*1，共55元。,,,,,,,,,,,,,,,,,,,,,,,,,
7,**00106725,三商家購股份有限公司三重仁愛二分公司(店招：美廉社),新北市三重區仁愛街52號,乳品*1，共112元,,,,,,,,,,,,,,,,,,,,,,,,,
8,**00106725,全家便利商店股份有限公司汐止祥雲分公司(店招：Family Mart),新北市汐止區祥雲街1號,菸品*1，共85元,,,,,,,,,,,,,,,,,,,,,,,,,
9,**00106725,特力屋股份有限公司特力家居南崁分公司(店招：特力家居),桃園市蘆竹區中正路1號,餐飲，共135元,,,,,,,,,,,,,,,,,,,,,,,,,
10,**00106725,合其飲料店(店招：喫茶小舖),臺中市霧峰區甲寅里中正路1160號1樓,飲品*5，共170元,,,,,,,,,,,,,,,,,,,,,,,,,
11,**00106725,遠百企業股份有限公司台中復興分公司(店招：愛買),臺中市南區樹義里復興路1段359號1樓及地下2樓,"服飾*1，共2,496元",,,,,,,,,,,,,,,,,,,,,,,,,
12,**00106725,新發加油站有限公司(店招：台灣中油),苗栗縣苑裡鎮西勢里６鄰西勢46-1號,油品，共80元,,,,,,,,,,,,,,,,,,,,,,,,,
13,**00106725,萊爾富國際股份有限公司第3121分公司(店招：萊爾富Hi-Life),彰化縣彰化市光南里15鄰南校街135號5樓,乳品*1，共30元,,,,,,,,,,,,,,,,,,,,,,,,,
14,**00106725,台灣中油股份有限公司油品行銷事業部台南營業處善化加油站(店招：台灣中油),臺南市善化區東關里中山路368號,油品，共136元,,,,,,,,,,,,,,,,,,,,,,,,,
15,**00106725,統一超商股份有限公司嘉義縣第38分公司(店招：7-11),嘉義縣水上鄉民生村18鄰忠孝街149、151號1樓,報紙*1，共15元,,,,,,,,,,,,,,,,,,,,,,,,,
16,**00106725,統一超商股份有限公司台東縣第164分公司(店招：7-11),臺東縣關山鎮里壠里6鄰和平路4號,手續費，共60元,,,,,,,,,,,,,,,,,,,,,,,,,
17,**00106725,全家便利商店股份有限公司台南市第103門市部(店招：Family Mart),臺南市仁德區二行里中正西路19-1號，21號,飲品*1，共55元,,,,,,,,,,,,,,,,,,,,,,,,,
18,**00106725,豐怡生化科技股份有限公司(電視臺購物),高雄市新興區德生里復興街1號,"食品、民生用品，共計1,980元",,,,,,,,,,,,,,,,,,,,,,,,,
19,**00106725,台印貿易有限公司(網路拍賣業者),高雄市三民區民享里熱河二街6巷16號,服飾，計290元,,,,,,,,,,,,,,,,,,,,,,,,,
20,**00106725,大統百貨企業股份有限公司和平分公司(店招:大統百貨和平店),高雄市苓雅區安祥里和平一路218號,食品，計179元,,,,,,,,,,,,,,,,,,,,,,,,,
108年03-04月期統一發票特別獎1000萬中獎清冊,,,,,,,,,,,,,,,,,,,,,,,,,,,,,
序號,發票號碼,開立發票營業人,營業地址,交易項目,,,,,,,,,,,,,,,,,,,,,,,,,
1,**03802602,統一超商股份有限公司 台北市第十一門市(店招：7-11),臺北市松山區美仁里南京東路4段2號,飲品*1、食品*1，共58元,,,,,,,,,,,,,,,,,,,,,,,,,
2,**03802602,全家便利商店股份有限公司復林分公司(店招：全家便利商店),"臺北市中山區正義里林森北路149號之1,149之2號1樓",飲品*1，35元,,,,,,,,,,,,,,,,,,,,,,,,,
3,**03802602,萊爾富國際股份有限公司 第二二八四營業處(店招：萊爾富便利商店),臺北市中正區黎明里常德街1號1樓(台大醫院內5E部分),食品*1，共39元,,,,,,,,,,,,,,,,,,,,,,,,,
4,**03802602,福港餐飲商行(店招：Q burger),臺北市士林區福中里大南路315號1樓,食品*2、飲品*2，共195元,,,,,,,,,,,,,,,,,,,,,,,,,
5,**03802602,微風廣場實業股份有限公司三總分公司(店招：微風),臺北市內湖區寶湖里成功路2段325號,食品*1，共95元,,,,,,,,,,,,,,,,,,,,,,,,,
6,**03802602,Google Asia Pacific Pte Ltd(店招：Google Play),臺北市信義區 (境外電商),應用程式，共30元,,,,,,,,,,,,,,,,,,,,,,,,,
7,**03802602,全聯實業股份有限公司三重天台分公司(店招：全聯福利中心),新北市三重區重新路2段78號地下1層之21,報紙*1，共8元,,,,,,,,,,,,,,,,,,,,,,,,,
8,**03802602,萊爾富國際股份有限公司興南分公司(店招：萊爾富便利商店),新北市中和區信義街50號,報紙*1，共10元,,,,,,,,,,,,,,,,,,,,,,,,,
9,**03802602,統一超商股份有限公司台北縣第331分公司(店招：7-11),新北市淡水區中正路57號,菸品*1，共95元,,,,,,,,,,,,,,,,,,,,,,,,,
10,**03802602,全家便利商店股份有限公司淡水福春分公司(店招：Family Mart),新北市淡水區新春街2號,運費，共60元,,,,,,,,,,,,,,,,,,,,,,,,,
11,**03802602,統一超商股份有限公司台北縣第176分公司(店招：7-11),新北市新莊區新泰路472號1樓,飲品*3、手續費*2，共88元,,,,,,,,,,,,,,,,,,,,,,,,,
12,**03802602,遠百企業股份有限公司基隆分公司 (店招：愛買基隆店),基隆市信義區深溪路53號地下1層,"酒品*4、食品*1、用品*4，共1,043元",,,,,,,,,,,,,,,,,,,,,,,,,
13,**03802602,台灣楓康超市股份有限公司大慶分公司(中部地區連鎖超市)(店招：台灣楓康超市),臺中市南區樹義里復興路1段170號,飲品*2、食品*2，共40元,,,,,,,,,,,,,,,,,,,,,,,,,
14,**03802602,喜洋洋加油站股份有限公司(店招：台灣中油),臺中市太平區中興里東平路828號,汽油，共100元,,,,,,,,,,,,,,,,,,,,,,,,,
15,**03802602,來來超商股份有限公司台鐵善化門市(店招：OK mart),臺南市善化區光文里中山路1號,用品*1、食品*1，共80元,,,,,,,,,,,,,,,,,,,,,,,,,
16,**03802602,志光教育科技股份有限公司嘉志營業所(店招：志光公職),嘉義市西區書院里中山路537號,測驗費用，共250元,,,,,,,,,,,,,,,,,,,,,,,,,
17,**03802602,統一超商股份有限公司高雄市第496分公司(店招:7-11),高雄市三民區建東里自立一路68.70號1樓,食品*1，共35元,,,,,,,,,,,,,,,,,,,,,,,,,
18,**03802602,松詠有限公司松詠加油站(店招:新厝加油站),高雄市左營區屏山里左營大路920號,汽油，共200元,,,,,,,,,,,,,,,,,,,,,,,,,
108年05-06月期統一發票特別獎1000萬中獎清冊,,,,,,,,,,,,,,,,,,,,,,,,,,,,,
序號,發票號碼,開立發票營業人,營業地址,交易項目,,,,,,,,,,,,,,,,,,,,,,,,,
1,**46356460,台灣中油股份有限公司油品行銷事業部台北營業處基隆路加油站(店招：中油加油站),臺北市大安區基隆路2段162號,汽油，共95元,,,,,,,,,,,,,,,,,,,,,,,,,
2,**46356460,大潤發流通事業股份有限公司平鎮分公司(店招：大潤發),桃園市平鎮區南東路57號1.3樓,"用品*1、食品*4、飲品*1，共2,503元",,,,,,,,,,,,,,,,,,,,,,,,,
3,**46356460,南桃園有線電視股份有限公司(店招：TBC南桃園),桃園市平鎮區環南路2段27號16樓之2,訊號費，共510元,,,,,,,,,,,,,,,,,,,,,,,,,
4,**46356460,台亞石油股份有限公司新店中興路加油站(店招：台塑石油),新北市新店區中興路3段131號,汽油，共131元,,,,,,,,,,,,,,,,,,,,,,,,,
5,**46356460,和德昌股份有限公司基隆愛三路分公司(店招：麥當勞),基隆市仁愛區愛三路116號1至4樓及地下層,餐飲，共131元,,,,,,,,,,,,,,,,,,,,,,,,,
6,**46356460,統一超商股份有限公司新北市第412分公司(店招：7-11),新北市板橋區南雅西路2段102、104號1樓,菸品*1，共85元,,,,,,,,,,,,,,,,,,,,,,,,,
7,**46356460,全家便利商店股份有限公司板橋興僑分公司(店招：Family Mart),新北市板橋區僑中一街90號1樓、92號1樓,飲品*2，共45元,,,,,,,,,,,,,,,,,,,,,,,,,
8,**46356460,如鴻食品有限公司(店招：85度C),新北市三重區三和路4段272號（1樓）,飲品*1，共50元,,,,,,,,,,,,,,,,,,,,,,,,,
9,**46356460,統一超商股份有限公司台北縣第490分公司(店招：7-11),新北市永和區民生路42號,飲品*2，共56元,,,,,,,,,,,,,,,,,,,,,,,,,
10,**46356460,普客二四停車場股份有限公司宜蘭轉運站停車場,宜蘭縣宜蘭市校舍路190號,停車費，共20元,,,,,,,,,,,,,,,,,,,,,,,,,
11,**46356460,統一超商股份有限公司新竹縣第128分公司(店招：7-11),新竹縣竹東鎮學前路29號1樓,食品*1、飲品*1，共50元,,,,,,,,,,,,,,,,,,,,,,,,,
12,**46356460,多喜田食品有限公司崇德二店(店招：多喜田),臺中市北屯區平福里崇德路2段286號1樓,食品*1，共60元,,,,,,,,,,,,,,,,,,,,,,,,,
13,**46356460,全聯實業股份有限公司彰化福興分公司 (店招：全聯福利中心),彰化縣福興鄉福興村沿海路5段363、365號,食品*5、飲品*5，共397元,,,,,,,,,,,,,,,,,,,,,,,,,
14,**46356460,雋永邨股份有限公司(店招：雋永邨),臺中市西屯區西墩里環中路2段1268-1號,餐飲，共130元,,,,,,,,,,,,,,,,,,,,,,,,,
15,**46356460,丹園餐飲店(店招:八方雲集),嘉義市西區福民里南京路470號,餐飲，共115元,,,,,,,,,,,,,,,,,,,,,,,,,
16,**46356460,日點鑫有限公司高雄永安店(店招:茶の魔手),高雄市永安區保寧里保安路126-1號,飲品*1，共25元,,,,,,,,,,,,,,,,,,,,,,,,,
108年07-08月期統一發票特別獎1000萬中獎清冊,,,,,,,,,,,,,,,,,,,,,,,,,,,,,
序號,發票號碼,開立發票營業人,營業地址,交易項目,,,,,,,,,,,,,,,,,,,,,,,,,
1,**45698621,晨良茶行（店招：茶湯會）,臺北市士林區中正路235巷36號,飲品*1，共30元,,,,,,,,,,,,,,,,,,,,,,,,,
2,**45698621,喜福緣食品股份有限公司（店招：喜福緣素餅專賣店）,臺北市中山區民權東路2段115號1樓,食品*2，共120元,,,,,,,,,,,,,,,,,,,,,,,,,
3,**45698621,統一超商股份有限公司台北市第四七四分公司（店招：7-11）,臺北市松山區民生東路4段130號1樓,報紙*1，共10元,,,,,,,,,,,,,,,,,,,,,,,,,
4,**45698621,Google Asia Pacific Pte Ltd（店招：Google）,臺北市信義區,應用程式*1，共30元,,,,,,,,,,,,,,,,,,,,,,,,,
5,**45698621,遠東百貨股份有限公司板橋分公司(店招：FE21’),新北市板橋區中山路1段152號1至13樓及地下1樓,用品*2，共580元,,,,,,,,,,,,,,,,,,,,,,,,,
6,**45698621,家和有線電視股份有限公司(店招:家和有線電視),新北市樹林區東順街82之3號7樓,收視費，共500元,,,,,,,,,,,,,,,,,,,,,,,,,
7,**45698621,金山地區農會供銷部(店招：新北市金山地區農會),新北市金山區中山路267號,農藥*1，共150元,,,,,,,,,,,,,,,,,,,,,,,,,
8,**45698621,樂點便利商店(店招：千點便利商店),臺中市大里區中新里現岱路160號1樓,酒品*1，共42元,,,,,,,,,,,,,,,,,,,,,,,,,
9,**45698621,全家便利商店股份有限公司大雅清泉分公司(店招：Family Mart),臺中市大雅區六寶里中清路4段921號1樓,飲品*2、酒品*1、菸品*1，共225元,,,,,,,,,,,,,,,,,,,,,,,,,
10,**45698621,全聯實業股份有限公司彰化延平分公司(店招：全聯福利中心),彰化縣彰化市延平里10鄰延平路475巷2號1樓、479號1樓,食品*2，共190元,,,,,,,,,,,,,,,,,,,,,,,,,
11,**45698621,茶之魔手有限公司永康中華店(店招:茶の魔手),臺南市永康區六合里中華二路375號1樓,飲品*1，共25元,,,,,,,,,,,,,,,,,,,,,,,,,
12,**45698621,統一精工股份有限公司 大發加油站(店招:Smile速邁樂加油中心),高雄市大寮區琉球里光明路3段1號,汽油，共103元,,,,,,,,,,,,,,,,,,,,,,,,,
13,**45698621,統一超商股份有限公司高雄市第169分公司(店招:7-11),高雄市三民區德智里十全一路183號1樓,飲品*2、菸品*1，共258元,,,,,,,,,,,,,,,,,,,,,,,,,
14,**45698621,和德昌股份有限公司高雄後勁分公司(店招:McDonald's),高雄市楠梓區錦屏里後昌路109號1.2樓,餐飲，共130元,,,,,,,,,,,,,,,,,,,,,,,,,
108年09-10月期統一發票特別獎1000萬中獎清冊,,,,,,,,,,,,,,,,,,,,,,,,,,,,,
序號,發票號碼,開立發票營業人,營業地址,交易項目,,,,,,,,,,,,,,,,,,,,,,,,,
1,**41482012,統一超商股份有限公司台北市第六０七分公司(店招：7-11),臺北市萬華區東園街２８巷５６號﹒５８號１樓,飲品*1、食品*1，共43元,,,,,,,,,,,,,,,,,,,,,,,,,
2,**41482012,全家便利商店股份有限公司福林分公司(店招：FamilyMart),臺北市士林區中正路２３３˙２３３－１號,食品*1，共27元,,,,,,,,,,,,,,,,,,,,,,,,,
3,**41482012,中華電信股份有限公司台灣北區電信分公司台北營運處(店招：中華電信),臺北市大安區金山南路２段５２號９樓,電信費，共619元,,,,,,,,,,,,,,,,,,,,,,,,,
4,**41482012,華興藥師藥局,新北市蘆洲區中山一路184號1樓,用品*1，共159元,,,,,,,,,,,,,,,,,,,,,,,,,
5,**41482012,和德昌股份有限公司新竹經國二分公司(店招：McDonald's),新竹市香山區經國路3段11號,食品*10，共216元,,,,,,,,,,,,,,,,,,,,,,,,,
6,**41482012,歐吉茶食實業有限公司 (店招:歐吉),臺中市北屯區平安里崇德路1段602號1樓,飲品*1，共100元,,,,,,,,,,,,,,,,,,,,,,,,,
7,**41482012,全聯實業股份有限公司台中忠明分公司 (店招:全聯),臺中市西區土庫里土庫里忠明南路445號1樓,食品*5、飲品*1，共769元,,,,,,,,,,,,,,,,,,,,,,,,,
108年11-12月期統一發票特別獎1000萬中獎清冊,,,,,,,,,,,,,,,,,,,,,,,,,,,,,
序號,發票號碼,開立發票營業人,營業地址,交易項目,,,,,,,,,,,,,,,,,,,,,,,,,
1,**59647042,信基泰式廚房(店招：信基泰式廚房),臺北市大安區信義路4段265巷24號,食品*3，共60元,,,,,,,,,,,,,,,,,,,,,,,,,
2,**59647042,遠傳電信股份有限公司(店招：遠傳電信),臺北市大安區敦化南路2段207號28樓,點數儲值費，300元,,,,,,,,,,,,,,,,,,,,,,,,,
3,**59647042,延吉加油站股份有限公司(店招：台塑石油),新北市土城區金城路三段202-8號,汽油，79元,,,,,,,,,,,,,,,,,,,,,,,,,
4,**59647042,全聯實業股份有限公司中和安邦分公司(店招：全聯福利中心),新北市中和區安邦街18號,食品*9，共575元,,,,,,,,,,,,,,,,,,,,,,,,,
5,**59647042,岳洋股份有限公司吉安營業處(店招：CITY PARKING),桃園市桃園區正光路與吉安街交叉口,停車費，20元,,,,,,,,,,,,,,,,,,,,,,,,,
6,**59647042,統一超商股份有限公司桃園縣第429分公司(店招：7-11),桃園市中壢區溪洲街267巷1號1樓,報紙*1，10元,,,,,,,,,,,,,,,,,,,,,,,,,
7,**59647042,統一超商股份有限公司桃園縣第173分公司(店招：7-11),桃園市中壢區民族路3段400.402.406號1樓,食品*1，35元,,,,,,,,,,,,,,,,,,,,,,,,,
8,**59647042,統一超商股份有限公司台中市第一八二分公司(店招：7-11),臺中市南屯區南屯里黎明東街22號1樓,食品*1、飲品*1，共119元,,,,,,,,,,,,,,,,,,,,,,,,,
9,**59647042,全家便利商店股份有限公司苗栗自治分公司(店招：全家 Family Mart),苗栗縣苗栗市北苗里19鄰自治路162號1樓,飲品*1，23元,,,,,,,,,,,,,,,,,,,,,,,,,
10,**59647042,辰淵企業股份有限公司鹿港營運所(無店招),彰化縣鹿港鎮埔崙里復興路506號旁,停車費，45元,,,,,,,,,,,,,,,,,,,,,,,,,
11,**59647042,久井企業股份有限公司久井關廟加油站(店招：久井),臺南市關廟區下湖里南雄路二段863號,汽油，70元,,,,,,,,,,,,,,,,,,,,,,,,,
12,**59647042,美華泰股份有限公司永康中華分公司(店招：美華泰),臺南市永康區安康里中華路617號,用品*4，共433元,,,,,,,,,,,,,,,,,,,,,,,,,
13,**59647042,安心食品服務股份有限公司高雄長庚醫院門市部(店招:摩斯漢堡),高雄市鳥松區鳥松里大埤路123號地下1樓,飲品*1，80元,,,,,,,,,,,,,,,,,,,,,,,,,
109年01-02月期統一發票特別獎1000萬中獎清冊,,,,,,,,,,,,,,,,,,,,,,,,,,,,,
序號,發票號碼,開立發票營業人,營業地址,交易項目,,,,,,,,,,,,,,,,,,,,,,,,,
1,**12620024,廣朋實業股份有限公司基隆路1段停車場(店招：VIVIPARK),臺北市信義區基隆路1段176巷1號,停車費，240元,,,,,,,,,,,,,,,,,,,,,,,,,
2,**12620024,Uber Portier B.V.(店招：Uber Eats),臺北市中正區,套餐*1、服務費，共225元,,,,,,,,,,,,,,,,,,,,,,,,,
3,**12620024,今華電子有限公司台北分公司(店招：今華電子),臺北市中正區新生南路1段12巷2號1樓,電子零件配件*1，20元,,,,,,,,,,,,,,,,,,,,,,,,,
4,**12620024,Google Asia Pacific Pte Ltd(店招：Google Play),臺北市信義區,"Google Play應用程式，1,690元",,,,,,,,,,,,,,,,,,,,,,,,,
5,**12620024,全聯實業股份有限公司桃園慈文分公司(店招：全聯福利中心),桃園市桃園區長德里慈文路317號1樓,食品*1、用品*2，共294元,,,,,,,,,,,,,,,,,,,,,,,,,
6,**12620024,悠旅生活事業股份有限公司基隆市第三分公司(店招：STARBUCKS COFFEE),基隆市安樂區鶯安里麥金路201號地下一層,飲品*1，100元,,,,,,,,,,,,,,,,,,,,,,,,,
7,**12620024,全家便利商店股份有限公司樹林潭興分公司(店招：FamilyMart),新北市樹林區潭興街２２號１樓,飲品*1，35元,,,,,,,,,,,,,,,,,,,,,,,,,
8,**12620024,英益誠科技有限公司(店招：英益誠科技有限公司),新北市三重區中興里重新路5段609巷20號4樓之9,遊戲點數，300元,,,,,,,,,,,,,,,,,,,,,,,,,
9,**12620024,爭鮮股份有限公司中和環球外分公司(店招：爭鮮),新北市中和區民有里中山路3段109號,食品*8，共71元,,,,,,,,,,,,,,,,,,,,,,,,,
10,**12620024,全家便利商店股份有限公司宜蘭縣第一一七分公司(店招：FamilyMart),宜蘭縣宜蘭市泰山里泰山路102號1樓,菸品*1，90元,,,,,,,,,,,,,,,,,,,,,,,,,
11,**12620024,統一超商股份有限公司新竹縣第一四三分公司(店招：7-11),新竹縣竹北市自強北路223號1樓,菸品*1，90元,,,,,,,,,,,,,,,,,,,,,,,,,
12,**12620024,麻吉小吃店(店招：一級棒贊火鍋),臺中市南區城隍里忠孝路161-3號1樓,食品*3，共371元,,,,,,,,,,,,,,,,,,,,,,,,,
13,**12620024,統一超商股份有限公司南投縣第三十四分公司(店招：7-11),南投縣南投市三和里復興路38號1樓,飲品*1，50元,,,,,,,,,,,,,,,,,,,,,,,,,
14,**12620024,統一超商股份有限公司彰化縣第一六二分公司(店招：7-11),彰化縣社頭鄉仁雅村10鄰中山路1段516號1樓,飲品*2，共35元,,,,,,,,,,,,,,,,,,,,,,,,,
15,**12620024,容富百貨商行(店招：大盤大),臺南市新營區新北里民治路196號,用品*1，12元,,,,,,,,,,,,,,,,,,,,,,,,,
16,**12620024,統一超商股份有限公司台南第一0六分公司(店招：7-11),臺南市永康區二王里中山南路566－1號,菸品*2，共190元,,,,,,,,,,,,,,,,,,,,,,,,,
17,**12620024,多亨烘焙坊(店招:多那之烘焙坊),高雄市楠梓區惠楠里建楠路206號1樓,食品*1，20元,,,,,,,,,,,,,,,,,,,,,,,,,
18,**12620024,來來超商股份有限公司恩智浦門市(店招:OK),高雄市楠梓區瑞屏里經五路10號B1,食品*1，25元,,,,,,,,,,,,,,,,,,,,,,,,,
109年03-04月期統一發票特別獎1000萬中獎清冊,,,,,,,,,,,,,,,,,,,,,,,,,,,,,
序號,發票號碼,開立發票營業人,營業地址,交易項目,,,,,,,,,,,,,,,,,,,,,,,,,
1,**91911374,統一超商股份有限公司台北市第125分公司（店招：7-11）,臺北市文山區羅斯福路6段20、22號1樓,食品*1，35元,,,,,,,,,,,,,,,,,,,,,,,,,
2,**91911374,微風廣場實業股份有限公司台大分公司（店招：微風台大醫院）,臺北市中正區中山南路7號地下1樓,食品*1，100元,,,,,,,,,,,,,,,,,,,,,,,,,
3,**91911374,香港商雅虎資訊股份有限公司台灣分公司(店招：Yahoo),臺北市南港區三重路66號14樓,用品*1，87元,,,,,,,,,,,,,,,,,,,,,,,,,
4,**91911374,全家便利商店股份有限公司樹林龍興分公司(店招：FamilyMart),新北市樹林區龍興街15號1樓,飲品*2，共55元,,,,,,,,,,,,,,,,,,,,,,,,,
5,**91911374,全家便利商店股份有限公司土城寬樺分公司(店招：FamilyMart),新北市土城區青雲路382、384號1樓,食品*1，39元,,,,,,,,,,,,,,,,,,,,,,,,,
6,**91911374,統一超商股份有限公司台北縣一一九分公司(店招：7-11),新北市泰山區楓樹里明志路1段28號,飲品*1，15元,,,,,,,,,,,,,,,,,,,,,,,,,
7,**91911374,統一超商股份有限公司新竹縣第一五六分公司(店招：7-11),新竹縣新豐鄉新興路1號1樓,飲品*1、食品*1，共81元,,,,,,,,,,,,,,,,,,,,,,,,,
8,**91911374,全聯實業股份有限公司彰化伸港分公司(店招：全聯福利中心),彰化縣伸港鄉新港村新港路311號1樓,用品*2、寵物食品*3，共23元,,,,,,,,,,,,,,,,,,,,,,,,,
9,**91911374,富利餐飲股份有限公司台南金華外送分公司(店招：Pizza Hut),臺南市南區田寮里新興路361號1樓,食品*1，359元,,,,,,,,,,,,,,,,,,,,,,,,,
10,**91911374,萬通人力資源顧問股份有限公司永康分公司(店招：NICE MARKET),臺南市安南區總頭里長溪路2段455號1樓,菸品*1，100元,,,,,,,,,,,,,,,,,,,,,,,,,
11,**91911374,滿溢股份有限公司(店招:中油),高雄市大樹區竹寮里竹寮路114-20號,汽油，共90元,,,,,,,,,,,,,,,,,,,,,,,,,
序號,發票號碼,開立發票營業人,營業地址,交易項目,,,,,,,,,,,,,,,,,,,,,,,,,
1,**03016191,味美小吃店(店招：八方雲集),臺北市北投區北投路2段5號,鍋貼*10、湯品*1，共88元,,,,,,,,,,,,,,,,,,,,,,,,,
2,**03016191,來來超商股份有限公司第三二六分公司(店招：OK便利商店),臺北市北投區石牌路1段39巷124號1樓,飲品*1、食品*2，共65元,,,,,,,,,,,,,,,,,,,,,,,,,
3,**03016191,Google Asia Pacific Pte Ltd(店招：Google Play),臺北市信義區,應用程式*1，300元,,,,,,,,,,,,,,,,,,,,,,,,,
4,**03016191,遠傳電信股份有限公司(店招：遠傳電信),臺北市大安區敦化南路2段207號28樓,"電信服務，共2,017元",,,,,,,,,,,,,,,,,,,,,,,,,
5,**03016191,東辰瓦斯器具有限公司(店招：國勝瓦斯器具),新北市永和區得和路19號1樓,"用品*3，共21,800元",,,,,,,,,,,,,,,,,,,,,,,,,
6,**03016191,全聯實業股份有限公司新店建國分公司(店招：全聯福利中心),新北市新店區大豐里建國路210號1樓,食品*6，共394元,,,,,,,,,,,,,,,,,,,,,,,,,
7,**03016191,睿亞茶飲(店招：COCO都可茶飲 ),新竹縣湖口鄉中正路一段2號1樓,飲品*2，共90元,,,,,,,,,,,,,,,,,,,,,,,,,
8,**03016191,統一超商股份有限公司桃園市第七八六分公司(店招：7-11),桃園市楊梅區中山里中山北路１段360、362號1樓,飲品*1、食品*1，共60元,,,,,,,,,,,,,,,,,,,,,,,,,
9,**03016191,全家便利商店股份有限公司板橋光復分公司(店招：FamilyMart),新北市板橋區埔墘里中山路2段503號1樓,飲品*1，20元,,,,,,,,,,,,,,,,,,,,,,,,,
10,**03016191,統一精工股份有限公司和美二站加油站(店招：Smile速邁樂加油中心 和美二站),彰化縣和美鎮竹園里6鄰彰新路四段31號,洗車費，190元,,,,,,,,,,,,,,,,,,,,,,,,,
11,**03016191,廣源茶坊(店招：KEBUKE可不可熟成紅茶),南投縣竹山鎮竹山里4鄰集山路三段924號1樓,飲品*5、用品*1，共151元,,,,,,,,,,,,,,,,,,,,,,,,,
12,**03016191,振來發囍餅蛋糕店(店招：振來發糕餅舖),臺南市中西區藥王里民族路3段209號1樓,食品，共441元,,,,,,,,,,,,,,,,,,,,,,,,,
13,**03016191,統一超商股份有限公司嘉義市第四十九分公司(店招：7-11),嘉義市東區鹿寮里學府路300號1樓（活動中心）,飲品*2，共70元,,,,,,,,,,,,,,,,,,,,,,,,,
14,**03016191,統一超商股份有限公司屏東縣第一分公司(店招：7-11),屏東縣屏東市前進里清進巷150號1樓,報紙*1，10元,,,,,,,,,,,,,,,,,,,,,,,,,
15,**03016191,全家便利商店股份有限公司鹽埔豐年門市部(店招：全家),屏東縣鹽埔鄉鹽中村13鄰光復路89號及豐年路35-7號1樓,菸品*2，共200元,,,,,,,,,,,,,,,,,,,,,,,,,
16,**03016191,寶貝生活館有限公司(店招:小北百貨),高雄市楠梓區隆昌里後昌路837巷69號,用品*2，共158元,,,,,,,,,,,,,,,,,,,,,,,,,
109年07-08月期統一發票特別獎1000萬中獎清冊,,,,,,,,,,,,,,,,,,,,,,,,,,,,,
序號,發票號碼,開立發票營業人,營業地址,交易項目,,,,,,,,,,,,,,,,,,,,,,,,,
1,**13362795,Google Asia Pacific Pte Ltd(店招：Google Play),臺北市信義區,應用程式*1，190元,,,,,,,,,,,,,,,,,,,,,,,,,
2,**13362795,來來超商股份有限公司第二七八分公司(店招：OK便利商店),臺北市北投區立農街1段277號1樓,菸品*1，90元,,,,,,,,,,,,,,,,,,,,,,,,,
3,**13362795,Uber Portier B.V.(店招：UBER EATS),臺北市中正區,套餐*1、服務費，共115元,,,,,,,,,,,,,,,,,,,,,,,,,
4,**13362795,聯發國際餐飲事業股份有限公司歇腳亭忠孝店(店招：歇腳亭),臺北市大安區敦化南路一段187巷32號,飲品*2，共110元,,,,,,,,,,,,,,,,,,,,,,,,,
5,**13362795,聚滿盛股份有限公司(店招：格萊天漾大飯店),臺北市萬華區艋舺大道101號13樓至16樓,食品*1、飲品*1，共65元,,,,,,,,,,,,,,,,,,,,,,,,,
6,**13362795,Uber Portier B.V.(店招：UBER EATS),臺北市中正區,套餐*1，服務費，共605元,,,,,,,,,,,,,,,,,,,,,,,,,
7,**13362795,新竹林區管理處東眼山國家森林遊樂區(店招：東眼山國家森林遊樂區),桃園市復興區霞雲里5鄰佳志30號,停車費，100元,,,,,,,,,,,,,,,,,,,,,,,,,
8,**13362795,福祥素食麵包店(店招：福祥素食麵包店),新北市中和區圓通路273號1樓,食品*6、用品*1，共211元,,,,,,,,,,,,,,,,,,,,,,,,,
9,**13362795,統一超商股份有限公司新北市第一一八三分公司(店招：7-11),新北市土城區頂埔里中央路4段50-3、50-5號1樓,食品*1，35元,,,,,,,,,,,,,,,,,,,,,,,,,
10,**13362795,全家便利商店股份有限公司新北市第七六二分公司(店招：全家),新北市林口區仁愛路2段156、158號1樓,食品*2、飲品*1，共110元,,,,,,,,,,,,,,,,,,,,,,,,,
11,**13362795,爭鮮股份有限公司定食中壢分公司(店招：定食8),桃園市中壢區興南里九和一街12號,食品*2、飲品*1，共220元,,,,,,,,,,,,,,,,,,,,,,,,,
12,**13362795,茶源廣進冷飲店(店招：清心福全),基隆市安樂區鶯歌里麥金路202號,飲品*4、用品*1，共196元,,,,,,,,,,,,,,,,,,,,,,,,,
13,**13362795,中華電信股份有限公司臺灣北區電信分公司新竹營運處(店招：中華電信),新竹市中正路105號,電信費，976元,,,,,,,,,,,,,,,,,,,,,,,,,
14,**13362795,悠旅生活事業股份有限公司新北市第四十九分公司(店招：STARBUCKS COFFEE),新北市泰山區明志路2段123號、125號1、2樓,飲品*1，165元,,,,,,,,,,,,,,,,,,,,,,,,,
15,**13362795,全聯實業股份有限公司沙鹿中山分公司(店招：全聯),臺中市沙鹿區鹿寮里中山路434號1樓,食品*1、飲品*26，共771元,,,,,,,,,,,,,,,,,,,,,,,,,
16,**13362795,比雅久動力車業有限公司中部營業所(店招：PGO摩特動力機車),臺中市大里區永隆里國光路二段437、439號,"機車*1，81,000元",,,,,,,,,,,,,,,,,,,,,,,,,
17,**13362795,百興隆實業有限公司(店招：百興隆),臺南市安南區頂安里北安路3段180號1樓,"食品*9，共2,830元",,,,,,,,,,,,,,,,,,,,,,,,,
18,**13362795,全家便利商店股份有限公司六甲新民分公司(店招：全家),臺南市六甲區六甲里中正路394號1樓,菸品*1，90元,,,,,,,,,,,,,,,,,,,,,,,,,
19,**13362795,大佳加油站股份有限公司(店招：中油),臺南市歸仁區後市里民族北街2號,汽油，共500元,,,,,,,,,,,,,,,,,,,,,,,,,
20,**13362795,小木土食品有限公司(店招：小杜包子),屏東縣恆春鎮山腳里033鄰恆公路20號,食品*8、用品*1，共292元,,,,,,,,,,,,,,,,,,,,,,,,,
21,**13362795,統一超商股份有限公司高雄市第三四六分公司(店招:7-11),高雄市岡山區仁壽里公園西路3段133號,菸品*1，125元,,,,,,,,,,,,,,,,,,,,,,,,,
22,**13362795,文仁成圖書文具有限公司(店招:文仁文具王),高雄市小港區正苓里漢民路292號地下室,用品*16，共216元,,,,,,,,,,,,,,,,,,,,,,,,,