選舉類型,選舉區,name,推薦之政黨,date of birth,號次
111年縣市長選舉,臺南市,黃偉哲,民主進步黨,1963,5
111年縣市長選舉,臺南市,吳炳輝,無,1967,4
111年縣市議員選舉,桃園市第12選舉區,吳宗憲,民主進步黨,1959,3
111年縣市議員選舉,桃園市第13選舉區,林志強,民主進步黨,1974,1
111年縣市議員選舉,桃園市第13選舉區,楊進福,無,1957,2
111年縣市議員選舉,桃園市第14選舉區,邱志成,民主進步黨,1973,4
111年縣市議員選舉,桃園市第1選舉區,黃瓊慧,民主進步黨,未知,26
111年縣市議員選舉,桃園市第2選舉區,林明義,中國國民黨,1968,8
111年縣市議員選舉,桃園市第4選舉區,郭麗華,民主進步黨,1965,2
111年縣市議員選舉,桃園市第5選舉區,林清松,無,1955,1
111年縣市議員選舉,桃園市第9選舉區,周玉琴,中國國民黨,1958,2
111年縣市議員選舉,高雄市第11選舉區,李雨庭,民主進步黨,1973,2
111年縣市議員選舉,高雄市第14選舉區,賴文德,無,1965,2
111年縣市議員選舉,高雄市第4選舉區,李柏毅,民主進步黨,1977,2
111年縣市議員選舉,高雄市第7選舉區,陳建良,無,未知,2
111年縣市議員選舉,高雄市第7選舉區,黃柏霖,中國國民黨,1967,12
111年縣市議員選舉,高雄市第7選舉區,曾俊傑,中國國民黨,1976,7
111年縣市議員選舉,高雄市第9選舉區,林智鴻,民主進步黨,1984,12
111年縣市議員選舉,新北市第13選舉區,林家豪,台灣民眾黨,未知,3
111年縣市議員選舉,新北市第2選舉區,蔡淑君,中國國民黨,1970,3
111年縣市議員選舉,新北市第2選舉區,陳明義,中國國民黨,1967,5
111年縣市議員選舉,新北市第4選舉區,黃桂蘭,中國國民黨,1957,6
111年縣市議員選舉,新北市第4選舉區,李翁月娥,無,1958,10
111年縣市議員選舉,新北市第4選舉區,李余典,民主進步黨,1958,4
111年縣市議員選舉,新北市第5選舉區,王淑慧,無,1955,5
111年縣市議員選舉,新北市第6選舉區,張嘉玲,民主進步黨,未知,9
111年縣市議員選舉,新北市第6選舉區,張志豪,民主進步黨,1981,10
111年縣市議員選舉,新北市第6選舉區,蔡明璋,新黨,1965,1
111年縣市議員選舉,新北市第7選舉區,陳鴻源,中國國民黨,1967,1
111年縣市議員選舉,新北市第8選舉區,黃永昌,中國國民黨,1962,3
111年縣市議員選舉,新北市第8選舉區,陳世榮,無,1957,13
111年縣市議員選舉,新北市第9選舉區,陳永福,民主進步黨,1958,4
111年縣市議員選舉,臺中市第11選舉區,李中,中國國民黨,1959,7
111年縣市議員選舉,臺中市第13選舉區,李天生,民主進步黨,1961,14
111年縣市議員選舉,臺中市第14選舉區,吳振嘉,中國國民黨,1970,1
111年縣市議員選舉,臺中市第15選舉區,吳建德,無,未知,5
111年縣市議員選舉,臺中市第15選舉區,洪志明,台灣民眾黨,未知,3
111年縣市議員選舉,臺中市第15選舉區,林清發,無,未知,2
111年縣市議員選舉,臺中市第16選舉區,林榮進,中國國民黨,1947,3
111年縣市議員選舉,臺中市第2選舉區,陳廷秀,無,1961,1
111年縣市議員選舉,臺中市第4選舉區,陳清龍,無,1965,10
111年縣市議員選舉,臺中市第4選舉區,謝志忠,民主進步黨,1969,6
111年縣市議員選舉,臺中市第5選舉區,蕭隆澤,民主進步黨,1960,2
111年縣市議員選舉,臺中市第6選舉區,陳淑華,民主進步黨,1970,4
111年縣市議員選舉,臺中市第6選舉區,黃馨慧,中國國民黨,1956,2
111年縣市議員選舉,臺中市第8選舉區,李文基,無,未知,4
111年縣市議員選舉,臺北市第1選舉區,陳慈慧,民主進步黨,1983,9
111年縣市議員選舉,臺北市第1選舉區,林世宗,民主進步黨,1959,6
111年縣市議員選舉,臺北市第2選舉區,陳志明,時代力量,1976,1
111年縣市議員選舉,臺北市第2選舉區,李明賢,中國國民黨,1973,4
111年縣市議員選舉,臺北市第3選舉區,許淑華,民主進步黨,1973,13
111年縣市議員選舉,臺北市第4選舉區,陳怡君,民主進步黨,1979,1
111年縣市議員選舉,臺北市第5選舉區,鍾小平,中國國民黨,1962,3
111年縣市議員選舉,臺北市第6選舉區,李柏毅,中國國民黨,1981,10
111年縣市議員選舉,臺北市第6選舉區,張志豪,台灣民眾黨,1972,14
111年縣市議員選舉,臺南市第10選舉區,李宗霖,台灣基進,1987,1
111年縣市議員選舉,臺南市第1選舉區,張世賢,中國國民黨,1953,7
111年縣市議員選舉,臺南市第3選舉區,陳沛然,無,1955,2
111年縣市議員選舉,臺南市第3選舉區,尤榮智,中國國民黨,1952,3
111年縣市議員選舉,臺南市第4選舉區,陳福慶,民主進步黨,1952,2
111年縣市議員選舉,臺南市第5選舉區,林志展,民主進步黨,1965,9
111年縣市議員選舉,臺南市第5選舉區,李文俊,中國國民黨,1959,2
111年縣市議員選舉,臺南市第6選舉區,郭清華,民主進步黨,1962,7
111年縣市議員選舉,臺南市第7選舉區,蔡明峰,無,1959,13
111年縣市議員選舉,臺南市第9選舉區,蔡淑惠,中國國民黨,1967,11
111年縣市長選舉,金門縣,陳福海,無,1963,5
111年縣市長選舉,南投縣,許淑華,中國國民黨,1975,2
111年縣市長選舉,屏東縣,蘇清泉,中國國民黨,1957,2
111年縣市議員選舉,宜蘭縣第12選舉區,陳傑麟,親民黨,1965,2
111年縣市議員選舉,宜蘭縣第2選舉區,林東成,無,1963,1
111年縣市議員選舉,宜蘭縣第3選舉區,李清林,中國國民黨,1949,2
111年縣市議員選舉,宜蘭縣第7選舉區,林義剛,中國國民黨,1953,4
111年縣市議員選舉,宜蘭縣第7選舉區,張明華,民主進步黨,1961,2
111年縣市議員選舉,宜蘭縣第8選舉區,邱素梅,無,1965,3
111年縣市議員選舉,宜蘭縣第9選舉區,陳文昌,民主進步黨,1953,2
111年縣市議員選舉,花蓮縣第1選舉區,張美慧,民主進步黨,1970,1
111年縣市議員選舉,花蓮縣第2選舉區,鄭寶秀,中國國民黨,1954,2
111年縣市議員選舉,花蓮縣第4選舉區,陳志明,無,1956,1
111年縣市議員選舉,花蓮縣第6選舉區,林正福,中國國民黨,1965,2
111年縣市議員選舉,花蓮縣第7選舉區,林玉芬,中國國民黨,未知,1
111年縣市議員選舉,花蓮縣第7選舉區,陳建忠,中國國民黨,1959,3
111年縣市議員選舉,金門縣第1選舉區,楊永立,無,1959,7
111年縣市議員選舉,金門縣第2選舉區,王秀玉,中國國民黨,1968,9
111年縣市議員選舉,南投縣第3選舉區,陳淑惠,中國國民黨,1957,6
111年縣市議員選舉,南投縣第4選舉區,陳玉鈴,民主進步黨,1967,6
111年縣市議員選舉,南投縣第4選舉區,吳瑞芳,無,1957,4
111年縣市議員選舉,屏東縣第16選舉區,賴天賜,無,1959,1
111年縣市議員選舉,屏東縣第1選舉區,林建志,無,未知,3
111年縣市議員選舉,屏東縣第1選舉區,黃明賢,中國國民黨,1983,6
111年縣市議員選舉,屏東縣第2選舉區,張振亮,民主進步黨,1964,6
111年縣市議員選舉,屏東縣第2選舉區,陳明達,民主進步黨,1963,11
111年縣市議員選舉,屏東縣第3選舉區,陳志成,無,1963,11
111年縣市議員選舉,屏東縣第3選舉區,林志成,無,1966,4
111年縣市議員選舉,屏東縣第4選舉區,洪志明,中國國民黨,1975,1
111年縣市議員選舉,屏東縣第7選舉區,陳建興,無,未知,3
111年縣市議員選舉,苗栗縣第1選舉區,林志豪,時代力量,未知,7
111年縣市議員選舉,苗栗縣第2選舉區,徐文達,中國國民黨,1958,2
111年縣市議員選舉,苗栗縣第5選舉區,李貴富,民主進步黨,1970,9
111年縣市議員選舉,基隆市第7選舉區,楊秀玉,親民黨,1967,1
111年縣市議員選舉,雲林縣第2選舉區,蔡東富,無,1959,6
111年縣市議員選舉,雲林縣第2選舉區,陳志榮,無,未知,7
111年縣市議員選舉,雲林縣第3選舉區,林文彬,民主進步黨,1956,4
111年縣市議員選舉,雲林縣第3選舉區,沈宗隆,中國國民黨,1959,6
111年縣市議員選舉,雲林縣第4選舉區,李明哲,中國國民黨,1968,7
111年縣市議員選舉,雲林縣第5選舉區,蘇俊豪,無,1975,9
111年縣市議員選舉,新竹市第1選舉區,張文興,中國國民黨,1967,15
111年縣市議員選舉,新竹市第3選舉區,陳治雄,中國國民黨,1959,3
111年縣市議員選舉,新竹市第3選舉區,陳建名,民主進步黨,1985,1
111年縣市議員選舉,新竹市第4選舉區,林彥甫,時代力量,1989,1
111年縣市議員選舉,新竹市第4選舉區,陳清全,無,1949,13
111年縣市議員選舉,新竹市第5選舉區,吳國寶,無,1970,5
111年縣市議員選舉,新竹縣第1選舉區,陳文得,無,1966,20
111年縣市議員選舉,新竹縣第2選舉區,張燦堂,無,1961,10
111年縣市議員選舉,嘉義市第2選舉區,張秀華,中國國民黨,1957,13
111年縣市議員選舉,嘉義縣第2選舉區,林秀琴,民主進步黨,1953,12
111年縣市議員選舉,嘉義縣第2選舉區,陳文忠,無,1964,9
111年縣市議員選舉,嘉義縣第3選舉區,陳志明,無,1965,8
111年縣市議員選舉,嘉義縣第5選舉區,蔡信典,中國國民黨,1953,1
111年縣市議員選舉,嘉義縣第6選舉區,張明達,民主進步黨,1960,9
111年縣市議員選舉,彰化縣第2選舉區,葉國雄,民主進步黨,1966,9
111年縣市議員選舉,彰化縣第2選舉區,黃俊源,中國國民黨,1970,7
111年縣市議員選舉,彰化縣第3選舉區,蕭文雄,無,1958,2
111年縣市議員選舉,彰化縣第4選舉區,詹木根,無,1963,14
111年縣市議員選舉,彰化縣第5選舉區,陳重嘉,台灣民眾黨,1981,2
111年縣市議員選舉,彰化縣第7選舉區,劉淑芳,中國國民黨,1959,4
111年縣市議員選舉,臺東縣第1選舉區,林文隆,民主進步黨,1945,15
111年縣市議員選舉,臺東縣第1選舉區,陳志峰,中國國民黨,1965,3
111年縣市議員選舉,臺東縣第3選舉區,林東滿,中國國民黨,1949,1
111年縣市議員選舉,澎湖縣第1選舉區,蘇育德,民主進步黨,1986,13
111年縣市議員選舉,澎湖縣第1選舉區,陳海山,無,1950,2
111年縣市長選舉,桃園市,鄭運鵬,民主進步黨,1973,3
111年縣市長選舉,桃園市,賴香伶,台灣民眾黨,1968,2
111年縣市長選舉,桃園市,張善政,中國國民黨,1954,1
111年縣市長選舉,桃園市,鄭寶清,無,1955,4
111年縣市長選舉,高雄市,陳其邁,民主進步黨,1964,4
111年縣市長選舉,高雄市,柯志恩,中國國民黨,1962,3
111年縣市長選舉,新北市,林佳龍,民主進步黨,1964,1
111年縣市長選舉,新北市,侯友宜,中國國民黨,1957,2
111年縣市長選舉,臺中市,蔡其昌,民主進步黨,1969,2
111年縣市長選舉,臺中市,盧秀燕,中國國民黨,1961,3
111年縣市長選舉,臺北市,黃珊珊,無,1969,8
111年縣市長選舉,臺北市,蘇煥智,台灣維新,1956,7
111年縣市長選舉,臺北市,蔣萬安,中國國民黨,1978,6
111年縣市長選舉,臺北市,施奉先,無,1958,9
111年縣市長選舉,臺南市,許忠信,無,1965,1
111年縣市長選舉,臺南市,謝龍介,中國國民黨,1961,3
111年縣市長選舉,臺南市,林義豐,無,1948,2
111年縣市議員選舉,桃園市第10選舉區,張肇良,民主進步黨,1964,5
111年縣市議員選舉,桃園市第10選舉區,林昭賢,中國國民黨,1978,2
111年縣市議員選舉,桃園市第10選舉區,徐玉樹,中國國民黨,1964,4
111年縣市議員選舉,桃園市第10選舉區,劉熒隆,中國國民黨,1973,1
111年縣市議員選舉,桃園市第11選舉區,陳睿生,民主進步黨,1981,2
111年縣市議員選舉,桃園市第12選舉區,郭蔡美英,民主進步黨,1953,5
111年縣市議員選舉,桃園市第12選舉區,吳進昌,中國國民黨,1965,4
111年縣市議員選舉,桃園市第12選舉區,戴兆華,無,1980,6
111年縣市議員選舉,桃園市第12選舉區,許更生,無,1979,1
111年縣市議員選舉,桃園市第12選舉區,江承洲,無,1985,2
111年縣市議員選舉,桃園市第13選舉區,王仙蓮,中國國民黨,1966,5
111年縣市議員選舉,桃園市第13選舉區,張秀菊,無,1965,3
111年縣市議員選舉,桃園市第14選舉區,陳瑛,中國國民黨,1967,7
111年縣市議員選舉,桃園市第14選舉區,簡志偉,中國國民黨,1978,5
111年縣市議員選舉,桃園市第1選舉區,黃婉如,中國國民黨,1954,5
111年縣市議員選舉,桃園市第1選舉區,陳美梅,中國國民黨,1974,16
111年縣市議員選舉,桃園市第1選舉區,李曉鐘,中國國民黨,1959,21
111年縣市議員選舉,桃園市第1選舉區,羅岳峰,無,1986,24
111年縣市議員選舉,桃園市第1選舉區,李柏瑟,民主進步黨,1962,22
111年縣市議員選舉,桃園市第1選舉區,余信憲,民主進步黨,1989,14
111年縣市議員選舉,桃園市第1選舉區,黃成峻,台灣民眾黨,1978,2
111年縣市議員選舉,桃園市第1選舉區,官正平,無,1970,25
111年縣市議員選舉,桃園市第1選舉區,詹江村,中國國民黨,1963,9
111年縣市議員選舉,桃園市第1選舉區,林政賢,中國國民黨,1959,7
111年縣市議員選舉,桃園市第1選舉區,李光達,民主進步黨,1966,17
111年縣市議員選舉,桃園市第1選舉區,朱智菁,民主進步黨,1980,10
111年縣市議員選舉,桃園市第1選舉區,黃家齊,民主進步黨,1990,19
111年縣市議員選舉,桃園市第1選舉區,彭沛妤,無,1988,11
111年縣市議員選舉,桃園市第1選舉區,簡智翔,時代力量,1980,3
111年縣市議員選舉,桃園市第1選舉區,袁慧心,無,1965,4
111年縣市議員選舉,桃園市第1選舉區,黃進仕,無,1973,12
111年縣市議員選舉,桃園市第1選舉區,沈佩玲,小民參政歐巴桑聯盟,1979,18
111年縣市議員選舉,桃園市第2選舉區,牛煦庭,無,1990,4
111年縣市議員選舉,桃園市第2選舉區,陳泓維,無,1987,9
111年縣市議員選舉,桃園市第2選舉區,陳雅倫,民主進步黨,1991,7
111年縣市議員選舉,桃園市第2選舉區,簡僑亨,台灣民眾黨,1977,2
111年縣市議員選舉,桃園市第2選舉區,孫韻璇,中國國民黨,1979,6
111年縣市議員選舉,桃園市第3選舉區,蔡永芳,民主進步黨,1971,8
111年縣市議員選舉,桃園市第3選舉區,朱珍瑤,中國國民黨,1983,7
111年縣市議員選舉,桃園市第3選舉區,呂林小鳳,民主進步黨,1964,6
111年縣市議員選舉,桃園市第3選舉區,楊朝偉,中國國民黨,1967,2
111年縣市議員選舉,桃園市第3選舉區,張碩芬,中國國民黨,1980,9
111年縣市議員選舉,桃園市第3選舉區,段樹文,無,1963,5
111年縣市議員選舉,桃園市第4選舉區,林志評,無,1973,5
111年縣市議員選舉,桃園市第4選舉區,黃國晏,台灣民眾黨,1981,4
111年縣市議員選舉,桃園市第4選舉區,劉勝全,民主進步黨,1969,10
111年縣市議員選舉,桃園市第4選舉區,許清順,民主進步黨,1965,6
111年縣市議員選舉,桃園市第4選舉區,張桂綿,中國國民黨,1975,3
111年縣市議員選舉,桃園市第5選舉區,游吾和,民主進步黨,1963,3
111年縣市議員選舉,桃園市第5選舉區,徐其萬,中國國民黨,1958,2
111年縣市議員選舉,桃園市第6選舉區,陳治文,民主進步黨,1970,1
111年縣市議員選舉,桃園市第6選舉區,李柏坊,中國國民黨,1958,2
111年縣市議員選舉,桃園市第7選舉區,林佳瑋,時代力量,1986,8
111年縣市議員選舉,桃園市第7選舉區,梁為超,中國國民黨,1974,23
111年縣市議員選舉,桃園市第7選舉區,張曉昀,民主進步黨,1987,9
111年縣市議員選舉,桃園市第7選舉區,彭俊豪,民主進步黨,1982,5
111年縣市議員選舉,桃園市第7選舉區,葉明月,中國國民黨,1960,13
111年縣市議員選舉,桃園市第7選舉區,邱奕勝,中國國民黨,1960,14
111年縣市議員選舉,桃園市第7選舉區,徐景文,民主進步黨,1962,1
111年縣市議員選舉,桃園市第7選舉區,黃崇真,民主進步黨,1952,10
111年縣市議員選舉,桃園市第7選舉區,魏筠,民主進步黨,1980,17
111年縣市議員選舉,桃園市第7選舉區,楊翊堂,無,1970,18
111年縣市議員選舉,桃園市第7選舉區,劉安祺,中國國民黨,1971,21
111年縣市議員選舉,桃園市第7選舉區,劉曾玉春,無,1954,4
111年縣市議員選舉,桃園市第7選舉區,謝美英,無,1970,2
111年縣市議員選舉,桃園市第7選舉區,邱仁德,無,1971,12
111年縣市議員選舉,桃園市第7選舉區,吳嘉和,中國國民黨,1963,15
111年縣市議員選舉,桃園市第8選舉區,楊家俍,民主進步黨,1980,7
111年縣市議員選舉,桃園市第8選舉區,劉仁照,民主進步黨,1981,9
111年縣市議員選舉,桃園市第8選舉區,王珮毓,民主進步黨,1982,12
111年縣市議員選舉,桃園市第8選舉區,黃敬平,中國國民黨,1973,3
111年縣市議員選舉,桃園市第8選舉區,舒翠玲,中國國民黨,1964,8
111年縣市議員選舉,桃園市第8選舉區,劉邦鉉,無,1968,1
111年縣市議員選舉,桃園市第8選舉區,黃永欽,綠黨,1937,5
111年縣市議員選舉,桃園市第8選舉區,朱哲成,時代力量,1989,2
111年縣市議員選舉,桃園市第9選舉區,鄭淑方,民主進步黨,1972,5
111年縣市議員選舉,桃園市第9選舉區,涂權吉,中國國民黨,1970,3
111年縣市議員選舉,桃園市第9選舉區,李家興,無,1957,6
111年縣市議員選舉,高雄市第10選舉區,鄭光峰,民主進步黨,1966,3
111年縣市議員選舉,高雄市第10選舉區,陳致中,民主進步黨,1979,5
111年縣市議員選舉,高雄市第10選舉區,蔡武宏,中國國民黨,1978,12
111年縣市議員選舉,高雄市第10選舉區,李順進,無黨團結聯盟,1958,16
111年縣市議員選舉,高雄市第10選舉區,于仙玲,小民參政歐巴桑聯盟,1985,8
111年縣市議員選舉,高雄市第10選舉區,吳銘賜,台灣團結聯盟,1965,11
111年縣市議員選舉,高雄市第10選舉區,顏坤泉,左翼聯盟,1955,1
111年縣市議員選舉,高雄市第10選舉區,曾麗燕,中國國民黨,1953,7
111年縣市議員選舉,高雄市第10選舉區,朱挺玗,無,1980,2
111年縣市議員選舉,高雄市第10選舉區,陳麗娜,中國國民黨,1970,14
111年縣市議員選舉,高雄市第10選舉區,蔡媽福,NA,1949,17
111年縣市議員選舉,高雄市第11選舉區,韓賜村,民主進步黨,1959,10
111年縣市議員選舉,高雄市第11選舉區,王耀裕,中國國民黨,1961,7
111年縣市議員選舉,高雄市第11選舉區,邱于軒,中國國民黨,1982,4
111年縣市議員選舉,高雄市第11選舉區,李建輝,無,1981,9
111年縣市議員選舉,高雄市第11選舉區,黃天煌,中國國民黨,1962,8
111年縣市議員選舉,高雄市第12選舉區,王義雄,中國國民黨,1960,1
111年縣市議員選舉,高雄市第13選舉區,陳幸富,無,1972,2
111年縣市議員選舉,高雄市第15選舉區,范織欽 Pasulang・Tomatalate,無,1957,1
111年縣市議員選舉,高雄市第1選舉區,林富寶,民主進步黨,1955,4
111年縣市議員選舉,高雄市第1選舉區,朱信強,無黨團結聯盟,1968,1
111年縣市議員選舉,高雄市第1選舉區,林義迪,中國國民黨,1959,2
111年縣市議員選舉,高雄市第2選舉區,陳明澤,民主進步黨,1963,2
111年縣市議員選舉,高雄市第2選舉區,李亞築,中國國民黨,1987,1
111年縣市議員選舉,高雄市第2選舉區,李柏融,無,1949,4
111年縣市議員選舉,高雄市第2選舉區,黃明太,民主進步黨,1962,5
111年縣市議員選舉,高雄市第2選舉區,鄭東元,中國國民黨,1959,3
111年縣市議員選舉,高雄市第3選舉區,林志誠,民主進步黨,1953,3
111年縣市議員選舉,高雄市第3選舉區,黃秋媖,民主進步黨,1972,6
111年縣市議員選舉,高雄市第3選舉區,方信淵,中國國民黨,1965,1
111年縣市議員選舉,高雄市第3選舉區,陸淑美,中國國民黨,1962,7
111年縣市議員選舉,高雄市第3選舉區,宋立彬,中國國民黨,1978,4
111年縣市議員選舉,高雄市第4選舉區,陳善慧,無,1965,4
111年縣市議員選舉,高雄市第4選舉區,柳淑芳,無,1960,14
111年縣市議員選舉,高雄市第4選舉區,李雅慧,民主進步黨,1975,9
111年縣市議員選舉,高雄市第4選舉區,黃文志,民主進步黨,1982,16
111年縣市議員選舉,高雄市第4選舉區,陳麗珍,中國國民黨,1966,13
111年縣市議員選舉,高雄市第4選舉區,陳玫娟,中國國民黨,1962,19
111年縣市議員選舉,高雄市第4選舉區,莊貽量,台灣民眾黨,1973,15
111年縣市議員選舉,高雄市第4選舉區,謝天助,無,1936,8
111年縣市議員選舉,高雄市第4選舉區,李眉蓁,中國國民黨,1979,6
111年縣市議員選舉,高雄市第4選舉區,蘇柏銓,無,1986,20
111年縣市議員選舉,高雄市第4選舉區,李雅芬,中國國民黨,1970,10
111年縣市議員選舉,高雄市第4選舉區,吳佩蓉,無,1976,5
111年縣市議員選舉,高雄市第4選舉區,蘇博廷,無,1981,11
111年縣市議員選舉,高雄市第5選舉區,邱俊憲,民主進步黨,1982,10
111年縣市議員選舉,高雄市第5選舉區,陳清茂,無,1972,8
111年縣市議員選舉,高雄市第5選舉區,張勝富,民主進步黨,1972,7
111年縣市議員選舉,高雄市第5選舉區,江瑞鴻,民主進步黨,1964,6
111年縣市議員選舉,高雄市第5選舉區,劉佳達,無,1980,5
111年縣市議員選舉,高雄市第5選舉區,王齡嬌,無,1966,9
111年縣市議員選舉,高雄市第5選舉區,吳彥輝,無,1981,12
111年縣市議員選舉,高雄市第5選舉區,陳惠君,台灣民眾黨,1973,13
111年縣市議員選舉,高雄市第5選舉區,吳利成,中國國民黨,1969,2
111年縣市議員選舉,高雄市第6選舉區,簡煥宗,民主進步黨,1973,3
111年縣市議員選舉,高雄市第6選舉區,李喬如,民主進步黨,1957,4
111年縣市議員選舉,高雄市第6選舉區,蔡金晏,中國國民黨,1978,1
111年縣市議員選舉,高雄市第6選舉區,陳美雅,中國國民黨,1970,2
111年縣市議員選舉,高雄市第7選舉區,林武忠,民主進步黨,1955,9
111年縣市議員選舉,高雄市第7選舉區,何權峰,民主進步黨,1980,3
111年縣市議員選舉,高雄市第7選舉區,康裕成,民主進步黨,1956,11
111年縣市議員選舉,高雄市第7選舉區,鄭孟洳,民主進步黨,1990,8
111年縣市議員選舉,高雄市第7選舉區,童燕珍,中國國民黨,1953,10
111年縣市議員選舉,高雄市第7選舉區,林于凱,時代力量,1981,5
111年縣市議員選舉,高雄市第7選舉區,黃香菽,中國國民黨,1981,13
111年縣市議員選舉,高雄市第7選舉區,李佳玲,台灣民眾黨,1978,1
111年縣市議員選舉,高雄市第8選舉區,黃文益,民主進步黨,1976,8
111年縣市議員選舉,高雄市第8選舉區,郭建盟,民主進步黨,1970,1
111年縣市議員選舉,高雄市第8選舉區,陳若翠,中國國民黨,1969,2
111年縣市議員選舉,高雄市第8選舉區,黃紹庭,中國國民黨,1970,7
111年縣市議員選舉,高雄市第8選舉區,劉景裕,無,1968,4
111年縣市議員選舉,高雄市第8選舉區,吳益政,無,1963,6
111年縣市議員選舉,高雄市第9選舉區,張漢忠,民主進步黨,1953,15
111年縣市議員選舉,高雄市第9選舉區,李雨蓁,台灣基進,1987,1
111年縣市議員選舉,高雄市第9選舉區,黃捷,無,1993,8
111年縣市議員選舉,高雄市第9選舉區,陳慧文,民主進步黨,1974,9
111年縣市議員選舉,高雄市第9選舉區,鄭安秝,中國國民黨,1995,7
111年縣市議員選舉,高雄市第9選舉區,李雅靜,中國國民黨,1977,3
111年縣市議員選舉,高雄市第9選舉區,劉德林,中國國民黨,1961,6
111年縣市議員選舉,高雄市第9選舉區,鍾易仲,中國國民黨,1982,4
111年縣市議員選舉,高雄市第9選舉區,廖國誌,無,1966,10
111年縣市議員選舉,新北市第10選舉區,林裔綺,民主進步黨,1968,2
111年縣市議員選舉,新北市第11選舉區,張錦豪,民主進步黨,1979,6
111年縣市議員選舉,新北市第11選舉區,周雅玲,民主進步黨,1968,2
111年縣市議員選舉,新北市第11選舉區,白珮茹,中國國民黨,1975,4
111年縣市議員選舉,新北市第11選舉區,廖先翔,中國國民黨,1988,3
111年縣市議員選舉,新北市第11選舉區,黃瑞傳,無,1950,5
111年縣市議員選舉,新北市第12選舉區,楊春妹,中國國民黨,1961,5
111年縣市議員選舉,新北市第12選舉區,蘇錦雄 Paylang・Caya,民主進步黨,1964,6
111年縣市議員選舉,新北市第12選舉區,宋雨蓁 Nikar・Falong,無,1981,3
111年縣市議員選舉,新北市第12選舉區,達佶祐・卡造 Takiyo・Kacaw,台灣民眾黨,1969,1
111年縣市議員選舉,新北市第13選舉區,馬見 Lahuy・Ipin,無黨團結聯盟,1992,2
111年縣市議員選舉,新北市第1選舉區,蔡錦賢,無黨團結聯盟,1949,6
111年縣市議員選舉,新北市第1選舉區,陳靜儀,台灣民眾黨,1968,4
111年縣市議員選舉,新北市第1選舉區,陳偉杰,中國國民黨,1978,2
111年縣市議員選舉,新北市第1選舉區,鄭宇恩,民主進步黨,1986,1
111年縣市議員選舉,新北市第2選舉區,賴秋媚,民主進步黨,1963,7
111年縣市議員選舉,新北市第2選舉區,董俊宏,台灣基進,1969,4
111年縣市議員選舉,新北市第2選舉區,宋明宗,中國國民黨,1967,6
111年縣市議員選舉,新北市第3選舉區,鍾宏仁,民主進步黨,1957,15
111年縣市議員選舉,新北市第3選舉區,何淑峯,民主進步黨,1967,5
111年縣市議員選舉,新北市第3選舉區,陳世軒,台灣民眾黨,1969,8
111年縣市議員選舉,新北市第3選舉區,何語蓉,小民參政歐巴桑聯盟,1977,11
111年縣市議員選舉,新北市第3選舉區,蔣根煌,中國國民黨,1963,12
111年縣市議員選舉,新北市第3選舉區,邱吉均,無,1958,4
111年縣市議員選舉,新北市第3選舉區,張志宏,無,1969,1
111年縣市議員選舉,新北市第3選舉區,陳科名,無,1970,13
111年縣市議員選舉,新北市第3選舉區,蔡健棠,中國國民黨,1963,9
111年縣市議員選舉,新北市第3選舉區,許明偉,無,1954,6
111年縣市議員選舉,新北市第4選舉區,陳啟能,民主進步黨,1959,1
111年縣市議員選舉,新北市第4選舉區,彭佳芸,民主進步黨,1982,8
111年縣市議員選舉,新北市第4選舉區,邱婷蔚,民主進步黨,1980,7
111年縣市議員選舉,新北市第4選舉區,李倩萍,民主進步黨,1970,9
111年縣市議員選舉,新北市第4選舉區,董俊良,新黨,1970,15
111年縣市議員選舉,新北市第4選舉區,王威元,中國國民黨,1981,2
111年縣市議員選舉,新北市第5選舉區,吳達偉,台灣民眾黨,1984,4
111年縣市議員選舉,新北市第5選舉區,林國春,中國國民黨,1968,1
111年縣市議員選舉,新北市第5選舉區,曾煥嘉,中國國民黨,1976,3
111年縣市議員選舉,新北市第5選舉區,黃俊哲,民主進步黨,1978,16
111年縣市議員選舉,新北市第5選舉區,李婉鈺,無,1972,11
111年縣市議員選舉,新北市第5選舉區,戴瑋姍,民主進步黨,1990,6
111年縣市議員選舉,新北市第5選舉區,黃淑君,民主進步黨,1973,18
111年縣市議員選舉,新北市第5選舉區,石一佑,民主進步黨,1966,21
111年縣市議員選舉,新北市第5選舉區,張淑惠,小民參政歐巴桑聯盟,1971,10
111年縣市議員選舉,新北市第5選舉區,張家維,無,1973,19
111年縣市議員選舉,新北市第5選舉區,周勝考,中國國民黨,1956,8
111年縣市議員選舉,新北市第5選舉區,劉美芳,中國國民黨,1978,2
111年縣市議員選舉,新北市第5選舉區,阮橋本,無,1970,17
111年縣市議員選舉,新北市第5選舉區,彭盛韶,時代力量,1984,7
111年縣市議員選舉,新北市第5選舉區,陳玉鳳,中國和平統一黨,1972,13
111年縣市議員選舉,新北市第5選舉區,葉元之,中國國民黨,1974,14
111年縣市議員選舉,新北市第5選舉區,廖裕德,無黨團結聯盟,1951,20
111年縣市議員選舉,新北市第6選舉區,張維倩,民主進步黨,1985,8
111年縣市議員選舉,新北市第6選舉區,陳錦錠,中國國民黨,1954,7
111年縣市議員選舉,新北市第6選舉區,邱烽堯,中國國民黨,1973,3
111年縣市議員選舉,新北市第6選舉區,李正皓,無,1984,5
111年縣市議員選舉,新北市第6選舉區,金瑞龍,中國國民黨,1969,4
111年縣市議員選舉,新北市第6選舉區,游輝宂,中國國民黨,1983,6
111年縣市議員選舉,新北市第7選舉區,許昭興,民主進步黨,1971,5
111年縣市議員選舉,新北市第7選舉區,羅文崇,民主進步黨,1964,4
111年縣市議員選舉,新北市第7選舉區,連斐璠,中國國民黨,1959,2
111年縣市議員選舉,新北市第7選舉區,蕭蒼澤,台灣維新,1965,3
111年縣市議員選舉,新北市第8選舉區,廖宜琨,民主進步黨,1982,11
111年縣市議員選舉,新北市第8選舉區,林銘仁,民主進步黨,1960,15
111年縣市議員選舉,新北市第8選舉區,林金結,中國國民黨,1968,14
111年縣市議員選舉,新北市第8選舉區,張昭隆,台灣民眾黨,1966,5
111年縣市議員選舉,新北市第8選舉區,曾進益,民主進步黨,1964,8
111年縣市議員選舉,新北市第8選舉區,洪佳君,中國國民黨,1977,6
111年縣市議員選舉,新北市第8選舉區,蘇泓欽,無,1979,7
111年縣市議員選舉,新北市第8選舉區,江怡臻,中國國民黨,1982,2
111年縣市議員選舉,新北市第8選舉區,歐金獅,無,1952,9
111年縣市議員選舉,新北市第9選舉區,張凱鈞,台灣民眾黨,1977,3
111年縣市議員選舉,新北市第9選舉區,陳儀君,中國國民黨,1973,2
111年縣市議員選舉,新北市第9選舉區,劉哲彰,中國國民黨,1972,6
111年縣市議員選舉,臺中市第10選舉區,黃守達,民主進步黨,1988,3
111年縣市議員選舉,臺中市第10選舉區,江肇國,民主進步黨,1977,4
111年縣市議員選舉,臺中市第10選舉區,紀文清,無,1952,1
111年縣市議員選舉,臺中市第10選舉區,張彥彤,中國國民黨,1986,6
111年縣市議員選舉,臺中市第10選舉區,林京玲,無,1990,2
111年縣市議員選舉,臺中市第11選舉區,翁俊楠,無,1968,4
111年縣市議員選舉,臺中市第11選舉區,羅廷瑋,中國國民黨,1989,6
111年縣市議員選舉,臺中市第11選舉區,鄭功進,民主進步黨,1961,11
111年縣市議員選舉,臺中市第11選舉區,林文仲,無,1970,5
111年縣市議員選舉,臺中市第12選舉區,林宜蓁,台灣基進,1964,4
111年縣市議員選舉,臺中市第12選舉區,賴義鍠,中國國民黨,1967,3
111年縣市議員選舉,臺中市第12選舉區,張玉嬿,民主進步黨,1981,1
111年縣市議員選舉,臺中市第12選舉區,蔡耀頡,民主進步黨,1990,6
111年縣市議員選舉,臺中市第13選舉區,江和樹,台灣民眾黨,1981,7
111年縣市議員選舉,臺中市第13選舉區,張滄沂,無,1959,8
111年縣市議員選舉,臺中市第13選舉區,林德宇,民主進步黨,1979,6
111年縣市議員選舉,臺中市第13選舉區,張芬郁,民主進步黨,1958,2
111年縣市議員選舉,臺中市第13選舉區,蘇柏興,中國國民黨,1973,9
111年縣市議員選舉,臺中市第13選舉區,鄭伯其,中國國民黨,1978,12
111年縣市議員選舉,臺中市第13選舉區,林碧秀,中國國民黨,1955,1
111年縣市議員選舉,臺中市第13選舉區,薛安琪,小民參政歐巴桑聯盟,1980,3
111年縣市議員選舉,臺中市第13選舉區,楊偉浚,無,1990,4
111年縣市議員選舉,臺中市第14選舉區,蔡成圭,民主進步黨,1960,3
111年縣市議員選舉,臺中市第14選舉區,賴裕銘,無,1966,2
111年縣市議員選舉,臺中市第14選舉區,冉齡軒,無,1966,5
111年縣市議員選舉,臺中市第15選舉區,黃仁,中國國民黨,1962,4
111年縣市議員選舉,臺中市第15選舉區,江愛珍,民主進步黨,1977,1
111年縣市議員選舉,臺中市第17選舉區,朱元宏,無,1961,2
111年縣市議員選舉,臺中市第17選舉區,柯靜志,無,1977,3
111年縣市議員選舉,臺中市第1選舉區,施志昌,民主進步黨,1984,2
111年縣市議員選舉,臺中市第1選舉區,吳敏濟,民主進步黨,1956,4
111年縣市議員選舉,臺中市第1選舉區,李文傑,中國國民黨,1991,1
111年縣市議員選舉,臺中市第1選舉區,楊啓邦,中國國民黨,1979,3
111年縣市議員選舉,臺中市第2選舉區,王立任,民主進步黨,1969,4
111年縣市議員選舉,臺中市第2選舉區,楊典忠,民主進步黨,1960,6
111年縣市議員選舉,臺中市第2選舉區,尤碧鈴,無,1949,3
111年縣市議員選舉,臺中市第2選舉區,顏莉敏,中國國民黨,1984,8
111年縣市議員選舉,臺中市第2選舉區,張清照,中國國民黨,1963,5
111年縣市議員選舉,臺中市第3選舉區,張家銨,民主進步黨,1983,5
111年縣市議員選舉,臺中市第3選舉區,吳瓊華,中國國民黨,1969,9
111年縣市議員選舉,臺中市第3選舉區,林孟令,無,1973,3
111年縣市議員選舉,臺中市第4選舉區,陳若庭,台灣基進,1985,1
111年縣市議員選舉,臺中市第4選舉區,陳本添,中國國民黨,1957,2
111年縣市議員選舉,臺中市第4選舉區,張瀞分,中國國民黨,1943,3
111年縣市議員選舉,臺中市第4選舉區,蔡怡萱,無,1981,11
111年縣市議員選舉,臺中市第4選舉區,翁美春,無,1963,5
111年縣市議員選舉,臺中市第4選舉區,黃朝淵,無,1973,9
111年縣市議員選舉,臺中市第5選舉區,張睿倉,台灣民眾黨,1984,12
111年縣市議員選舉,臺中市第5選舉區,林義偉,民主進步黨,1984,5
111年縣市議員選舉,臺中市第5選舉區,周永鴻,民主進步黨,1973,3
111年縣市議員選舉,臺中市第5選舉區,羅永珍,中國國民黨,1952,8
111年縣市議員選舉,臺中市第5選舉區,徐瑄灃,無,1988,4
111年縣市議員選舉,臺中市第5選舉區,賴朝國,中國國民黨,1963,9
111年縣市議員選舉,臺中市第6選舉區,林祈烽,民主進步黨,1973,3
111年縣市議員選舉,臺中市第6選舉區,張廖乃綸,中國國民黨,1978,5
111年縣市議員選舉,臺中市第7選舉區,劉士州,中國國民黨,1962,5
111年縣市議員選舉,臺中市第7選舉區,張耀中,民主進步黨,1961,3
111年縣市議員選舉,臺中市第7選舉區,何文海,民主進步黨,1958,4
111年縣市議員選舉,臺中市第7選舉區,吳佩芸,時代力量,1992,1
111年縣市議員選舉,臺中市第7選舉區,朱暖英,中國國民黨,1965,7
111年縣市議員選舉,臺中市第8選舉區,段體佩,無,1964,11
111年縣市議員選舉,臺中市第8選舉區,楊欣怡,台灣基進,1982,12
111年縣市議員選舉,臺中市第8選舉區,蔡雅玲,民主進步黨,1977,10
111年縣市議員選舉,臺中市第8選舉區,邱于珊,台灣民眾黨,1962,5
111年縣市議員選舉,臺中市第8選舉區,彭振芳,前進黨,1964,7
111年縣市議員選舉,臺中市第8選舉區,賴順仁,中國國民黨,1969,9
111年縣市議員選舉,臺中市第8選舉區,曾朝榮,民主進步黨,1961,3
111年縣市議員選舉,臺中市第8選舉區,沈佑蓮,中國國民黨,1959,1
111年縣市議員選舉,臺中市第8選舉區,黃健豪,中國國民黨,1988,8
111年縣市議員選舉,臺中市第8選舉區,陳成添,中國國民黨,1963,2
111年縣市議員選舉,臺中市第9選舉區,賴佳微,民主進步黨,1982,2
111年縣市議員選舉,臺中市第9選舉區,陳文政,中國國民黨,1974,3
111年縣市議員選舉,臺中市第9選舉區,陳政顯,中國國民黨,1963,1
111年縣市議員選舉,臺北市第1選舉區,蘇府庭,無,1958,21
111年縣市議員選舉,臺北市第1選舉區,陳重文,中國國民黨,1977,7
111年縣市議員選舉,臺北市第1選舉區,劉仕傑,時代力量,1980,8
111年縣市議員選舉,臺北市第1選舉區,張渝江,無,1972,16
111年縣市議員選舉,臺北市第1選舉區,張斯綱,中國國民黨,1971,20
111年縣市議員選舉,臺北市第1選舉區,陳賢蔚,民主進步黨,1977,2
111年縣市議員選舉,臺北市第1選舉區,汪志冰,中國國民黨,1957,5
111年縣市議員選舉,臺北市第1選舉區,鍾佩玲,民主進步黨,1979,10
111年縣市議員選舉,臺北市第1選舉區,林杏兒,中國國民黨,1981,4
111年縣市議員選舉,臺北市第1選舉區,王郁揚,金色力量黨,1986,19
111年縣市議員選舉,臺北市第1選舉區,侯漢廷,新黨,1988,11
111年縣市議員選舉,臺北市第1選舉區,林瑞圖,無,1956,14
111年縣市議員選舉,臺北市第1選舉區,楊靜宇,無,1961,23
111年縣市議員選舉,臺北市第1選舉區,李光輝,無,1970,3
111年縣市議員選舉,臺北市第1選舉區,陳政忠,無,1955,25
111年縣市議員選舉,臺北市第1選舉區,黃郁芬,無,1990,22
111年縣市議員選舉,臺北市第2選舉區,江志銘,民主進步黨,1962,3
111年縣市議員選舉,臺北市第2選舉區,游淑慧,中國國民黨,1976,12
111年縣市議員選舉,臺北市第2選舉區,王孝維,民主進步黨,1961,6
111年縣市議員選舉,臺北市第2選舉區,李建昌,民主進步黨,1962,10
111年縣市議員選舉,臺北市第2選舉區,闕枚莎,中國國民黨,1972,11
111年縣市議員選舉,臺北市第2選舉區,李彥秀,中國國民黨,1971,13
111年縣市議員選舉,臺北市第2選舉區,吳世正,中國國民黨,1963,5
111年縣市議員選舉,臺北市第2選舉區,劉榮之,新黨,1977,2
111年縣市議員選舉,臺北市第3選舉區,林柏勛,時代力量,1983,5
111年縣市議員選舉,臺北市第3選舉區,許家蓓,民主進步黨,1977,3
111年縣市議員選舉,臺北市第3選舉區,秦慧珠,中國國民黨,1955,8
111年縣市議員選舉,臺北市第3選舉區,徐巧芯,中國國民黨,1989,11
111年縣市議員選舉,臺北市第3選舉區,洪健益,民主進步黨,1970,16
111年縣市議員選舉,臺北市第3選舉區,戴錫欽,中國國民黨,1966,12
111年縣市議員選舉,臺北市第3選舉區,王鴻薇,中國國民黨,1964,14
111年縣市議員選舉,臺北市第3選舉區,吳崢,無,1989,15
111年縣市議員選舉,臺北市第3選舉區,吳蕚洋,無,1960,4
111年縣市議員選舉,臺北市第3選舉區,洪士奇,無,1962,7
111年縣市議員選舉,臺北市第4選舉區,梁文傑,民主進步黨,1971,12
111年縣市議員選舉,臺北市第4選舉區,王世堅,民主進步黨,1960,6
111年縣市議員選舉,臺北市第4選舉區,顏若芳,民主進步黨,1985,10
111年縣市議員選舉,臺北市第4選舉區,林婕麗,新黨,1966,3
111年縣市議員選舉,臺北市第4選舉區,葉林傳,中國國民黨,1969,9
111年縣市議員選舉,臺北市第4選舉區,林亮君,無,1989,4
111年縣市議員選舉,臺北市第4選舉區,陳炳甫,中國國民黨,1971,5
111年縣市議員選舉,臺北市第4選舉區,高世俊,中國國民黨,1986,2
111年縣市議員選舉,臺北市第5選舉區,吳志剛,中國國民黨,1971,6
111年縣市議員選舉,臺北市第5選舉區,張榮法,新黨,1972,11
111年縣市議員選舉,臺北市第5選舉區,吳沛憶,民主進步黨,1987,4
111年縣市議員選舉,臺北市第5選舉區,郭昭巖,中國國民黨,1969,16
111年縣市議員選舉,臺北市第5選舉區,劉耀仁,民主進步黨,1968,1
111年縣市議員選舉,臺北市第5選舉區,應曉薇,中國國民黨,1964,12
111年縣市議員選舉,臺北市第5選舉區,徐立信,無,1975,5
111年縣市議員選舉,臺北市第5選舉區,陳樹霖,無,1952,15
111年縣市議員選舉,臺北市第6選舉區,華珮君,台灣動物保護黨,1988,6
111年縣市議員選舉,臺北市第6選舉區,鄭建炘,臺灣人民共產黨,1975,24
111年縣市議員選舉,臺北市第6選舉區,王閔生,民主進步黨,1975,5
111年縣市議員選舉,臺北市第6選舉區,簡舒培,民主進步黨,1977,22
111年縣市議員選舉,臺北市第6選舉區,蘇恆,無,1985,11
111年縣市議員選舉,臺北市第6選舉區,張幸松,台灣民眾黨,1958,1
111年縣市議員選舉,臺北市第6選舉區,曾獻瑩,無,1976,4
111年縣市議員選舉,臺北市第6選舉區,陳錦祥,中國國民黨,1959,20
111年縣市議員選舉,臺北市第6選舉區,詹晉鑒,民主進步黨,1982,8
111年縣市議員選舉,臺北市第6選舉區,耿葳,中國國民黨,1990,25
111年縣市議員選舉,臺北市第6選舉區,徐弘庭,中國國民黨,1982,17
111年縣市議員選舉,臺北市第6選舉區,苗博雅,社會民主黨,1987,19
111年縣市議員選舉,臺北市第6選舉區,王欣儀,中國國民黨,1970,18
111年縣市議員選舉,臺北市第6選舉區,林穎孟,無,1983,21
111年縣市議員選舉,臺北市第6選舉區,鍾沛君,中國國民黨,1984,15
111年縣市議員選舉,臺北市第7選舉區,李芳儒,中國國民黨,1969,2
111年縣市議員選舉,臺北市第8選舉區,李傅中武,中國國民黨,1973,1
111年縣市議員選舉,臺南市第10選舉區,陳世安,無,1970,9
111年縣市議員選舉,臺南市第10選舉區,王家貞,中國國民黨,1957,8
111年縣市議員選舉,臺南市第10選舉區,蔡筱薇,民主進步黨,1983,2
111年縣市議員選舉,臺南市第10選舉區,陳金鐘,民主進步黨,1960,4
111年縣市議員選舉,臺南市第10選舉區,蔡旺詮,民主進步黨,1968,7
111年縣市議員選舉,臺南市第10選舉區,曾培雅,中國國民黨,1959,3
111年縣市議員選舉,臺南市第11選舉區,翁語含,無,1973,5
111年縣市議員選舉,臺南市第11選舉區,江國銘,台灣民眾黨,1981,3
111年縣市議員選舉,臺南市第11選舉區,許又仁,無,1965,4
111年縣市議員選舉,臺南市第11選舉區,郭鴻儀,民主進步黨,1967,7
111年縣市議員選舉,臺南市第11選舉區,吳禹寰,無,1980,6
111年縣市議員選舉,臺南市第11選舉區,杜素吟,無黨團結聯盟,1956,8
111年縣市議員選舉,臺南市第11選舉區,鄭佳欣,民主進步黨,1979,1
111年縣市議員選舉,臺南市第12選舉區,李美素,無,1969,1
111年縣市議員選舉,臺南市第12選舉區,穎艾達利 Ingay Tali,無,1973,2
111年縣市議員選舉,臺南市第13選舉區,伍宗康,無,1978,2
111年縣市議員選舉,臺南市第1選舉區,蔡育輝,中國國民黨,1959,1
111年縣市議員選舉,臺南市第1選舉區,沈家鳳,民主進步黨,1980,2
111年縣市議員選舉,臺南市第1選舉區,李宗翰,民主進步黨,1992,9
111年縣市議員選舉,臺南市第1選舉區,趙昆原,無,1956,4
111年縣市議員選舉,臺南市第1選舉區,劉米山,民主進步黨,1965,5
111年縣市議員選舉,臺南市第2選舉區,蔡蘇秋金,民主進步黨,1961,2
111年縣市議員選舉,臺南市第2選舉區,蔡秋蘭,民主進步黨,1958,1
111年縣市議員選舉,臺南市第2選舉區,方一峰,中國國民黨,1964,7
111年縣市議員選舉,臺南市第2選舉區,陳昆和,無,1961,4
111年縣市議員選舉,臺南市第3選舉區,郭秀珠,無黨團結聯盟,1959,5
111年縣市議員選舉,臺南市第3選舉區,吳通龍,民主進步黨,1956,6
111年縣市議員選舉,臺南市第3選舉區,陳秋宏,民主進步黨,1971,1
111年縣市議員選舉,臺南市第4選舉區,周奕齊,無,1988,1
111年縣市議員選舉,臺南市第5選舉區,林全忠,中國國民黨,1954,6
111年縣市議員選舉,臺南市第5選舉區,廖俊道,無,1973,1
111年縣市議員選舉,臺南市第5選舉區,陳碧玉,民主進步黨,1961,5
111年縣市議員選舉,臺南市第5選舉區,李偉智,民主進步黨,1970,3
111年縣市議員選舉,臺南市第5選舉區,王清崎,無,1960,8
111年縣市議員選舉,臺南市第6選舉區,郭信良,無,1963,4
111年縣市議員選舉,臺南市第6選舉區,李中岑,中國國民黨,1985,10
111年縣市議員選舉,臺南市第6選舉區,王錦德,民主進步黨,1957,14
111年縣市議員選舉,臺南市第6選舉區,童小芸,中國國民黨,1971,13
111年縣市議員選舉,臺南市第6選舉區,黃麗招,無,1957,5
111年縣市議員選舉,臺南市第6選舉區,林緯,無,1992,8
111年縣市議員選舉,臺南市第7選舉區,林易瑩,時代力量,1992,15
111年縣市議員選舉,臺南市第7選舉區,馬杰睿,無,1986,10
111年縣市議員選舉,臺南市第7選舉區,李鎮國,中國國民黨,1965,7
111年縣市議員選舉,臺南市第7選舉區,陳秋萍,民主進步黨,1964,1
111年縣市議員選舉,臺南市第7選舉區,林燕祝,中國國民黨,1965,3
111年縣市議員選舉,臺南市第7選舉區,陳世霖,無,1963,6
111年縣市議員選舉,臺南市第7選舉區,楊中成,台灣團結聯盟,1958,5
111年縣市議員選舉,臺南市第8選舉區,許至椿,中國國民黨,1960,6
111年縣市議員選舉,臺南市第8選舉區,沈震東,民主進步黨,1993,7
111年縣市議員選舉,臺南市第8選舉區,陳怡珍,民主進步黨,1981,3
111年縣市議員選舉,臺南市第8選舉區,邱莉莉,民主進步黨,1962,1
111年縣市議員選舉,臺南市第8選舉區,江明宗,台灣民眾黨,1954,2
111年縣市議員選舉,臺南市第8選舉區,李晉豪,無,1974,9
111年縣市議員選舉,臺南市第8選舉區,高凱旋,中國國民黨,1962,5
111年縣市議員選舉,臺南市第9選舉區,陳嘉伶,台灣基進,1992,4
111年縣市議員選舉,臺南市第9選舉區,盧崑福,中國國民黨,1965,1
111年縣市議員選舉,臺南市第9選舉區,莊玉珠,無,1960,9
111年縣市議員選舉,臺南市第9選舉區,呂維胤,民主進步黨,1981,10
111年縣市議員選舉,臺南市第9選舉區,李啓維,民主進步黨,1988,8
111年縣市議員選舉,臺南市第9選舉區,林美燕,中國國民黨,1959,2
111年縣市議員選舉,臺南市第9選舉區,周麗津,民主進步黨,1978,3
111年縣市議員選舉,臺南市第9選舉區,陳冠娟,小民參政歐巴桑聯盟,1979,5
111年縣市議員選舉,臺南市第9選舉區,李伯利,無,1980,7
111年縣市長選舉,宜蘭縣,陳秋境,無,1963,4
111年縣市長選舉,宜蘭縣,朱振東,天一黨,1953,2
111年縣市長選舉,宜蘭縣,林姿妙,中國國民黨,1952,1
111年縣市長選舉,宜蘭縣,江聰淵,民主進步黨,1969,5
111年縣市長選舉,花蓮縣,徐榛蔚,中國國民黨,1968,1
111年縣市長選舉,花蓮縣,黄師鵬,無,1957,2
111年縣市長選舉,金門縣,李應文,無,1979,1
111年縣市長選舉,金門縣,洪志恒,無,1968,6
111年縣市長選舉,金門縣,楊鎮浯,中國國民黨,1972,4
111年縣市長選舉,金門縣,林志錦,無,1972,3
111年縣市長選舉,南投縣,蔡培慧,民主進步黨,1971,1
111年縣市長選舉,南投縣,王永慶,無,1962,3
111年縣市長選舉,苗栗縣,宋國鼎,時代力量,1981,5
111年縣市長選舉,苗栗縣,徐定禎,民主進步黨,1961,4
111年縣市長選舉,苗栗縣,鍾東錦,無,1963,1
111年縣市長選舉,基隆市,蔡適應,民主進步黨,1973,3
111年縣市長選舉,基隆市,陳薇仲,時代力量,1990,2
111年縣市長選舉,基隆市,謝國樑,中國國民黨,1975,1
111年縣市長選舉,連江縣,李問,民主進步黨,1989,1
111年縣市長選舉,雲林縣,林佳瑜,NA,1959,3
111年縣市長選舉,雲林縣,劉建國,民主進步黨,1969,2
111年縣市長選舉,雲林縣,張麗善,中國國民黨,1964,1
111年縣市長選舉,新竹市,龔偉綸,無,1982,2
111年縣市長選舉,新竹市,林耕仁,中國國民黨,1960,3
111年縣市長選舉,新竹市,黃源甫,無,1954,1
111年縣市長選舉,新竹市,李驥羣,無,1956,4
111年縣市長選舉,新竹縣,范振揆,無,1971,2
111年縣市長選舉,新竹縣,黃秀龍,無,1960,1
111年縣市長選舉,新竹縣,周江杰,民主進步黨,1980,3
111年縣市長選舉,新竹縣,劉復嵐,無,1974,5
111年縣市長選舉,新竹縣,楊文科,中國國民黨,1951,4
111年縣市長選舉,嘉義縣,翁章梁,民主進步黨,1965,2
111年縣市長選舉,彰化縣,王惠美,中國國民黨,1968,1
111年縣市長選舉,彰化縣,黃秀芳,民主進步黨,1971,2
111年縣市長選舉,臺東縣,劉櫂豪,民主進步黨,1967,3
111年縣市長選舉,臺東縣,饒慶鈴,中國國民黨,1969,2
111年縣市長選舉,澎湖縣,陳光復,民主進步黨,1955,1
111年縣市長選舉,澎湖縣,賴峰偉,中國國民黨,1953,2
111年縣市長選舉,澎湖縣,葉竹林,無,1962,3
111年縣市議員選舉,宜蘭縣第10選舉區,李茂豐,中國國民黨,1957,2
111年縣市議員選舉,宜蘭縣第10選舉區,陳玉萍,無,1975,4
111年縣市議員選舉,宜蘭縣第10選舉區,陳金麟,中國國民黨,1954,1
111年縣市議員選舉,宜蘭縣第11選舉區,孫湯玉惠 aly saku,無,1967,1
111年縣市議員選舉,宜蘭縣第1選舉區,林麗,民主進步黨,1970,5
111年縣市議員選舉,宜蘭縣第1選舉區,莊淑如,中國國民黨,1978,10
111年縣市議員選舉,宜蘭縣第1選舉區,楊順木,正神名黨,1950,12
111年縣市議員選舉,宜蘭縣第1選舉區,林岳賢,中國國民黨,1974,17
111年縣市議員選舉,宜蘭縣第1選舉區,林錫明,無,1954,6
111年縣市議員選舉,宜蘭縣第1選舉區,黃定和,無,1958,13
111年縣市議員選舉,宜蘭縣第1選舉區,吳福田,民主進步黨,1949,7
111年縣市議員選舉,宜蘭縣第1選舉區,林正芳,時代力量,1963,8
111年縣市議員選舉,宜蘭縣第1選舉區,孫博萮,無,1978,14
111年縣市議員選舉,宜蘭縣第2選舉區,林詩穎,民主進步黨,1982,4
111年縣市議員選舉,宜蘭縣第2選舉區,簡英俊,無,1951,2
111年縣市議員選舉,宜蘭縣第2選舉區,賴良洲,中國國民黨,1963,3
111年縣市議員選舉,宜蘭縣第3選舉區,吳宏謀,民主進步黨,1950,3
111年縣市議員選舉,宜蘭縣第4選舉區,黃浴沂,中國國民黨,1952,2
111年縣市議員選舉,宜蘭縣第4選舉區,陳俊宇,民主進步黨,1975,1
111年縣市議員選舉,宜蘭縣第5選舉區,陳福山,無,1957,2
111年縣市議員選舉,宜蘭縣第5選舉區,黃建勇,中國國民黨,1958,1
111年縣市議員選舉,宜蘭縣第6選舉區,陳漢鍾,無,1971,3
111年縣市議員選舉,宜蘭縣第6選舉區,陳鴻禧,中國國民黨,1959,9
111年縣市議員選舉,宜蘭縣第6選舉區,劉添梧,民主進步黨,1948,5
111年縣市議員選舉,宜蘭縣第6選舉區,謝家倫,民主進步黨,1985,8
111年縣市議員選舉,宜蘭縣第6選舉區,黃琤婷,中國國民黨,1978,1
111年縣市議員選舉,宜蘭縣第6選舉區,呂惠卿,民主進步黨,1970,7
111年縣市議員選舉,宜蘭縣第6選舉區,林意評,台灣基進,1989,4
111年縣市議員選舉,宜蘭縣第6選舉區,謝志得,台灣民眾黨,1968,2
111年縣市議員選舉,宜蘭縣第7選舉區,簡松樹,民主進步黨,1965,3
111年縣市議員選舉,宜蘭縣第7選舉區,沈信雄,無,1967,1
111年縣市議員選舉,宜蘭縣第8選舉區,謝燦輝,民主進步黨,1958,1
111年縣市議員選舉,宜蘭縣第8選舉區,楊弘旻,中國國民黨,1970,6
111年縣市議員選舉,花蓮縣第10選舉區,高小成 Qaisul・Tamapima,中國國民黨,1963,1
111年縣市議員選舉,花蓮縣第10選舉區,金淑敏,中國國民黨,1964,2
111年縣市議員選舉,花蓮縣第1選舉區,韓林梅,中國國民黨,1965,7
111年縣市議員選舉,花蓮縣第1選舉區,林宗昆,中國國民黨,1983,4
111年縣市議員選舉,花蓮縣第1選舉區,蔡翼鍾,中國國民黨,1988,10
111年縣市議員選舉,花蓮縣第1選舉區,洪士閔,中國國民黨,1980,5
111年縣市議員選舉,花蓮縣第1選舉區,吳東昇,中國國民黨,1970,11
111年縣市議員選舉,花蓮縣第1選舉區,傅國淵,台灣民眾黨,1974,3
111年縣市議員選舉,花蓮縣第1選舉區,徐子芳,中國國民黨,1963,6
111年縣市議員選舉,花蓮縣第1選舉區,謝國榮,中國國民黨,1958,9
111年縣市議員選舉,花蓮縣第1選舉區,楊華美,無,1970,2
111年縣市議員選舉,花蓮縣第1選舉區,胡仁順,民主進步黨,1983,12
111年縣市議員選舉,花蓮縣第1選舉區,魏嘉賢,無,1978,8
111年縣市議員選舉,花蓮縣第2選舉區,邱光明,中國國民黨,1951,1
111年縣市議員選舉,花蓮縣第2選舉區,陳財能,民主進步黨,1965,3
111年縣市議員選舉,花蓮縣第3選舉區,陳慶元,時代力量,1949,5
111年縣市議員選舉,花蓮縣第3選舉區,張峻,無,1974,6
111年縣市議員選舉,花蓮縣第3選舉區,黃馨,中國國民黨,1954,13
111年縣市議員選舉,花蓮縣第3選舉區,蔡文隆,中國國民黨,1969,9
111年縣市議員選舉,花蓮縣第3選舉區,林源富,無,1974,15
111年縣市議員選舉,花蓮縣第3選舉區,徐雪玉,中國國民黨,1961,3
111年縣市議員選舉,花蓮縣第3選舉區,沈君茹,無,1962,14
111年縣市議員選舉,花蓮縣第3選舉區,吳建志,中國國民黨,1980,4
111年縣市議員選舉,花蓮縣第3選舉區,王能昌,無,1967,10
111年縣市議員選舉,花蓮縣第3選舉區,鄭乾龍,無,1964,11
111年縣市議員選舉,花蓮縣第3選舉區,張正治,中國國民黨,1966,12
111年縣市議員選舉,花蓮縣第4選舉區,陳飛廷,民主進步黨,1982,5
111年縣市議員選舉,花蓮縣第4選舉區,鍾素政,中國國民黨,1961,3
111年縣市議員選舉,花蓮縣第4選舉區,黃玲蘭,無,1963,2
111年縣市議員選舉,花蓮縣第4選舉區,詹金富,中國國民黨,1961,4
111年縣市議員選舉,花蓮縣第5選舉區,笛布斯・顗賚,無,1972,1
111年縣市議員選舉,花蓮縣第5選舉區,李正文,無,1965,5
111年縣市議員選舉,花蓮縣第5選舉區,陳進德,中國國民黨,1966,6
111年縣市議員選舉,花蓮縣第5選舉區,周駿宥,中國國民黨,1982,4
111年縣市議員選舉,花蓮縣第6選舉區,蔡依靜 Lamen・Panay,無,1983,4
111年縣市議員選舉,花蓮縣第6選舉區,賴國祥 O・SENG・KATI,無,1971,3
111年縣市議員選舉,花蓮縣第7選舉區,葉微琪,無,1970,4
111年縣市議員選舉,花蓮縣第7選舉區,哈尼・噶照 Hani Kacaw,無,1980,5
111年縣市議員選舉,花蓮縣第8選舉區,程美蓮,中國國民黨,1968,3
111年縣市議員選舉,花蓮縣第8選舉區,田韻馨,無,1976,2
111年縣市議員選舉,花蓮縣第8選舉區,連一龍,無,1974,1
111年縣市議員選舉,花蓮縣第9選舉區,吳香蘭 Hisa・Sakay,中國國民黨,1949,1
111年縣市議員選舉,花蓮縣第9選舉區,簡智隆,無,1977,2
111年縣市議員選舉,金門縣第1選舉區,楊霈璿,無,1994,4
111年縣市議員選舉,金門縣第1選舉區,董森堡,無,1978,15
111年縣市議員選舉,金門縣第1選舉區,石永城,無,1973,2
111年縣市議員選舉,金門縣第1選舉區,許玉昭,中國國民黨,1965,3
111年縣市議員選舉,金門縣第1選舉區,洪允典,中國國民黨,1952,9
111年縣市議員選舉,金門縣第1選舉區,胡凱宇,無,1986,16
111年縣市議員選舉,金門縣第1選舉區,李養生,無,1952,10
111年縣市議員選舉,金門縣第1選舉區,歐陽儀雄,中國國民黨,1973,1
111年縣市議員選舉,金門縣第1選舉區,唐麗輝,無,1957,11
111年縣市議員選舉,金門縣第1選舉區,翁文奧,無,1969,14
111年縣市議員選舉,金門縣第1選舉區,王碧珍,無,1959,12
111年縣市議員選舉,金門縣第2選舉區,林長鴻,中國國民黨,1967,11
111年縣市議員選舉,金門縣第2選舉區,周子傑,中國國民黨,1973,8
111年縣市議員選舉,金門縣第2選舉區,馬自壯,中國國民黨,1976,6
111年縣市議員選舉,金門縣第2選舉區,蔡水游,無,1957,10
111年縣市議員選舉,金門縣第2選舉區,吳金鏷,無,1966,3
111年縣市議員選舉,金門縣第2選舉區,王國代,中國國民黨,1970,5
111年縣市議員選舉,金門縣第3選舉區,洪成發,中國國民黨,1952,1
111年縣市議員選舉,金門縣第3選舉區,洪鴻斌,無,1969,3
111年縣市議員選舉,南投縣第1選舉區,曾振炎,無,1961,21
111年縣市議員選舉,南投縣第1選舉區,林憶如,中國國民黨,1976,3
111年縣市議員選舉,南投縣第1選舉區,王燕珠,無,1962,2
111年縣市議員選舉,南投縣第1選舉區,史祝賢,無,1967,24
111年縣市議員選舉,南投縣第1選舉區,紀百鍊,中國國民黨,1973,6
111年縣市議員選舉,南投縣第1選舉區,蔡宗智,無,1979,13
111年縣市議員選舉,南投縣第1選舉區,洪志杰,無,1972,26
111年縣市議員選舉,南投縣第1選舉區,史雪燕,中國國民黨,1976,12
111年縣市議員選舉,南投縣第1選舉區,洪明科,無,1971,1
111年縣市議員選舉,南投縣第1選舉區,洪浩原,中國國民黨,1985,4
111年縣市議員選舉,南投縣第1選舉區,張雅琪,無,1981,9
111年縣市議員選舉,南投縣第1選舉區,楊玉秀,民主進步黨,1970,25
111年縣市議員選舉,南投縣第1選舉區,宋懷琳,中國國民黨,1955,19
111年縣市議員選舉,南投縣第1選舉區,張秀枝,無,1958,22
111年縣市議員選舉,南投縣第2選舉區,廖梓佑,民主進步黨,1958,1
111年縣市議員選舉,南投縣第2選舉區,唐曉棻,中國國民黨,1968,6
111年縣市議員選舉,南投縣第2選舉區,蔡銘軒,民主進步黨,1984,9
111年縣市議員選舉,南投縣第2選舉區,簡峻庭,無,1953,11
111年縣市議員選舉,南投縣第2選舉區,簡賜勝,無,1967,3
111年縣市議員選舉,南投縣第2選舉區,莊士傑,無,1973,4
111年縣市議員選舉,南投縣第2選舉區,廖明川,無,1966,12
111年縣市議員選舉,南投縣第2選舉區,邱淑君,無,1974,10
111年縣市議員選舉,南投縣第2選舉區,李洲忠,中國國民黨,1962,2
111年縣市議員選舉,南投縣第3選舉區,謝明謀,中國國民黨,1950,5
111年縣市議員選舉,南投縣第3選舉區,王秋淑,民主進步黨,1973,4
111年縣市議員選舉,南投縣第3選舉區,林良政,民主進步黨,1961,1
111年縣市議員選舉,南投縣第4選舉區,黃東灝,中國國民黨,1960,2
111年縣市議員選舉,南投縣第4選舉區,游顥,中國國民黨,1983,5
111年縣市議員選舉,南投縣第4選舉區,何勝豐,無,1957,7
111年縣市議員選舉,南投縣第4選舉區,蔡孟娥,無,1968,3
111年縣市議員選舉,南投縣第5選舉區,潘一全,中國國民黨,1970,8
111年縣市議員選舉,南投縣第5選舉區,吳國昌,無,1955,3
111年縣市議員選舉,南投縣第5選舉區,戴世詮,無,1968,4
111年縣市議員選舉,南投縣第5選舉區,陳淯程,無,1956,1
111年縣市議員選舉,南投縣第5選舉區,陳宜君,民主進步黨,1966,2
111年縣市議員選舉,南投縣第5選舉區,葉仁創,民主進步黨,1975,9
111年縣市議員選舉,南投縣第5選舉區,黃世芳,中國國民黨,1976,6
111年縣市議員選舉,南投縣第5選舉區,林芳伃,中國國民黨,1962,5
111年縣市議員選舉,南投縣第5選舉區,王彩雲,中國國民黨,1962,7
111年縣市議員選舉,南投縣第7選舉區,王榮儀,無,1974,1
111年縣市議員選舉,屏東縣第10選舉區,梁明輝,無,1956,2
111年縣市議員選舉,屏東縣第10選舉區,高惠芬,中國國民黨,1955,1
111年縣市議員選舉,屏東縣第11選舉區,何長成,無,1963,1
111年縣市議員選舉,屏東縣第12選舉區,許蘭花,無,1969,1
111年縣市議員選舉,屏東縣第13選舉區,柯自強 Langalang・Palivulj,無,1969,1
111年縣市議員選舉,屏東縣第14選舉區,李振榮,無,1962,1
111年縣市議員選舉,屏東縣第14選舉區,李紀財 Mulaneng Paliuliu,無,1956,2
111年縣市議員選舉,屏東縣第15選舉區,林采穎,無,1960,1
111年縣市議員選舉,屏東縣第16選舉區,柯海燕,無,1959,3
111年縣市議員選舉,屏東縣第16選舉區,杜仁勇,無,1952,2
111年縣市議員選舉,屏東縣第1選舉區,蔣月惠,無,1959,7
111年縣市議員選舉,屏東縣第1選舉區,鍾明輝,民主進步黨,1955,22
111年縣市議員選舉,屏東縣第1選舉區,陳哲蕙,無,1984,18
111年縣市議員選舉,屏東縣第1選舉區,張平原,無,1965,23
111年縣市議員選舉,屏東縣第1選舉區,蔣家煌,無,1962,10
111年縣市議員選舉,屏東縣第1選舉區,林明順,無,1954,25
111年縣市議員選舉,屏東縣第1選舉區,陳揚,中國國民黨,1988,15
111年縣市議員選舉,屏東縣第1選舉區,李世斌,民主進步黨,1962,24
111年縣市議員選舉,屏東縣第1選舉區,吳尤敏,民主進步黨,1969,2
111年縣市議員選舉,屏東縣第1選舉區,方一祥,民主進步黨,1976,19
111年縣市議員選舉,屏東縣第1選舉區,蘇資婷,中國國民黨,1976,9
111年縣市議員選舉,屏東縣第1選舉區,曾義雄,中國國民黨,1961,13
111年縣市議員選舉,屏東縣第1選舉區,唐玉琴,中國國民黨,1955,11
111年縣市議員選舉,屏東縣第1選舉區,方華雄,中國國民黨,1978,20
111年縣市議員選舉,屏東縣第1選舉區,鄭清原,無,1966,1
111年縣市議員選舉,屏東縣第2選舉區,盧文瑞,無,1957,12
111年縣市議員選舉,屏東縣第2選舉區,柯信行,無,1963,9
111年縣市議員選舉,屏東縣第2選舉區,吳亮慶,民主進步黨,1954,2
111年縣市議員選舉,屏東縣第2選舉區,葉明博,無,1956,5
111年縣市議員選舉,屏東縣第2選舉區,何春美,中國國民黨,1954,7
111年縣市議員選舉,屏東縣第2選舉區,王景山,中國國民黨,1963,4
111年縣市議員選舉,屏東縣第2選舉區,宋麗華,中國國民黨,1968,8
111年縣市議員選舉,屏東縣第2選舉區,許重慶,民主進步黨,1960,10
111年縣市議員選舉,屏東縣第3選舉區,洪明江,民主進步黨,1956,12
111年縣市議員選舉,屏東縣第3選舉區,利八魁,民主進步黨,1951,2
111年縣市議員選舉,屏東縣第3選舉區,許馨勻,中國國民黨,1979,7
111年縣市議員選舉,屏東縣第3選舉區,林郁虹,無,1962,13
111年縣市議員選舉,屏東縣第3選舉區,李世淦,中國國民黨,1975,10
111年縣市議員選舉,屏東縣第3選舉區,潘連周,無,1964,1
111年縣市議員選舉,屏東縣第3選舉區,黃建溢,民主進步黨,1981,5
111年縣市議員選舉,屏東縣第3選舉區,潘長成,台灣團結聯盟,1965,3
111年縣市議員選舉,屏東縣第3選舉區,徐榮耀,中國國民黨,1952,6
111年縣市議員選舉,屏東縣第4選舉區,何輝能,民主進步黨,1949,11
111年縣市議員選舉,屏東縣第4選舉區,方天仕,民主進步黨,1958,13
111年縣市議員選舉,屏東縣第4選舉區,郭再添,無,1973,9
111年縣市議員選舉,屏東縣第4選舉區,鄭張常敏,無,1953,2
111年縣市議員選舉,屏東縣第4選舉區,劉孟君,民主進步黨,1975,8
111年縣市議員選舉,屏東縣第4選舉區,許展維,民主進步黨,1972,7
111年縣市議員選舉,屏東縣第4選舉區,周典論,中國國民黨,1955,3
111年縣市議員選舉,屏東縣第4選舉區,方文正,民主進步黨,1962,6
111年縣市議員選舉,屏東縣第4選舉區,林蔡鳯梅,無,1959,5
111年縣市議員選舉,屏東縣第4選舉區,洪宗麒,中國國民黨,1976,12
111年縣市議員選舉,屏東縣第5選舉區,羅平道,民主進步黨,1967,5
111年縣市議員選舉,屏東縣第5選舉區,周碧雲,民主進步黨,1972,1
111年縣市議員選舉,屏東縣第5選舉區,王啟敏,中國國民黨,1955,3
111年縣市議員選舉,屏東縣第5選舉區,黃盈裕,無,1978,4
111年縣市議員選舉,屏東縣第6選舉區,李建華,民主進步黨,1974,6
111年縣市議員選舉,屏東縣第6選舉區,曾瓊慧,無,1967,7
111年縣市議員選舉,屏東縣第6選舉區,張榮志,中國國民黨,1959,1
111年縣市議員選舉,屏東縣第6選舉區,盧玟欣,中國國民黨,1987,4
111年縣市議員選舉,屏東縣第6選舉區,張怡,無,1976,3
111年縣市議員選舉,屏東縣第6選舉區,郭麗玲,無,1967,2
111年縣市議員選舉,屏東縣第7選舉區,王薇茗,無,1984,1
111年縣市議員選舉,屏東縣第7選舉區,許允良,無,1964,3
111年縣市議員選舉,屏東縣第8選舉區,潘坤福,中國國民黨,1957,3
111年縣市議員選舉,屏東縣第8選舉區,潘世杰,無,1963,1
111年縣市議員選舉,屏東縣第9選舉區,張利惠,中國國民黨,1960,2
111年縣市議員選舉,屏東縣第9選舉區,江金妹,無,1963,1
111年縣市議員選舉,苗栗縣第1選舉區,湯維岳,無,1948,3
111年縣市議員選舉,苗栗縣第1選舉區,禹耀東,無,1958,1
111年縣市議員選舉,苗栗縣第1選舉區,曾美露,中國國民黨,1955,2
111年縣市議員選舉,苗栗縣第1選舉區,謝庚霖,中國國民黨,1960,15
111年縣市議員選舉,苗栗縣第1選舉區,許櫻萍,民主進步黨,1976,4
111年縣市議員選舉,苗栗縣第1選舉區,徐筱菁,民主進步黨,1979,10
111年縣市議員選舉,苗栗縣第1選舉區,鄭碧玉,中國國民黨,1956,11
111年縣市議員選舉,苗栗縣第1選舉區,楊明燁,無,1985,16
111年縣市議員選舉,苗栗縣第1選舉區,張志宇,無,1976,5
111年縣市議員選舉,苗栗縣第1選舉區,楊喬安,台灣民眾黨,1977,12
111年縣市議員選舉,苗栗縣第1選舉區,余文忠,無,1970,13
111年縣市議員選舉,苗栗縣第1選舉區,孫素娥,無,1954,6
111年縣市議員選舉,苗栗縣第1選舉區,莊智凱,無,1976,9
111年縣市議員選舉,苗栗縣第2選舉區,羅貴星,民主進步黨,1961,5
111年縣市議員選舉,苗栗縣第2選舉區,黃芳椿,中國國民黨,1955,4
111年縣市議員選舉,苗栗縣第2選舉區,吳昌運,無,1964,3
111年縣市議員選舉,苗栗縣第3選舉區,劉寶鈴,無,1969,5
111年縣市議員選舉,苗栗縣第3選舉區,周玉滿,無,1962,6
111年縣市議員選舉,苗栗縣第3選舉區,陳品安,無,1984,2
111年縣市議員選舉,苗栗縣第3選舉區,徐永煌,無,1970,4
111年縣市議員選舉,苗栗縣第3選舉區,孟文源,無,1975,8
111年縣市議員選舉,苗栗縣第3選舉區,張顧礫,無,1971,1
111年縣市議員選舉,苗栗縣第3選舉區,傅郁揚,台灣民眾黨,1982,3
111年縣市議員選舉,苗栗縣第4選舉區,林寶珠,無,1951,4
111年縣市議員選舉,苗栗縣第4選舉區,李文斌,無,1973,1
111年縣市議員選舉,苗栗縣第4選舉區,徐明傑,無,1968,7
111年縣市議員選舉,苗栗縣第4選舉區,廖英利,無,1953,10
111年縣市議員選舉,苗栗縣第4選舉區,鄭秋風,中國國民黨,1958,12
111年縣市議員選舉,苗栗縣第4選舉區,張佳玲,無,1984,5
111年縣市議員選舉,苗栗縣第4選舉區,陳碧華,無,1954,8
111年縣市議員選舉,苗栗縣第4選舉區,廖秀紅,無,1955,14
111年縣市議員選舉,苗栗縣第4選舉區,蕭國清,無,1970,9
111年縣市議員選舉,苗栗縣第4選舉區,謝端容,台灣民眾黨,1957,13
111年縣市議員選舉,苗栗縣第5選舉區,陳詩弦,民主進步黨,1984,16
111年縣市議員選舉,苗栗縣第5選舉區,徐功凡,無,1982,17
111年縣市議員選舉,苗栗縣第5選舉區,陳光軒,民主進步黨,1985,4
111年縣市議員選舉,苗栗縣第5選舉區,陳永賢,無,1956,12
111年縣市議員選舉,苗栗縣第5選舉區,黃聲全,無,1952,6
111年縣市議員選舉,苗栗縣第5選舉區,曾宛菁,中華統一促進黨,1985,3
111年縣市議員選舉,苗栗縣第5選舉區,温俊勇,無,1976,10
111年縣市議員選舉,苗栗縣第5選舉區,鄭聚然,中國國民黨,1960,21
111年縣市議員選舉,苗栗縣第5選舉區,張淑芬,中國國民黨,1971,8
111年縣市議員選舉,苗栗縣第5選舉區,黃桂坤,無,1963,11
111年縣市議員選舉,苗栗縣第5選舉區,曾玟學,無,1987,5
111年縣市議員選舉,苗栗縣第6選舉區,陳春暖,民主進步黨,1964,4
111年縣市議員選舉,苗栗縣第6選舉區,楊恭林,無,1961,3
111年縣市議員選舉,苗栗縣第6選舉區,胡娘妹,無,1956,2
111年縣市議員選舉,苗栗縣第8選舉區,劉美蘭 Iwan・Sigiy,中國國民黨,1962,1
111年縣市議員選舉,基隆市第1選舉區,張顥瀚,民主進步黨,1990,6
111年縣市議員選舉,基隆市第1選舉區,張淵翔,中國國民黨,1977,1
111年縣市議員選舉,基隆市第1選舉區,呂美玲,中國國民黨,1964,2
111年縣市議員選舉,基隆市第1選舉區,藍敏煌,中國國民黨,1967,4
111年縣市議員選舉,基隆市第2選舉區,陳軍佐,民主進步黨,1979,1
111年縣市議員選舉,基隆市第2選舉區,陳宜,民主進步黨,1986,6
111年縣市議員選舉,基隆市第2選舉區,何淑萍,中國國民黨,1971,7
111年縣市議員選舉,基隆市第2選舉區,江鑒育,中國國民黨,1960,2
111年縣市議員選舉,基隆市第2選舉區,韓世昱,中國國民黨,1988,5
111年縣市議員選舉,基隆市第3選舉區,鄭文婷,民主進步黨,1968,3
111年縣市議員選舉,基隆市第3選舉區,張芳麗,中國國民黨,1952,7
111年縣市議員選舉,基隆市第3選舉區,曾紀嚴,中國國民黨,1976,1
111年縣市議員選舉,基隆市第3選舉區,童子瑋,民主進步黨,1986,2
111年縣市議員選舉,基隆市第3選舉區,莊榮欽,中國國民黨,1957,5
111年縣市議員選舉,基隆市第4選舉區,施偉政,民主進步黨,1981,6
111年縣市議員選舉,基隆市第4選舉區,張秉鈞,民主進步黨,1981,2
111年縣市議員選舉,基隆市第4選舉區,張哲源,無,1984,5
111年縣市議員選舉,基隆市第4選舉區,郭美秀,親民黨,1964,4
111年縣市議員選舉,基隆市第4選舉區,宋瑋莉,中國國民黨,1957,1
111年縣市議員選舉,基隆市第4選舉區,莊敬聖,中國國民黨,1974,8
111年縣市議員選舉,基隆市第5選舉區,洪森永,民主進步黨,1965,1
111年縣市議員選舉,基隆市第5選舉區,張之豪,民主進步黨,1981,9
111年縣市議員選舉,基隆市第5選舉區,秦鉦,中國國民黨,1953,3
111年縣市議員選舉,基隆市第5選舉區,張銘傑,無,1950,13
111年縣市議員選舉,基隆市第5選舉區,莊錦田,親民黨,1953,4
111年縣市議員選舉,基隆市第5選舉區,林沛祥,中國國民黨,1977,5
111年縣市議員選舉,基隆市第5選舉區,鄭愷玲,中國國民黨,1970,11
111年縣市議員選舉,基隆市第5選舉區,俞叁發,中國國民黨,1965,6
111年縣市議員選舉,基隆市第5選舉區,李偉華,無,1959,10
111年縣市議員選舉,基隆市第5選舉區,許超勝,無,1968,7
111年縣市議員選舉,基隆市第6選舉區,林旻勳,無,1990,4
111年縣市議員選舉,基隆市第6選舉區,連恩典,中國國民黨,1958,3
111年縣市議員選舉,基隆市第7選舉區,張耿輝,無,1961,5
111年縣市議員選舉,基隆市第7選舉區,蔡旺璉,中國國民黨,1954,4
111年縣市議員選舉,基隆市第8選舉區,拔耐・茹妮老王,無,1971,1
111年縣市議員選舉,基隆市第8選舉區,陳明建,無,1962,3
111年縣市議員選舉,連江縣第1選舉區,林明揚,中國國民黨,1963,7
111年縣市議員選舉,連江縣第1選舉區,曹丞君,中國國民黨,1976,2
111年縣市議員選舉,連江縣第1選舉區,曹以標,無,1963,5
111年縣市議員選舉,連江縣第1選舉區,曹爾章,無,1970,1
111年縣市議員選舉,連江縣第1選舉區,林惠萍,無,1973,6
111年縣市議員選舉,連江縣第1選舉區,楊清宇,中國國民黨,1974,8
111年縣市議員選舉,連江縣第1選舉區,陳書建,中國國民黨,1957,4
111年縣市議員選舉,連江縣第2選舉區,周瑞國,中國國民黨,1969,1
111年縣市議員選舉,連江縣第2選舉區,陳玉發,中國國民黨,1960,3
111年縣市議員選舉,連江縣第2選舉區,陳如嵐,中國國民黨,1970,2
111年縣市議員選舉,連江縣第3選舉區,陳貽斌,中國國民黨,1969,2
111年縣市議員選舉,連江縣第4選舉區,馮印才,無,1962,1
111年縣市議員選舉,連江縣第4選舉區,張永江,中國國民黨,1960,2
111年縣市議員選舉,雲林縣第1選舉區,廖郁賢,無,1991,9
111年縣市議員選舉,雲林縣第1選舉區,曾博鴻,民主進步黨,1980,18
111年縣市議員選舉,雲林縣第1選舉區,鄭自勤,無,1980,11
111年縣市議員選舉,雲林縣第1選舉區,周秀月,民主進步黨,1956,8
111年縣市議員選舉,雲林縣第1選舉區,林岳璋,無,1971,7
111年縣市議員選舉,雲林縣第1選舉區,張維崢,民主進步黨,1968,12
111年縣市議員選舉,雲林縣第1選舉區,賴淑娞,中國國民黨,1962,10
111年縣市議員選舉,雲林縣第1選舉區,王又民,中國國民黨,1974,1
111年縣市議員選舉,雲林縣第1選舉區,江文登,民主進步黨,1971,4
111年縣市議員選舉,雲林縣第1選舉區,鍾明馨,無,1966,17
111年縣市議員選舉,雲林縣第1選舉區,黃勝志,中國國民黨,1981,14
111年縣市議員選舉,雲林縣第1選舉區,陳永修,中國國民黨,1982,2
111年縣市議員選舉,雲林縣第1選舉區,呂宜臻,無,1990,16
111年縣市議員選舉,雲林縣第2選舉區,吳滄得,民主進步黨,1952,12
111年縣市議員選舉,雲林縣第2選舉區,張庭綺,民主進步黨,1980,4
111年縣市議員選舉,雲林縣第2選舉區,顏忠義,無,1972,2
111年縣市議員選舉,雲林縣第2選舉區,簡慈坊,無,1981,9
111年縣市議員選舉,雲林縣第2選舉區,沈銘恭,無,1966,8
111年縣市議員選舉,雲林縣第2選舉區,賴明源,無,1964,11
111年縣市議員選舉,雲林縣第2選舉區,王秋足,中國國民黨,1954,10
111年縣市議員選舉,雲林縣第2選舉區,彭新銘,無,1991,1
111年縣市議員選舉,雲林縣第3選舉區,陳乙辰,台灣民眾黨,1987,1
111年縣市議員選舉,雲林縣第3選舉區,蔡秋敏,民主進步黨,1961,3
111年縣市議員選舉,雲林縣第3選舉區,林武正,民主進步黨,1972,13
111年縣市議員選舉,雲林縣第3選舉區,王鈺齊,台灣團結聯盟,1974,2
111年縣市議員選舉,雲林縣第3選舉區,李政峯,民主進步黨,1976,8
111年縣市議員選舉,雲林縣第3選舉區,黃凱,無,1974,11
111年縣市議員選舉,雲林縣第3選舉區,黃美瑤,無,1968,7
111年縣市議員選舉,雲林縣第3選舉區,張維心,無,1977,10
111年縣市議員選舉,雲林縣第3選舉區,蔡明水,無,1957,5
111年縣市議員選舉,雲林縣第3選舉區,陳俊龍,無,1969,12
111年縣市議員選舉,雲林縣第3選舉區,林明進,無,1954,14
111年縣市議員選舉,雲林縣第4選舉區,游淑雲,無,1976,3
111年縣市議員選舉,雲林縣第4選舉區,洪如萍,民主進步黨,1978,4
111年縣市議員選舉,雲林縣第4選舉區,鄭玲惠,民主進步黨,1961,2
111年縣市議員選舉,雲林縣第4選舉區,梁銘忠,無,1966,5
111年縣市議員選舉,雲林縣第4選舉區,廖偉晴,中國國民黨,1975,6
111年縣市議員選舉,雲林縣第5選舉區,吳蕙蘭,無,1967,5
111年縣市議員選舉,雲林縣第5選舉區,張揚科,無,1972,2
111年縣市議員選舉,雲林縣第5選舉區,許留賓,無,1963,10
111年縣市議員選舉,雲林縣第5選舉區,蘇國瓏,無,1972,11
111年縣市議員選舉,雲林縣第5選舉區,蔡永富,民主進步黨,1971,3
111年縣市議員選舉,雲林縣第5選舉區,陳清圳,無,1958,1
111年縣市議員選舉,雲林縣第5選舉區,林深,中國國民黨,1958,7
111年縣市議員選舉,雲林縣第5選舉區,王英文,無,1971,8
111年縣市議員選舉,雲林縣第5選舉區,丁慶錡,台灣君民黨,1975,6
111年縣市議員選舉,雲林縣第6選舉區,蔡咏鍀,無,1961,4
111年縣市議員選舉,雲林縣第6選舉區,蔡岳儒,民主進步黨,1975,7
111年縣市議員選舉,雲林縣第6選舉區,林哲凌,無,1963,2
111年縣市議員選舉,雲林縣第6選舉區,黃文祥,無,1962,5
111年縣市議員選舉,雲林縣第6選舉區,蔡孟真,民主進步黨,1977,6
111年縣市議員選舉,雲林縣第6選舉區,蕭慧敏,無,1960,3
111年縣市議員選舉,雲林縣第6選舉區,王新堯,台灣民眾黨,1971,1
111年縣市議員選舉,新竹市第1選舉區,戴朝琴,無,1964,17
111年縣市議員選舉,新竹市第1選舉區,鄭美娟,民主進步黨,1983,23
111年縣市議員選舉,新竹市第1選舉區,蔡惠婷,時代力量,1982,21
111年縣市議員選舉,新竹市第1選舉區,余邦彥,無,1971,5
111年縣市議員選舉,新竹市第1選舉區,黃文政,中國國民黨,1970,19
111年縣市議員選舉,新竹市第1選舉區,鍾淑英,中國國民黨,1956,14
111年縣市議員選舉,新竹市第1選舉區,林志雅,無,1962,12
111年縣市議員選舉,新竹市第1選舉區,段孝芳,中國國民黨,1960,8
111年縣市議員選舉,新竹市第1選舉區,曾資程,民主進步黨,1966,22
111年縣市議員選舉,新竹市第1選舉區,陳錫文,台灣民眾黨,1984,2
111年縣市議員選舉,新竹市第1選舉區,張祖琰,中國國民黨,1951,10
111年縣市議員選舉,新竹市第1選舉區,李國璋,台灣民眾黨,1970,3
111年縣市議員選舉,新竹市第1選舉區,劉崇顯,綠黨,1990,7
111年縣市議員選舉,新竹市第1選舉區,王銘宗,無,1957,20
111年縣市議員選舉,新竹市第1選舉區,陳珍裕,無,1979,4
111年縣市議員選舉,新竹市第2選舉區,許修睿,中國國民黨,1966,4
111年縣市議員選舉,新竹市第2選舉區,何智昌,無,1959,1
111年縣市議員選舉,新竹市第2選舉區,徐美惠,中國國民黨,1969,6
111年縣市議員選舉,新竹市第2選舉區,施乃如,民主進步黨,1977,5
111年縣市議員選舉,新竹市第2選舉區,王岢鈺,小民參政歐巴桑聯盟,1979,2
111年縣市議員選舉,新竹市第2選舉區,何佳樺,無,1964,8
111年縣市議員選舉,新竹市第2選舉區,田雅芳,無,1985,3
111年縣市議員選舉,新竹市第4選舉區,蕭志潔,中國國民黨,1960,8
111年縣市議員選舉,新竹市第4選舉區,黃美慧,中國國民黨,1968,6
111年縣市議員選舉,新竹市第4選舉區,顏政德,無,1965,4
111年縣市議員選舉,新竹市第4選舉區,蔡文盛,台灣民眾黨,1976,3
111年縣市議員選舉,新竹市第4選舉區,彭昆耀,無,1951,7
111年縣市議員選舉,新竹市第4選舉區,孫鍚洲,無,1956,2
111年縣市議員選舉,新竹市第4選舉區,黃世禮,無,1963,9
111年縣市議員選舉,新竹市第4選舉區,劉康彥,民主進步黨,1988,5
111年縣市議員選舉,新竹市第5選舉區,陳慶齡,中國國民黨,1972,1
111年縣市議員選舉,新竹市第5選舉區,廖子齊,時代力量,1985,4
111年縣市議員選舉,新竹市第5選舉區,葉國文,台灣民眾黨,1972,3
111年縣市議員選舉,新竹市第5選舉區,林盈徹,民主進步黨,1980,2
111年縣市議員選舉,新竹市第5選舉區,鄭成光,無,1949,8
111年縣市議員選舉,新竹市第5選舉區,陳啓源,無,1966,7
111年縣市議員選舉,新竹市第6選舉區,林慈愛,中國國民黨,1972,1
111年縣市議員選舉,新竹縣第10選舉區,范文鴻,民主進步黨,1975,2
111年縣市議員選舉,新竹縣第10選舉區,王辰翔,中國國民黨,1989,1
111年縣市議員選舉,新竹縣第11選舉區,林秉君 Kaying・Kuying・Kalang,中國國民黨,1984,2
111年縣市議員選舉,新竹縣第12選舉區,劉建民,中國國民黨,1976,2
111年縣市議員選舉,新竹縣第12選舉區,林世偉,無,1967,1
111年縣市議員選舉,新竹縣第13選舉區,張益生,中國國民黨,1975,1
111年縣市議員選舉,新竹縣第1選舉區,吳旭智,中國國民黨,1976,7
111年縣市議員選舉,新竹縣第1選舉區,蔡蕥鍹,民主進步黨,1978,2
111年縣市議員選舉,新竹縣第1選舉區,許育綸,勞動黨,1984,11
111年縣市議員選舉,新竹縣第1選舉區,林禹佑,無,1990,1
111年縣市議員選舉,新竹縣第1選舉區,林祺軒,無,1983,16
111年縣市議員選舉,新竹縣第1選舉區,陳凱榮,中國國民黨,1962,18
111年縣市議員選舉,新竹縣第1選舉區,歐陽霆,民主進步黨,1991,13
111年縣市議員選舉,新竹縣第1選舉區,張珈源,民主進步黨,1976,6
111年縣市議員選舉,新竹縣第1選舉區,王炳漢,中國國民黨,1968,8
111年縣市議員選舉,新竹縣第1選舉區,林增堂,中國國民黨,1963,5
111年縣市議員選舉,新竹縣第1選舉區,陳冠宇,綠黨,1990,3
111年縣市議員選舉,新竹縣第1選舉區,杜文中,中國國民黨,1967,9
111年縣市議員選舉,新竹縣第1選舉區,朱健銘,無,1980,15
111年縣市議員選舉,新竹縣第1選舉區,連郁婷,時代力量,1987,19
111年縣市議員選舉,新竹縣第1選舉區,陳立基,台灣民眾黨,1973,17
111年縣市議員選舉,新竹縣第1選舉區,林碩彥,台灣民眾黨,1976,12
111年縣市議員選舉,新竹縣第1選舉區,邱靖雅,無,1972,14
111年縣市議員選舉,新竹縣第1選舉區,蔡志環,中國國民黨,1959,4
111年縣市議員選舉,新竹縣第1選舉區,鄭美琴,無,1954,21
111年縣市議員選舉,新竹縣第2選舉區,陳栢誠,中國國民黨,1967,5
111年縣市議員選舉,新竹縣第2選舉區,萬正英,中國國民黨,1961,2
111年縣市議員選舉,新竹縣第2選舉區,羅美文,勞動黨,1951,9
111年縣市議員選舉,新竹縣第2選舉區,陳德木,中國國民黨,1958,7
111年縣市議員選舉,新竹縣第2選舉區,齊占翔,中國國民黨,1968,4
111年縣市議員選舉,新竹縣第2選舉區,何建樺,民主進步黨,1969,6
111年縣市議員選舉,新竹縣第2選舉區,吳菊花,中國國民黨,1960,3
111年縣市議員選舉,新竹縣第2選舉區,范振龍,中國國民黨,1961,1
111年縣市議員選舉,新竹縣第2選舉區,甄克堅,無,1970,8
111年縣市議員選舉,新竹縣第3選舉區,何智達,無,1954,3
111年縣市議員選舉,新竹縣第3選舉區,吳傳地,民主進步黨,1964,2
111年縣市議員選舉,新竹縣第3選舉區,張鎮榮,中國國民黨,1952,4
111年縣市議員選舉,新竹縣第4選舉區,羅仕琦,中國國民黨,1964,3
111年縣市議員選舉,新竹縣第5選舉區,林保祿,無,1957,3
111年縣市議員選舉,新竹縣第5選舉區,范曰富,中國國民黨,1960,2
111年縣市議員選舉,新竹縣第6選舉區,張良印,中國國民黨,1973,1
111年縣市議員選舉,新竹縣第6選舉區,張永奎,無,1964,2
111年縣市議員選舉,新竹縣第7選舉區,劉代洋,中國國民黨,1971,2
111年縣市議員選舉,新竹縣第7選舉區,鄭昱芸,無,1978,1
111年縣市議員選舉,新竹縣第8選舉區,范振港,無,1951,15
111年縣市議員選舉,新竹縣第8選舉區,呂幸潤,無,1986,1
111年縣市議員選舉,新竹縣第8選舉區,鄭朝鐘,無,1978,5
111年縣市議員選舉,新竹縣第8選舉區,林昭錡,無,1960,3
111年縣市議員選舉,新竹縣第8選舉區,楊昌德,民主進步黨,1961,7
111年縣市議員選舉,新竹縣第8選舉區,彭余美玲,中國國民黨,1963,12
111年縣市議員選舉,新竹縣第8選舉區,上官秋燕,中國國民黨,1957,4
111年縣市議員選舉,新竹縣第8選舉區,黃豪杰,中國國民黨,1970,16
111年縣市議員選舉,新竹縣第8選舉區,余筱菁,綠黨,1980,11
111年縣市議員選舉,新竹縣第8選舉區,范振東,無,1950,2
111年縣市議員選舉,新竹縣第8選舉區,劉興藻,無,1974,10
111年縣市議員選舉,新竹縣第8選舉區,林子丞,台灣民眾黨,1983,17
111年縣市議員選舉,新竹縣第9選舉區,邱坤桶,中國國民黨,1961,1
111年縣市議員選舉,嘉義市第1選舉區,凌子楚,民主進步黨,1965,8
111年縣市議員選舉,嘉義市第1選舉區,郭文居,無,1977,7
111年縣市議員選舉,嘉義市第1選舉區,李奕德,無,1983,17
111年縣市議員選舉,嘉義市第1選舉區,蔡永泉,台灣團結聯盟,1952,2
111年縣市議員選舉,嘉義市第1選舉區,黃盈智,民主進步黨,1972,6
111年縣市議員選舉,嘉義市第1選舉區,張榮藏,無,1942,3
111年縣市議員選舉,嘉義市第1選舉區,張敏琪,中國國民黨,1973,13
111年縣市議員選舉,嘉義市第1選舉區,黃露慧,民主進步黨,1967,11
111年縣市議員選舉,嘉義市第1選舉區,陳家平,中國國民黨,1968,4
111年縣市議員選舉,嘉義市第1選舉區,傅大偉,中國國民黨,1963,5
111年縣市議員選舉,嘉義市第1選舉區,林瑞霞,無,1954,1
111年縣市議員選舉,嘉義市第1選舉區,戴寧,無,1982,18
111年縣市議員選舉,嘉義市第2選舉區,王浩,時代力量,1957,8
111年縣市議員選舉,嘉義市第2選舉區,黃思婷,無,1987,18
111年縣市議員選舉,嘉義市第2選舉區,王冠鈞,無,1963,21
111年縣市議員選舉,嘉義市第2選舉區,莊豐安,無,1965,10
111年縣市議員選舉,嘉義市第2選舉區,孫貫志,無,1960,14
111年縣市議員選舉,嘉義市第2選舉區,李忠曆,無,1965,1
111年縣市議員選舉,嘉義市第2選舉區,蘇慶良,中國國民黨,1973,9
111年縣市議員選舉,嘉義市第2選舉區,蘇澤峰,無,1984,4
111年縣市議員選舉,嘉義市第2選舉區,蔡文旭,民主進步黨,1963,19
111年縣市議員選舉,嘉義市第2選舉區,陳姿妏,無,1962,16
111年縣市議員選舉,嘉義市第2選舉區,鄭光宏,中國國民黨,1979,20
111年縣市議員選舉,嘉義市第2選舉區,陳品蓁,民主進步黨,1971,12
111年縣市議員選舉,嘉義市第2選舉區,許明對,民主進步黨,1972,5
111年縣市議員選舉,嘉義市第2選舉區,林雪峰,中國國民黨,1969,15
111年縣市議員選舉,嘉義市第2選舉區,黃大祐,民主進步黨,1970,2
111年縣市議員選舉,嘉義縣第1選舉區,楊秀琴,無,1964,2
111年縣市議員選舉,嘉義縣第1選舉區,王啓澧,中國國民黨,1964,6
111年縣市議員選舉,嘉義縣第1選舉區,詹琬蓁,中國國民黨,1977,3
111年縣市議員選舉,嘉義縣第1選舉區,賴瓊如,無,1968,5
111年縣市議員選舉,嘉義縣第1選舉區,黃榮俊,民主進步黨,1963,9
111年縣市議員選舉,嘉義縣第1選舉區,黃榮利,民主進步黨,1955,1
111年縣市議員選舉,嘉義縣第2選舉區,陳福成,無,1958,5
111年縣市議員選舉,嘉義縣第2選舉區,簡嘉億,中國國民黨,1975,3
111年縣市議員選舉,嘉義縣第2選舉區,林淑完,民主進步黨,1959,11
111年縣市議員選舉,嘉義縣第3選舉區,劉雅文,民主進步黨,1981,9
111年縣市議員選舉,嘉義縣第3選舉區,吳思蓉,中國國民黨,1957,6
111年縣市議員選舉,嘉義縣第3選舉區,高義清,無,1974,7
111年縣市議員選舉,嘉義縣第3選舉區,陳信文,中國國民黨,1986,4
111年縣市議員選舉,嘉義縣第3選舉區,江志明,民主進步黨,1971,3
111年縣市議員選舉,嘉義縣第4選舉區,陳崇榮,無,1966,2
111年縣市議員選舉,嘉義縣第4選舉區,蔡奇璋,無,1960,7
111年縣市議員選舉,嘉義縣第4選舉區,呂文正,民主進步黨,1970,9
111年縣市議員選舉,嘉義縣第4選舉區,李國勝,中國國民黨,1964,10
111年縣市議員選舉,嘉義縣第4選舉區,黃嫈珺,民主進步黨,1983,6
111年縣市議員選舉,嘉義縣第4選舉區,姜梅紅,民主進步黨,1951,5
111年縣市議員選舉,嘉義縣第4選舉區,郭西川,無,1952,8
111年縣市議員選舉,嘉義縣第4選舉區,陳怡岳,民主進步黨,1974,3
111年縣市議員選舉,嘉義縣第5選舉區,黃金茂,無,1955,3
111年縣市議員選舉,嘉義縣第5選舉區,陳鳳梅,民主進步黨,1961,4
111年縣市議員選舉,嘉義縣第5選舉區,翁聰賢,民主進步黨,1971,2
111年縣市議員選舉,嘉義縣第6選舉區,凃文以,無,1956,4
111年縣市議員選舉,嘉義縣第6選舉區,陳柏麟,民主進步黨,1969,3
111年縣市議員選舉,嘉義縣第6選舉區,詹黃素蓮,中國國民黨,1953,11
111年縣市議員選舉,嘉義縣第6選舉區,蔡瀧賢,民主進步黨,1973,6
111年縣市議員選舉,嘉義縣第6選舉區,羅士洋,民主進步黨,1959,2
111年縣市議員選舉,嘉義縣第6選舉區,莊竣傑,無,1953,7
111年縣市議員選舉,嘉義縣第6選舉區,邱銀海,中國國民黨,1973,5
111年縣市議員選舉,嘉義縣第6選舉區,何子凡,無,1981,12
111年縣市議員選舉,嘉義縣第7選舉區,武清山,無,1962,1
111年縣市議員選舉,彰化縣第1選舉區,林茂明,無,1958,3
111年縣市議員選舉,彰化縣第1選舉區,洪信獻,無,1978,24
111年縣市議員選舉,彰化縣第1選舉區,吳明融,無,1963,11
111年縣市議員選舉,彰化縣第1選舉區,李寶銀,無,1978,1
111年縣市議員選舉,彰化縣第1選舉區,葉永清,中國國民黨,1968,19
111年縣市議員選舉,彰化縣第1選舉區,陳銌銌,無,1966,7
111年縣市議員選舉,彰化縣第1選舉區,宋玅女,無,1972,17
111年縣市議員選舉,彰化縣第1選舉區,黃千宴,中國國民黨,1972,15
111年縣市議員選舉,彰化縣第1選舉區,温芝樺,中國國民黨,1980,14
111年縣市議員選舉,彰化縣第1選舉區,李成濟,民主進步黨,1969,6
111年縣市議員選舉,彰化縣第1選舉區,顧黃水花,中國國民黨,1953,2
111年縣市議員選舉,彰化縣第1選舉區,許原龍,中國國民黨,1962,5
111年縣市議員選舉,彰化縣第1選舉區,吳韋達,時代力量,1984,16
111年縣市議員選舉,彰化縣第1選舉區,韓德生,中國國民黨,1973,22
111年縣市議員選舉,彰化縣第1選舉區,莊陞漢,民主進步黨,1978,8
111年縣市議員選舉,彰化縣第1選舉區,洪柏葳,無,1989,20
111年縣市議員選舉,彰化縣第1選舉區,白玉如,中國國民黨,1968,4
111年縣市議員選舉,彰化縣第2選舉區,郭燕陵,無,1994,6
111年縣市議員選舉,彰化縣第2選舉區,凃淑媚,中國國民黨,1964,4
111年縣市議員選舉,彰化縣第2選舉區,楊竣程,中國國民黨,1975,1
111年縣市議員選舉,彰化縣第2選舉區,鄭敬議,台灣民眾黨,1974,8
111年縣市議員選舉,彰化縣第2選舉區,施佩妤,無,1984,5
111年縣市議員選舉,彰化縣第2選舉區,楊妙月,民主進步黨,1970,3
111年縣市議員選舉,彰化縣第2選舉區,藍駿宇,民主進步黨,1991,2
111年縣市議員選舉,彰化縣第3選舉區,王國忠,民主進步黨,1962,5
111年縣市議員選舉,彰化縣第3選舉區,柯振杯,中國國民黨,1960,4
111年縣市議員選舉,彰化縣第3選舉區,賴清美,民主進步黨,1961,1
111年縣市議員選舉,彰化縣第3選舉區,周君綾,民主進步黨,1981,6
111年縣市議員選舉,彰化縣第3選舉區,林宗翰,無,1969,3
111年縣市議員選舉,彰化縣第3選舉區,施嘉華,中國國民黨,1985,7
111年縣市議員選舉,彰化縣第4選舉區,張錦昆,中國國民黨,1965,9
111年縣市議員選舉,彰化縣第4選舉區,凃俊任,中國國民黨,1978,3
111年縣市議員選舉,彰化縣第4選舉區,曹嘉豪,中國國民黨,1981,4
111年縣市議員選舉,彰化縣第4選舉區,張雪如,台灣民眾黨,1966,2
111年縣市議員選舉,彰化縣第4選舉區,賴澤民,民主進步黨,1984,12
111年縣市議員選舉,彰化縣第4選舉區,劉惠娟,中國國民黨,1972,10
111年縣市議員選舉,彰化縣第4選舉區,張欣倩,民主進步黨,1986,8
111年縣市議員選舉,彰化縣第4選舉區,詹閔雄,台灣維新,1973,5
111年縣市議員選舉,彰化縣第4選舉區,黃正盛,中國國民黨,1978,7
111年縣市議員選舉,彰化縣第5選舉區,陳清峰,無,1968,3
111年縣市議員選舉,彰化縣第5選舉區,洪本成,中國國民黨,1964,6
111年縣市議員選舉,彰化縣第5選舉區,歐陽蓁珠,民主進步黨,1955,7
111年縣市議員選舉,彰化縣第5選舉區,張春洋,無,1960,5
111年縣市議員選舉,彰化縣第5選舉區,陳玉姫,中國國民黨,1963,4
111年縣市議員選舉,彰化縣第6選舉區,許書維,民主進步黨,1973,7
111年縣市議員選舉,彰化縣第6選舉區,劉景滄,無,1970,4
111年縣市議員選舉,彰化縣第6選舉區,鄭俊雄,中國國民黨,1961,2
111年縣市議員選舉,彰化縣第7選舉區,李俊諭,民主進步黨,1958,3
111年縣市議員選舉,彰化縣第7選舉區,陳亞楠,無,1963,8
111年縣市議員選舉,彰化縣第7選舉區,李浩誠,中國國民黨,1973,1
111年縣市議員選舉,彰化縣第7選舉區,黃盛祿,無,1959,5
111年縣市議員選舉,彰化縣第7選舉區,吳錦潭,無,1957,6
111年縣市議員選舉,彰化縣第7選舉區,江熊一楓,民主進步黨,1952,7
111年縣市議員選舉,彰化縣第8選舉區,吳淑娟,無,1955,3
111年縣市議員選舉,彰化縣第8選舉區,蔡家豪,無,1986,4
111年縣市議員選舉,彰化縣第8選舉區,張國棟,中國國民黨,1958,6
111年縣市議員選舉,彰化縣第8選舉區,陳一惇,中國國民黨,1974,7
111年縣市議員選舉,彰化縣第8選舉區,洪騰明,民主進步黨,1975,5
111年縣市議員選舉,彰化縣第9選舉區,陳榮妹,中國國民黨,1963,1
111年縣市議員選舉,彰化縣第9選舉區,張新男,無,1961,2
111年縣市議員選舉,臺東縣第10選舉區,楊清順 Cinsun Pawtawan,中國國民黨,1969,1
111年縣市議員選舉,臺東縣第11選舉區,嚴惠美 Simoy・Sapod,無,1965,1
111年縣市議員選舉,臺東縣第11選舉區,楊秋珍,中國國民黨,1963,2
111年縣市議員選舉,臺東縣第11選舉區,武雪恩,無,1968,4
111年縣市議員選舉,臺東縣第11選舉區,高美珠,中國國民黨,1970,3
111年縣市議員選舉,臺東縣第12選舉區,古志成,中國國民黨,1971,1
111年縣市議員選舉,臺東縣第13選舉區,張全馨嵐,中國國民黨,1985,1
111年縣市議員選舉,臺東縣第13選舉區,余秀芳,無,1967,3
111年縣市議員選舉,臺東縣第14選舉區,章正輝 Lemaljiz・Kusaza,中國國民黨,1963,1
111年縣市議員選舉,臺東縣第15選舉區,林芳如,無,1968,1
111年縣市議員選舉,臺東縣第15選舉區,葉巴格力亞斯振宇,無,1965,2
111年縣市議員選舉,臺東縣第15選舉區,蔡玉玲,中國國民黨,1969,3
111年縣市議員選舉,臺東縣第16選舉區,黃碧妹,無,1962,1
111年縣市議員選舉,臺東縣第16選舉區,黃天德,無,1966,2
111年縣市議員選舉,臺東縣第1選舉區,吳景槐,無,1962,10
111年縣市議員選舉,臺東縣第1選舉區,黃治維,民主進步黨,1982,9
111年縣市議員選舉,臺東縣第1選舉區,余振維,民主進步黨,1979,11
111年縣市議員選舉,臺東縣第1選舉區,周達三,中國國民黨,1966,1
111年縣市議員選舉,臺東縣第1選舉區,陳允萍,無,1969,7
111年縣市議員選舉,臺東縣第1選舉區,劉秋美,無,1961,17
111年縣市議員選舉,臺東縣第1選舉區,王文怡,無,1977,16
111年縣市議員選舉,臺東縣第1選舉區,李建智,中國國民黨,1959,14
111年縣市議員選舉,臺東縣第1選舉區,林參天,無,1958,4
111年縣市議員選舉,臺東縣第1選舉區,吳秀華,中國國民黨,1973,5
111年縣市議員選舉,臺東縣第1選舉區,張國洲,中國國民黨,1957,19
111年縣市議員選舉,臺東縣第2選舉區,許文獻,民主進步黨,1965,2
111年縣市議員選舉,臺東縣第2選舉區,楊招信,中國國民黨,1954,1
111年縣市議員選舉,臺東縣第3選舉區,許進榮,無,1966,2
111年縣市議員選舉,臺東縣第4選舉區,張堯城,無,1967,5
111年縣市議員選舉,臺東縣第4選舉區,陳宏宗,無,1958,3
111年縣市議員選舉,臺東縣第4選舉區,林金樺,民主進步黨,1970,6
111年縣市議員選舉,臺東縣第4選舉區,戴文達,中國國民黨,1963,1
111年縣市議員選舉,臺東縣第5選舉區,翁麗吟,中國國民黨,1957,1
111年縣市議員選舉,臺東縣第5選舉區,林曉彤,無,1965,2
111年縣市議員選舉,臺東縣第6選舉區,林為德,無,1966,3
111年縣市議員選舉,臺東縣第6選舉區,王姷力,無,1969,2
111年縣市議員選舉,臺東縣第6選舉區,李數奼,中國國民黨,1955,4
111年縣市議員選舉,臺東縣第6選舉區,林誌鴻,無,1976,1
111年縣市議員選舉,臺東縣第7選舉區,陽昇宏,中國國民黨,1966,1
111年縣市議員選舉,臺東縣第7選舉區,陳政宗,無,1973,5
111年縣市議員選舉,臺東縣第7選舉區,方賢仁,中國國民黨,1956,4
111年縣市議員選舉,臺東縣第7選舉區,林琮翰,中國國民黨,1969,6
111年縣市議員選舉,臺東縣第7選舉區,林秀信,無,1946,3
111年縣市議員選舉,臺東縣第8選舉區,鄭崗山,中國國民黨,1970,1
111年縣市議員選舉,臺東縣第8選舉區,江堅壽,無,1959,2
111年縣市議員選舉,臺東縣第9選舉區,尤忠正,中國國民黨,1956,1
111年縣市議員選舉,澎湖縣第1選舉區,歐中慨,中國國民黨,1958,10
111年縣市議員選舉,澎湖縣第1選舉區,呂黃春金,民主進步黨,1960,6
111年縣市議員選舉,澎湖縣第1選舉區,胡松榮,無黨團結聯盟,1946,11
111年縣市議員選舉,澎湖縣第1選舉區,張再興,無,1952,9
111年縣市議員選舉,澎湖縣第1選舉區,劉陳昭玲,中國國民黨,1956,12
111年縣市議員選舉,澎湖縣第1選舉區,蘇陳綉色,無,1957,17
111年縣市議員選舉,澎湖縣第1選舉區,呂光宇,中國國民黨,1951,4
111年縣市議員選舉,澎湖縣第1選舉區,許國政,中國國民黨,1965,18
111年縣市議員選舉,澎湖縣第1選舉區,藍凱元,無,1976,8
111年縣市議員選舉,澎湖縣第2選舉區,吳政杰,中國國民黨,1967,3
111年縣市議員選舉,澎湖縣第2選舉區,蔡清續,民主進步黨,1957,2
111年縣市議員選舉,澎湖縣第2選舉區,許育愷,無,1965,1
111年縣市議員選舉,澎湖縣第4選舉區,許月里,無,1953,2
111年縣市議員選舉,澎湖縣第4選舉區,薛雲鴻,無,1962,1
111年縣市議員選舉,澎湖縣第5選舉區,陳佩真,無,1983,1
111年縣市議員選舉,澎湖縣第6選舉區,夏晨榮,無,1960,1
111年縣市議員選舉,澎湖縣第6選舉區,張仁和,無,1964,2
111年縣市議員選舉,南投縣第6選舉區,石慶龍 Rungquan・Lhkatafatu,無,1955,1
111年縣市議員選舉,南投縣第7選舉區,全文才 Balan・Soqluman,中國國民黨,1963,2
111年縣市議員選舉,南投縣第8選舉區,林婷立 Ali・Walis,中國國民黨,1979,2
111年縣市議員選舉,苗栗縣第7選舉區,楊文昌 Baiho・Watan,無,1960,2
111年縣市長選舉,高雄市,鄭宇翔,無,未知,1
111年縣市長選舉,高雄市,曾尹儷,無,未知,2
111年縣市長選舉,臺中市,陳美妃,無,未知,1
111年縣市長選舉,臺北市,張家豪,台灣動物保護黨,未知,1
111年縣市長選舉,臺北市,陳時中,民主進步黨,未知,12
111年縣市長選舉,臺北市,童文薰,無,未知,5
111年縣市長選舉,臺北市,鄭匡宇,無,未知,3
111年縣市長選舉,臺北市,黃聖峰,台澎黨,未知,4
111年縣市長選舉,臺北市,唐新民,無,未知,10
111年縣市長選舉,臺北市,王文娟,無,未知,2
111年縣市長選舉,臺北市,謝立康,無,未知,11
111年縣市議員選舉,桃園市第10選舉區,劉哲夫,無,未知,3
111年縣市議員選舉,桃園市第11選舉區,邱文威,無,未知,1
111年縣市議員選舉,桃園市第13選舉區,陳姿伶 Amuy ．Muwakay,中國國民黨,未知,6
111年縣市議員選舉,桃園市第13選舉區,林春蘭,親民黨,未知,4
111年縣市議員選舉,桃園市第13選舉區,蔡惠蘭,台灣維新,未知,7
111年縣市議員選舉,桃園市第14選舉區,蘇偉恩,無,未知,3
111年縣市議員選舉,桃園市第14選舉區,周星文,無,未知,2
111年縣市議員選舉,桃園市第14選舉區,歐蜜．偉浪,無,未知,1
111年縣市議員選舉,桃園市第14選舉區,湯宏鈞,無,未知,6
111年縣市議員選舉,桃園市第1選舉區,于北辰,無,未知,15
111年縣市議員選舉,桃園市第1選舉區,呂儀恬,無,未知,13
111年縣市議員選舉,桃園市第1選舉區,張凱翔,無,未知,23
111年縣市議員選舉,桃園市第1選舉區,張碩芳,中國國民黨,未知,27
111年縣市議員選舉,桃園市第1選舉區,凌濤,中國國民黨,未知,6
111年縣市議員選舉,桃園市第1選舉區,陳品杰,無,未知,20
111年縣市議員選舉,桃園市第1選舉區,藍士博,台灣基進,未知,1
111年縣市議員選舉,桃園市第1選舉區,連俊男,無,未知,8
111年縣市議員選舉,桃園市第2選舉區,陳葦澤,時代力量,未知,1
111年縣市議員選舉,桃園市第2選舉區,李宗豪,民主進步黨,未知,3
111年縣市議員選舉,桃園市第2選舉區,黃偉群,無,未知,5
111年縣市議員選舉,桃園市第3選舉區,呂宇晟,時代力量,未知,4
111年縣市議員選舉,桃園市第3選舉區,邱述文,無,未知,11
111年縣市議員選舉,桃園市第3選舉區,許家睿,民主進步黨,未知,1
111年縣市議員選舉,桃園市第3選舉區,趙宏勳,無,未知,10
111年縣市議員選舉,桃園市第3選舉區,伍世文,無,未知,3
111年縣市議員選舉,桃園市第4選舉區,徐鈺雯,時代力量,未知,8
111年縣市議員選舉,桃園市第4選舉區,余適霖,無,未知,1
111年縣市議員選舉,桃園市第4選舉區,錢龍,中國國民黨,未知,9
111年縣市議員選舉,桃園市第4選舉區,林宥辰,無,未知,7
111年縣市議員選舉,桃園市第6選舉區,徐慈檉,台灣民眾黨,未知,3
111年縣市議員選舉,桃園市第7選舉區,簡維成,無,未知,16
111年縣市議員選舉,桃園市第7選舉區,毛嘉慶,無,未知,20
111年縣市議員選舉,桃園市第7選舉區,林昭印,台灣民眾黨,未知,22
111年縣市議員選舉,桃園市第7選舉區,吳正吉,無,未知,11
111年縣市議員選舉,桃園市第7選舉區,游智彬,新黨,未知,19
111年縣市議員選舉,桃園市第7選舉區,黃柏儒,無,未知,6
111年縣市議員選舉,桃園市第7選舉區,李荳芽,小民參政歐巴桑聯盟,未知,7
111年縣市議員選舉,桃園市第7選舉區,謝克洋,中國國民黨,未知,3
111年縣市議員選舉,桃園市第8選舉區,高宇彥,無,未知,4
111年縣市議員選舉,桃園市第8選舉區,曾姸潔,台灣民眾黨,未知,6
111年縣市議員選舉,桃園市第8選舉區,陳韋曄,中國國民黨,未知,10
111年縣市議員選舉,桃園市第8選舉區,陳羽凡,中國國民黨,未知,11
111年縣市議員選舉,桃園市第9選舉區,蕭立妍,民主進步黨,未知,1
111年縣市議員選舉,桃園市第9選舉區,張清俊,台灣民眾黨,未知,4
111年縣市議員選舉,高雄市第10選舉區,黃彥毓,民主進步黨,未知,10
111年縣市議員選舉,高雄市第10選舉區,黃敬雅,台灣基進,未知,9
111年縣市議員選舉,高雄市第10選舉區,黃雍琇,民主進步黨,未知,4
111年縣市議員選舉,高雄市第10選舉區,湯茹婷,時代力量,未知,13
111年縣市議員選舉,高雄市第10選舉區,陳識明,中國國民黨,未知,15
111年縣市議員選舉,高雄市第10選舉區,余宗熹,無,未知,6
111年縣市議員選舉,高雄市第11選舉區,洪村銘,民主進步黨,未知,3
111年縣市議員選舉,高雄市第11選舉區,楊佩樺,台灣基進,未知,6
111年縣市議員選舉,高雄市第11選舉區,張雨柔,時代力量,未知,1
111年縣市議員選舉,高雄市第11選舉區,蔡永晶,無,未知,5
111年縣市議員選舉,高雄市第12選舉區,巫振興,民主進步黨,未知,2
111年縣市議員選舉,高雄市第12選舉區,余葆祈 FotolKila,無,未知,3
111年縣市議員選舉,高雄市第13選舉區,葛姵瑩,無,未知,1
111年縣市議員選舉,高雄市第14選舉區,林錫閔,無,未知,3
111年縣市議員選舉,高雄市第14選舉區,高忠德 Takiludun .Anu,無,未知,1
111年縣市議員選舉,高雄市第15選舉區,林榮昊,中國國民黨,未知,2
111年縣市議員選舉,高雄市第1選舉區,林慧欣,民主進步黨,未知,3
111年縣市議員選舉,高雄市第3選舉區,陳慶鴻,民主進步黨,未知,8
111年縣市議員選舉,高雄市第3選舉區,劉航遠,台灣基進,未知,2
111年縣市議員選舉,高雄市第3選舉區,黃思學,時代力量,未知,5
111年縣市議員選舉,高雄市第4選舉區,黃偵琳,民主進步黨,未知,17
111年縣市議員選舉,高雄市第4選舉區,陳子瑜,台灣基進,未知,18
111年縣市議員選舉,高雄市第4選舉區,鄭侑青,時代力量,未知,12
111年縣市議員選舉,高雄市第4選舉區,劉宥廷,無,未知,7
111年縣市議員選舉,高雄市第4選舉區,劉文晏,無,未知,1
111年縣市議員選舉,高雄市第4選舉區,白喬茵,中國國民黨,未知,3
111年縣市議員選舉,高雄市第5選舉區,黃飛鳳,民主進步黨,未知,1
111年縣市議員選舉,高雄市第5選舉區,張婷婷,台灣基進,未知,11
111年縣市議員選舉,高雄市第5選舉區,張惟晴,中國國民黨,未知,4
111年縣市議員選舉,高雄市第5選舉區,謝誌峰,無,未知,3
111年縣市議員選舉,高雄市第6選舉區,劉家榮,台灣民眾黨,未知,5
111年縣市議員選舉,高雄市第7選舉區,張博洋,台灣基進,未知,6
111年縣市議員選舉,高雄市第7選舉區,王文心,無,未知,4
111年縣市議員選舉,高雄市第8選舉區,湯詠瑜,民主進步黨,未知,5
111年縣市議員選舉,高雄市第8選舉區,許釆蓁,中國國民黨,未知,3
111年縣市議員選舉,高雄市第9選舉區,蘇致榮,民主進步黨,未知,11
111年縣市議員選舉,高雄市第9選舉區,徐尚賢,無,未知,14
111年縣市議員選舉,高雄市第9選舉區,羅章譽,無,未知,2
111年縣市議員選舉,高雄市第9選舉區,陳妙真,台灣民眾黨,未知,5
111年縣市議員選舉,高雄市第9選舉區,顧崇德,時代力量,未知,13
111年縣市議員選舉,新北市第10選舉區,蕭敬嚴,中國國民黨,未知,1
111年縣市議員選舉,新北市第11選舉區,彭立信,台灣民眾黨,未知,1
111年縣市議員選舉,新北市第12選舉區,吳國譽 La Ace Aming,中國國民黨,未知,2
111年縣市議員選舉,新北市第12選舉區,楊曉君,無,未知,7
111年縣市議員選舉,新北市第12選舉區,林霈宸,新黨,未知,8
111年縣市議員選舉,新北市第12選舉區,藞妏・尼卡兒,無,未知,4
111年縣市議員選舉,新北市第13選舉區,楊萬金,無,未知,1
111年縣市議員選舉,新北市第13選舉區,何應明,中國國民黨,未知,4
111年縣市議員選舉,新北市第1選舉區,陳家琪,中國國民黨,未知,5
111年縣市議員選舉,新北市第1選舉區,彭莉惠,民主進步黨,未知,3
111年縣市議員選舉,新北市第2選舉區,黃琦翔,台灣民眾黨,未知,8
111年縣市議員選舉,新北市第2選舉區,李宇翔,民主進步黨,未知,1
111年縣市議員選舉,新北市第2選舉區,郭原佑,無,未知,2
111年縣市議員選舉,新北市第3選舉區,吳香君,時代力量,未知,16
111年縣市議員選舉,新北市第3選舉區,翁震州,民主進步黨,未知,14
111年縣市議員選舉,新北市第3選舉區,黃聖超,中國國民黨,未知,2
111年縣市議員選舉,新北市第3選舉區,林秉宥,民主進步黨,未知,10
111年縣市議員選舉,新北市第3選舉區,郭岱軒,無,未知,7
111年縣市議員選舉,新北市第3選舉區,陳聰吉,無,未知,17
111年縣市議員選舉,新北市第3選舉區,戴湘儀,中國國民黨,未知,18
111年縣市議員選舉,新北市第3選舉區,陳炫銘,無,未知,3
111年縣市議員選舉,新北市第4選舉區,王景弘,時代力量,未知,14
111年縣市議員選舉,新北市第4選舉區,顏蔚慈,民主進步黨,未知,12
111年縣市議員選舉,新北市第4選舉區,林鼎超,中國國民黨,未知,11
111年縣市議員選舉,新北市第4選舉區,陳宛毓,小民參政歐巴桑聯盟,未知,5
111年縣市議員選舉,新北市第4選舉區,陳俊霖,台灣民眾黨,未知,3
111年縣市議員選舉,新北市第4選舉區,吳訓孝,中國國民黨,未知,13
111年縣市議員選舉,新北市第5選舉區,顏維勲,無,未知,9
111年縣市議員選舉,新北市第5選舉區,山田摩衣,民主進步黨,未知,15
111年縣市議員選舉,新北市第5選舉區,郭柏成,無,未知,12
111年縣市議員選舉,新北市第6選舉區,王如意,台灣民眾黨,未知,11
111年縣市議員選舉,新北市第6選舉區,陳逸展,無,未知,2
111年縣市議員選舉,新北市第8選舉區,簡元泰,無,未知,16
111年縣市議員選舉,新北市第8選舉區,彭一書,民主進步黨,未知,1
111年縣市議員選舉,新北市第8選舉區,高乃芸,民主進步黨,未知,10
111年縣市議員選舉,新北市第8選舉區,卓冠廷,民主進步黨,未知,17
111年縣市議員選舉,新北市第8選舉區,王正,勞動黨,未知,4
111年縣市議員選舉,新北市第8選舉區,呂家愷,中國國民黨,未知,12
111年縣市議員選舉,新北市第9選舉區,陳乃瑜,民主進步黨,未知,1
111年縣市議員選舉,新北市第9選舉區,黃心華,中國國民黨,未知,5
111年縣市議員選舉,臺中市第10選舉區,許瑞宏,台灣民眾黨,未知,7
111年縣市議員選舉,臺中市第10選舉區,黃敬傑,無,未知,5
111年縣市議員選舉,臺中市第11選舉區,何昆霖,民主進步黨,未知,1
111年縣市議員選舉,臺中市第11選舉區,陳雅惠,民主進步黨,未知,8
111年縣市議員選舉,臺中市第11選舉區,張鈺偵,小民參政歐巴桑聯盟,未知,2
111年縣市議員選舉,臺中市第11選舉區,林霈涵,中國國民黨,未知,10
111年縣市議員選舉,臺中市第11選舉區,林俊凱,台灣民眾黨,未知,9
111年縣市議員選舉,臺中市第11選舉區,徐小媚,時代力量,未知,3
111年縣市議員選舉,臺中市第12選舉區,黃佳恬,中國國民黨,未知,7
111年縣市議員選舉,臺中市第12選舉區,葉諾凡,台灣民眾黨,未知,5
111年縣市議員選舉,臺中市第12選舉區,吳吉森,無,未知,2
111年縣市議員選舉,臺中市第13選舉區,林子傑,無,未知,11
111年縣市議員選舉,臺中市第13選舉區,段中仁,無,未知,5
111年縣市議員選舉,臺中市第13選舉區,鄒明諺,時代力量,未知,10
111年縣市議員選舉,臺中市第13選舉區,陳裕承,無,未知,13
111年縣市議員選舉,臺中市第14選舉區,徐煊博,台灣基進,未知,4
111年縣市議員選舉,臺中市第16選舉區,古秀英,無,未知,2
111年縣市議員選舉,臺中市第16選舉區,劉新仁,民主進步黨,未知,1
111年縣市議員選舉,臺中市第17選舉區,孫造雄,民主進步黨,未知,1
111年縣市議員選舉,臺中市第2選舉區,紀金豐,無,未知,7
111年縣市議員選舉,臺中市第2選舉區,陳怡萱,小民參政歐巴桑聯盟,未知,2
111年縣市議員選舉,臺中市第2選舉區,陳奇勳,無,未知,9
111年縣市議員選舉,臺中市第3選舉區,林昊佑,無,未知,1
111年縣市議員選舉,臺中市第3選舉區,曾威,民主進步黨,未知,2
111年縣市議員選舉,臺中市第3選舉區,陳玄曄,無,未知,6
111年縣市議員選舉,臺中市第3選舉區,宋柏誼,無,未知,4
111年縣市議員選舉,臺中市第3選舉區,魏嘉慶,台灣民眾黨,未知,7
111年縣市議員選舉,臺中市第3選舉區,楊文元,無,未知,8
111年縣市議員選舉,臺中市第4選舉區,廖芝晏,民主進步黨,未知,4
111年縣市議員選舉,臺中市第4選舉區,邱愛珊,中國國民黨,未知,7
111年縣市議員選舉,臺中市第4選舉區,傅智恒,時代力量,未知,8
111年縣市議員選舉,臺中市第5選舉區,吳呈賢,中國國民黨,未知,11
111年縣市議員選舉,臺中市第5選舉區,黃威堯,無,未知,1
111年縣市議員選舉,臺中市第5選舉區,黃郁芩,小民參政歐巴桑聯盟,未知,10
111年縣市議員選舉,臺中市第5選舉區,鄭勁節,時代力量,未知,6
111年縣市議員選舉,臺中市第5選舉區,邢振華,無,未知,7
111年縣市議員選舉,臺中市第6選舉區,曾崇芳,無,未知,7
111年縣市議員選舉,臺中市第6選舉區,張仲翹,台灣民眾黨,未知,8
111年縣市議員選舉,臺中市第6選舉區,楊大鋐,中國國民黨,未知,6
111年縣市議員選舉,臺中市第6選舉區,羅東霖,無,未知,1
111年縣市議員選舉,臺中市第7選舉區,洪鑫任,台灣民眾黨,未知,6
111年縣市議員選舉,臺中市第7選舉區,何坤鑫,無,未知,2
111年縣市議員選舉,臺中市第8選舉區,謝家宜,民主進步黨,未知,6
111年縣市議員選舉,臺中市第9選舉區,陳俞融,民主進步黨,未知,5
111年縣市議員選舉,臺中市第9選舉區,林欣德,台灣民眾黨,未知,4
111年縣市議員選舉,臺北市第1選舉區,林志穎,無,未知,17
111年縣市議員選舉,臺北市第1選舉區,林延鳳,民主進步黨,未知,1
111年縣市議員選舉,臺北市第1選舉區,陳思宇,台灣民眾黨,未知,15
111年縣市議員選舉,臺北市第1選舉區,項豪,中國國家社會主義勞工黨,未知,24
111年縣市議員選舉,臺北市第1選舉區,黃瀞瑩,台灣民眾黨,未知,13
111年縣市議員選舉,臺北市第1選舉區,鄭穎隆,共和黨,未知,18
111年縣市議員選舉,臺北市第1選舉區,郝淑薏,無,未知,12
111年縣市議員選舉,臺北市第2選舉區,何孟樺,民主進步黨,未知,8
111年縣市議員選舉,臺北市第2選舉區,陳宥丞,台灣民眾黨,未知,7
111年縣市議員選舉,臺北市第2選舉區,吳欣岱,台灣基進,未知,9
111年縣市議員選舉,臺北市第3選舉區,詹為元,中國國民黨,未知,9
111年縣市議員選舉,臺北市第3選舉區,楊寶楨,台灣民眾黨,未知,6
111年縣市議員選舉,臺北市第3選舉區,張文潔,民主進步黨,未知,2
111年縣市議員選舉,臺北市第3選舉區,高毓安,無,未知,10
111年縣市議員選舉,臺北市第3選舉區,郭榮先,新黨,未知,1
111年縣市議員選舉,臺北市第4選舉區,柳采葳,中國國民黨,未知,8
111年縣市議員選舉,臺北市第4選舉區,林珍羽,台灣民眾黨,未知,13
111年縣市議員選舉,臺北市第4選舉區,連紹傑,小民參政歐巴桑聯盟,未知,7
111年縣市議員選舉,臺北市第4選舉區,徐千淳,時代力量,未知,11
111年縣市議員選舉,臺北市第5選舉區,曾琳詒,台灣動物保護黨,未知,7
111年縣市議員選舉,臺北市第5選舉區,郭智亭,無,未知,2
111年縣市議員選舉,臺北市第5選舉區,邵維倫,民主進步黨,未知,9
111年縣市議員選舉,臺北市第5選舉區,吳怡萱,台灣民眾黨,未知,8
111年縣市議員選舉,臺北市第5選舉區,洪婉臻,民主進步黨,未知,17
111年縣市議員選舉,臺北市第5選舉區,李有宜,無,未知,10
111年縣市議員選舉,臺北市第5選舉區,李菁琪,綠黨,未知,13
111年縣市議員選舉,臺北市第5選舉區,王麒傑,無,未知,14
111年縣市議員選舉,臺北市第5選舉區,呂增塔,無,未知,18
111年縣市議員選舉,臺北市第6選舉區,楊植斗,中國國民黨,未知,26
111年縣市議員選舉,臺北市第6選舉區,趙怡翔,民主進步黨,未知,13
111年縣市議員選舉,臺北市第6選舉區,張四維,無,未知,2
111年縣市議員選舉,臺北市第6選舉區,陳聖文,民主進步黨,未知,27
111年縣市議員選舉,臺北市第6選舉區,高揚凱,中國國民黨,未知,9
111年縣市議員選舉,臺北市第6選舉區,林泓泰,時代力量,未知,3
111年縣市議員選舉,臺北市第6選舉區,鄭淑娟,無,未知,7
111年縣市議員選舉,臺北市第6選舉區,林岳龍,新黨,未知,12
111年縣市議員選舉,臺北市第6選舉區,林元敏,無,未知,23
111年縣市議員選舉,臺北市第6選舉區,徐正文,無,未知,16
111年縣市議員選舉,臺北市第7選舉區,吳郁瑾 Sawmah Kawlo,民主進步黨,未知,1
111年縣市議員選舉,臺北市第8選舉區,陳慧君 Mulas・Ismahasan,民主進步黨,未知,2
111年縣市議員選舉,臺北市第8選舉區,高為人 Sayun Watan,無,未知,3
111年縣市議員選舉,臺南市第10選舉區,蔡宛秦,台灣民眾黨,未知,6
111年縣市議員選舉,臺南市第10選舉區,曾之婕,無,未知,5
111年縣市議員選舉,臺南市第10選舉區,邱瓊儀,小民參政歐巴桑聯盟,未知,10
111年縣市議員選舉,臺南市第11選舉區,陳皇宇,民主進步黨,未知,2
111年縣市議員選舉,臺南市第13選舉區,賴惠美,無,未知,1
111年縣市議員選舉,臺南市第13選舉區,施余興望 Tjakumay Tagaw,無,未知,3
111年縣市議員選舉,臺南市第1選舉區,王宣貿,民主進步黨,未知,8
111年縣市議員選舉,臺南市第1選舉區,廖志峯,無,未知,3
111年縣市議員選舉,臺南市第1選舉區,姚正玉,中國國民黨,未知,6
111年縣市議員選舉,臺南市第2選舉區,黄建昌,台灣基進,未知,9
111年縣市議員選舉,臺南市第2選舉區,謝舒凡,民主進步黨,未知,3
111年縣市議員選舉,臺南市第2選舉區,蔣琦君,無,未知,6
111年縣市議員選舉,臺南市第3選舉區,姜雨良,無,未知,4
111年縣市議員選舉,臺南市第5選舉區,余柷青,民主進步黨,未知,7
111年縣市議員選舉,臺南市第5選舉區,洪岳銘,台灣民眾黨,未知,4
111年縣市議員選舉,臺南市第6選舉區,蔡麗青,民主進步黨,未知,12
111年縣市議員選舉,臺南市第6選舉區,陳建大明,時代力量,未知,3
111年縣市議員選舉,臺南市第6選舉區,王明彥,台灣基進,未知,1
111年縣市議員選舉,臺南市第6選舉區,陳進星,無,未知,5
111年縣市議員選舉,臺南市第6選舉區,陳詩薇,台灣民眾黨,未知,6
111年縣市議員選舉,臺南市第6選舉區,邱昭勝,無,未知,2
111年縣市議員選舉,臺南市第6選舉區,陳瑜緁,無,未知,11
111年縣市議員選舉,臺南市第7選舉區,黃肇輝,民主進步黨,未知,9
111年縣市議員選舉,臺南市第7選舉區,吳依潔,台灣基進,未知,4
111年縣市議員選舉,臺南市第7選舉區,許崇洲,無,未知,8
111年縣市議員選舉,臺南市第7選舉區,朱正軒,民主進步黨,未知,11
111年縣市議員選舉,臺南市第7選舉區,江品璁,台灣民眾黨,未知,14
111年縣市議員選舉,臺南市第7選舉區,林冠維,無黨團結聯盟,未知,12
111年縣市議員選舉,臺南市第7選舉區,杜雪吟,小民參政歐巴桑聯盟,未知,2
111年縣市議員選舉,臺南市第8選舉區,李冠霖,時代力量,未知,8
111年縣市議員選舉,臺南市第8選舉區,周嘉韋,民主進步黨,未知,10
111年縣市議員選舉,臺南市第8選舉區,蔡宗豪,中國國民黨,未知,4
111年縣市議員選舉,臺南市第9選舉區,林依婷,民主進步黨,未知,6
111年縣市長選舉,宜蘭縣,陳琬惠,台灣民眾黨,未知,6
111年縣市長選舉,宜蘭縣,許鋐哲,無,未知,3
111年縣市長選舉,花蓮縣,谷辣斯・尤達卡 Kolas Yotaka,民主進步黨,未知,3
111年縣市長選舉,金門縣,朱紀瑋,龍黨,未知,2
111年縣市長選舉,屏東縣,周春米,民主進步黨,未知,3
111年縣市長選舉,屏東縣,詹智鈞,時代力量,未知,1
111年縣市長選舉,苗栗縣,謝褔弘,中國國民黨,未知,2
111年縣市長選舉,苗栗縣,吳盛聖,無,未知,3
111年縣市長選舉,基隆市,黃希賢,無,未知,5
111年縣市長選舉,基隆市,曾國民,無,未知,4
111年縣市長選舉,連江縣,曹爾元,中國國民黨,未知,2
111年縣市長選舉,連江縣,王忠銘,中國國民黨,未知,3
111年縣市長選舉,新竹市,高虹安,台灣民眾黨,未知,6
111年縣市長選舉,新竹市,沈慧虹,民主進步黨,未知,5
111年縣市長選舉,嘉義縣,王育敏,中國國民黨,未知,1
111年縣市長選舉,彰化縣,蕭仁正,無,未知,3
111年縣市長選舉,臺東縣,陳長宏,無,未知,1
111年縣市議員選舉,宜蘭縣第10選舉區,謝正信,民主進步黨,未知,3
111年縣市議員選舉,宜蘭縣第12選舉區,沈志弘,中國國民黨,未知,1
111年縣市議員選舉,宜蘭縣第13選舉區,游吉祥,中國國民黨,未知,1
111年縣市議員選舉,宜蘭縣第1選舉區,黃惠慈,民主進步黨,未知,11
111年縣市議員選舉,宜蘭縣第1選舉區,胡健森,無,未知,9
111年縣市議員選舉,宜蘭縣第1選舉區,尤文瀚,台灣民眾黨,未知,4
111年縣市議員選舉,宜蘭縣第1選舉區,潘淑芬,無,未知,15
111年縣市議員選舉,宜蘭縣第1選舉區,陳漢澤,台灣基進,未知,1
111年縣市議員選舉,宜蘭縣第1選舉區,張勝德,中國國民黨,未知,3
111年縣市議員選舉,宜蘭縣第1選舉區,魯秀傑,無,未知,2
111年縣市議員選舉,宜蘭縣第1選舉區,吳長青,無,未知,16
111年縣市議員選舉,宜蘭縣第3選舉區,林聰池,無,未知,1
111年縣市議員選舉,宜蘭縣第6選舉區,楊坊翔,時代力量,未知,6
111年縣市議員選舉,宜蘭縣第8選舉區,江汶賢,民主進步黨,未知,5
111年縣市議員選舉,宜蘭縣第8選舉區,林佩螢,民主進步黨,未知,2
111年縣市議員選舉,宜蘭縣第8選舉區,張芷珊,無,未知,4
111年縣市議員選舉,宜蘭縣第9選舉區,吳珮菱,無,未知,1
111年縣市議員選舉,宜蘭縣第9選舉區,江信賢,無,未知,3
111年縣市議員選舉,花蓮縣第3選舉區,林則葹,民主進步黨,未知,1
111年縣市議員選舉,花蓮縣第3選舉區,林品仰,中國國民黨,未知,2
111年縣市議員選舉,花蓮縣第3選舉區,王格致,民主進步黨,未知,8
111年縣市議員選舉,花蓮縣第3選舉區,潘璿安,台灣民眾黨,未知,7
111年縣市議員選舉,花蓮縣第5選舉區,督固・撒耘,中國國民黨,未知,3
111年縣市議員選舉,花蓮縣第5選舉區,林資斌,民主進步黨,未知,7
111年縣市議員選舉,花蓮縣第5選舉區,葉志豪,無,未知,2
111年縣市議員選舉,花蓮縣第6選舉區,何進雄 Kin Cian・Ri Pun,中國國民黨,未知,1
111年縣市議員選舉,花蓮縣第7選舉區,陳德仁,無,未知,2
111年縣市議員選舉,金門縣第1選舉區,陳泱瑚,無,未知,8
111年縣市議員選舉,金門縣第1選舉區,蔡其雍,民主進步黨,未知,5
111年縣市議員選舉,金門縣第1選舉區,許大鴻,無,未知,13
111年縣市議員選舉,金門縣第1選舉區,周曉芸,台灣民眾黨,未知,6
111年縣市議員選舉,金門縣第2選舉區,張雲量,無,未知,13
111年縣市議員選舉,金門縣第2選舉區,黃子誠,無,未知,2
111年縣市議員選舉,金門縣第2選舉區,楊育菡,無,未知,7
111年縣市議員選舉,金門縣第2選舉區,陳錦偉,無,未知,1
111年縣市議員選舉,金門縣第2選舉區,吳佩雯,無,未知,12
111年縣市議員選舉,金門縣第2選舉區,歐陽豪,無,未知,4
111年縣市議員選舉,金門縣第3選舉區,吳嘉將,無,未知,2
111年縣市議員選舉,南投縣第1選舉區,張婉慈,無,未知,11
111年縣市議員選舉,南投縣第1選舉區,賴世皎,無,未知,14
111年縣市議員選舉,南投縣第1選舉區,簡千翔,台灣民眾黨,未知,15
111年縣市議員選舉,南投縣第1選舉區,張錫淵,無,未知,20
111年縣市議員選舉,南投縣第1選舉區,白騏澤,無,未知,8
111年縣市議員選舉,南投縣第1選舉區,吳棋楠,民主進步黨,未知,18
111年縣市議員選舉,南投縣第1選舉區,曾琮愷,民主進步黨,未知,21
111年縣市議員選舉,南投縣第1選舉區,邱奇才,無,未知,7
111年縣市議員選舉,南投縣第1選舉區,王鵬霖,無,未知,17
111年縣市議員選舉,南投縣第1選舉區,林佑虔,無,未知,10
111年縣市議員選舉,南投縣第1選舉區,沈夙崢,民主進步黨,未知,5
111年縣市議員選舉,南投縣第1選舉區,林儒暘,中國國民黨,未知,23
111年縣市議員選舉,南投縣第2選舉區,林友友,無,未知,5
111年縣市議員選舉,南投縣第2選舉區,阮惠心,台灣新住民黨,未知,8
111年縣市議員選舉,南投縣第2選舉區,李帛璋,民主進步黨,未知,7
111年縣市議員選舉,南投縣第3選舉區,陳奎合,中國國民黨,未知,2
111年縣市議員選舉,南投縣第3選舉區,李天慧,台灣民眾黨,未知,7
111年縣市議員選舉,南投縣第3選舉區,黃春麟,無,未知,3
111年縣市議員選舉,南投縣第4選舉區,李廣演,無,未知,1
111年縣市議員選舉,南投縣第5選舉區,蘇昱誠,民主進步黨,未知,10
111年縣市議員選舉,南投縣第6選舉區,江秉翰,民主進步黨,未知,2
111年縣市議員選舉,南投縣第8選舉區,廖崧皓,中國國民黨,未知,1
111年縣市議員選舉,屏東縣第10選舉區,陸宥熹,無,未知,3
111年縣市議員選舉,屏東縣第12選舉區,越秋女,無,未知,2
111年縣市議員選舉,屏東縣第12選舉區,羅俊傑,中國國民黨,未知,3
111年縣市議員選舉,屏東縣第13選舉區,周陳曉玟,無,未知,2
111年縣市議員選舉,屏東縣第1選舉區,梁育慈,民主進步黨,未知,21
111年縣市議員選舉,屏東縣第1選舉區,陳炫言,台灣民眾黨,未知,16
111年縣市議員選舉,屏東縣第1選舉區,蘇煥鈞,民主進步黨,未知,17
111年縣市議員選舉,屏東縣第1選舉區,陳秋豪,台灣基進,未知,8
111年縣市議員選舉,屏東縣第1選舉區,趙文俊,無,未知,12
111年縣市議員選舉,屏東縣第1選舉區,李承育,時代力量,未知,14
111年縣市議員選舉,屏東縣第1選舉區,梁梅瑛,無,未知,5
111年縣市議員選舉,屏東縣第1選舉區,陳韋強,無,未知,4
111年縣市議員選舉,屏東縣第2選舉區,蘇孟婕,無,未知,1
111年縣市議員選舉,屏東縣第2選舉區,鍾詔元,無,未知,3
111年縣市議員選舉,屏東縣第3選舉區,曾德正,無,未知,16
111年縣市議員選舉,屏東縣第3選舉區,蕭禾秦,無,未知,9
111年縣市議員選舉,屏東縣第3選舉區,陳宗廷,無,未知,8
111年縣市議員選舉,屏東縣第3選舉區,吳慈慧,中國國民黨,未知,14
111年縣市議員選舉,屏東縣第3選舉區,潘敏泉,無,未知,15
111年縣市議員選舉,屏東縣第4選舉區,林宇澤,無,未知,10
111年縣市議員選舉,屏東縣第4選舉區,呂少麒,無,未知,4
111年縣市議員選舉,屏東縣第5選舉區,張榮傑,無,未知,2
111年縣市議員選舉,屏東縣第6選舉區,潘芳泉,民主進步黨,未知,5
111年縣市議員選舉,屏東縣第8選舉區,潘翠雲,中國國民黨,未知,2
111年縣市議員選舉,苗栗縣第1選舉區,羅以明,無,未知,8
111年縣市議員選舉,苗栗縣第1選舉區,黃萬盛,無,未知,14
111年縣市議員選舉,苗栗縣第2選舉區,黎尚安,中國國民黨,未知,1
111年縣市議員選舉,苗栗縣第3選舉區,翁杰,民主進步黨,未知,7
111年縣市議員選舉,苗栗縣第4選舉區,謝大山,無,未知,3
111年縣市議員選舉,苗栗縣第4選舉區,葉忠倫,時代力量,未知,11
111年縣市議員選舉,苗栗縣第4選舉區,邱毓興,民主進步黨,未知,2
111年縣市議員選舉,苗栗縣第4選舉區,吳亭亭,無,未知,6
111年縣市議員選舉,苗栗縣第5選舉區,吳翌立,時代力量,未知,2
111年縣市議員選舉,苗栗縣第5選舉區,李本欽,無,未知,20
111年縣市議員選舉,苗栗縣第5選舉區,鍾維發,無,未知,19
111年縣市議員選舉,苗栗縣第5選舉區,徐沄臻,無,未知,15
111年縣市議員選舉,苗栗縣第5選舉區,蕭詠萱,無,未知,13
111年縣市議員選舉,苗栗縣第5選舉區,饒斯淵,無,未知,14
111年縣市議員選舉,苗栗縣第5選舉區,黎光明,無,未知,1
111年縣市議員選舉,苗栗縣第5選舉區,劉恭銘,無,未知,18
111年縣市議員選舉,苗栗縣第5選舉區,林志學,台灣民眾黨,未知,7
111年縣市議員選舉,苗栗縣第6選舉區,盛瑛,無,未知,1
111年縣市議員選舉,苗栗縣第7選舉區,朱仲一,無,未知,1
111年縣市議員選舉,苗栗縣第8選舉區,黃月娥 Yuma Baysu,無,未知,2
111年縣市議員選舉,基隆市第1選舉區,林毓峯,台灣民眾黨,未知,3
111年縣市議員選舉,基隆市第1選舉區,許睿慈,民主進步黨,未知,5
111年縣市議員選舉,基隆市第2選舉區,紀珈,台灣民眾黨,未知,4
111年縣市議員選舉,基隆市第2選舉區,李嘉濠,無,未知,3
111年縣市議員選舉,基隆市第3選舉區,李依芩,台灣民眾黨,未知,6
111年縣市議員選舉,基隆市第3選舉區,紀文荃,中國國民黨,未知,4
111年縣市議員選舉,基隆市第4選舉區,徐佑昇,台灣民眾黨,未知,3
111年縣市議員選舉,基隆市第4選舉區,梁堂華,無,未知,7
111年縣市議員選舉,基隆市第5選舉區,吳驊珈,民主進步黨,未知,8
111年縣市議員選舉,基隆市第5選舉區,黃紀棠,無,未知,12
111年縣市議員選舉,基隆市第5選舉區,黃永翔,無,未知,15
111年縣市議員選舉,基隆市第5選舉區,江欣怡,時代力量,未知,2
111年縣市議員選舉,基隆市第5選舉區,劉韋巡,台灣民眾黨,未知,14
111年縣市議員選舉,基隆市第6選舉區,莫璦緁,無,未知,1
111年縣市議員選舉,基隆市第6選舉區,陳冠羽,無,未知,2
111年縣市議員選舉,基隆市第7選舉區,林坤明,民主進步黨,未知,6
111年縣市議員選舉,基隆市第7選舉區,曾怡芳,民主進步黨,未知,3
111年縣市議員選舉,基隆市第7選舉區,陳愷閎,時代力量,未知,2
111年縣市議員選舉,基隆市第8選舉區,王尚潔,中國國民黨,未知,2
111年縣市議員選舉,連江縣第1選舉區,劉浩晨,民主進步黨,未知,3
111年縣市議員選舉,連江縣第3選舉區,陳善澔,無,未知,1
111年縣市議員選舉,雲林縣第1選舉區,陳芳盈,無,未知,13
111年縣市議員選舉,雲林縣第1選舉區,林聖智,無,未知,5
111年縣市議員選舉,雲林縣第1選舉區,林靖冠,台灣民眾黨,未知,3
111年縣市議員選舉,雲林縣第1選舉區,張光儀,無,未知,6
111年縣市議員選舉,雲林縣第1選舉區,黃英學,無,未知,15
111年縣市議員選舉,雲林縣第2選舉區,陳世彬,無,未知,3
111年縣市議員選舉,雲林縣第2選舉區,吳錦凉,無,未知,5
111年縣市議員選舉,雲林縣第3選舉區,魏順興,無,未知,9
111年縣市議員選舉,雲林縣第4選舉區,楊國寬,無,未知,1
111年縣市議員選舉,雲林縣第5選舉區,顏嘉葦,民主進步黨,未知,4
111年縣市議員選舉,新竹市第1選舉區,何志勇,中國國民黨,未知,11
111年縣市議員選舉,新竹市第1選舉區,宋品瑩,台灣民眾黨,未知,9
111年縣市議員選舉,新竹市第1選舉區,陳清智,中國國民黨,未知,1
111年縣市議員選舉,新竹市第1選舉區,劉彥伶,民主進步黨,未知,25
111年縣市議員選舉,新竹市第1選舉區,周莉柔,無,未知,6
111年縣市議員選舉,新竹市第1選舉區,謝佩妤,無,未知,13
111年縣市議員選舉,新竹市第1選舉區,劉明鴻,無,未知,16
111年縣市議員選舉,新竹市第1選舉區,黃家曄,無,未知,24
111年縣市議員選舉,新竹市第1選舉區,黃耀正,無,未知,18
111年縣市議員選舉,新竹市第2選舉區,陳鶴文,時代力量,未知,10
111年縣市議員選舉,新竹市第2選舉區,許登淇,台灣民眾黨,未知,9
111年縣市議員選舉,新竹市第2選舉區,黃立達,無,未知,7
111年縣市議員選舉,新竹市第3選舉區,施淑婷,台灣民眾黨,未知,2
111年縣市議員選舉,新竹市第4選舉區,曾泰程,無,未知,12
111年縣市議員選舉,新竹市第4選舉區,鄭慶欽,無,未知,11
111年縣市議員選舉,新竹市第4選舉區,楊玲宜,民主進步黨,未知,10
111年縣市議員選舉,新竹市第4選舉區,吳旭豐,中國國民黨,未知,14
111年縣市議員選舉,新竹市第5選舉區,曾沛騰,無,未知,9
111年縣市議員選舉,新竹市第5選舉區,劉昊禮,無,未知,6
111年縣市議員選舉,新竹縣第10選舉區,湯惠鈴,無,未知,3
111年縣市議員選舉,新竹縣第11選舉區,法隆伊佑,民主進步黨,未知,1
111年縣市議員選舉,新竹縣第13選舉區,張雁萍,無,未知,2
111年縣市議員選舉,新竹縣第1選舉區,范植華,無,未知,10
111年縣市議員選舉,新竹縣第1選舉區,鄭福強,無,未知,22
111年縣市議員選舉,新竹縣第3選舉區,徐勝凌,台灣民眾黨,未知,1
111年縣市議員選舉,新竹縣第4選舉區,吳發勝,民主進步黨,未知,2
111年縣市議員選舉,新竹縣第4選舉區,徐瑜新,中國國民黨,未知,1
111年縣市議員選舉,新竹縣第5選舉區,呂宛庭,無,未知,1
111年縣市議員選舉,新竹縣第8選舉區,馮守亮,中國國民黨,未知,14
111年縣市議員選舉,新竹縣第8選舉區,鄭正,無,未知,13
111年縣市議員選舉,新竹縣第8選舉區,陳晏華,無,未知,8
111年縣市議員選舉,新竹縣第8選舉區,彭致豪,時代力量,未知,9
111年縣市議員選舉,新竹縣第8選舉區,林若宸,無,未知,6
111年縣市議員選舉,嘉義市第1選舉區,翁渙瑤,台灣基進,未知,16
111年縣市議員選舉,嘉義市第1選舉區,郭定緯,中國國民黨,未知,10
111年縣市議員選舉,嘉義市第1選舉區,梁樹綸,中國國民黨,未知,9
111年縣市議員選舉,嘉義市第1選舉區,林昱孜,台灣民眾黨,未知,12
111年縣市議員選舉,嘉義市第1選舉區,顏色不分藍綠支持性專區顏色田慎節,無,未知,14
111年縣市議員選舉,嘉義市第1選舉區,吳家慧,無,未知,15
111年縣市議員選舉,嘉義市第2選舉區,洪瑋庭,台灣基進,未知,6
111年縣市議員選舉,嘉義市第2選舉區,林煒軒,民主進步黨,未知,11
111年縣市議員選舉,嘉義市第2選舉區,張閔舜,中國國民黨,未知,7
111年縣市議員選舉,嘉義市第2選舉區,李錦洋,無,未知,17
111年縣市議員選舉,嘉義市第2選舉區,蔡坤叡,無,未知,22
111年縣市議員選舉,嘉義市第2選舉區,黃敏修,民主進步黨,未知,3
111年縣市議員選舉,嘉義縣第1選舉區,江佩曄,民主進步黨,未知,7
111年縣市議員選舉,嘉義縣第1選舉區,陳主明,民主進步黨,未知,8
111年縣市議員選舉,嘉義縣第1選舉區,黃惠汝,民主進步黨,未知,4
111年縣市議員選舉,嘉義縣第2選舉區,劉宜奮,無,未知,4
111年縣市議員選舉,嘉義縣第2選舉區,洪安仁,無,未知,7
111年縣市議員選舉,嘉義縣第2選舉區,林岱杰,無,未知,10
111年縣市議員選舉,嘉義縣第2選舉區,郭金雀,無,未知,1
111年縣市議員選舉,嘉義縣第2選舉區,高子羚,無,未知,8
111年縣市議員選舉,嘉義縣第2選舉區,黃啟豪,民主進步黨,未知,6
111年縣市議員選舉,嘉義縣第2選舉區,何文華,民主進步黨,未知,2
111年縣市議員選舉,嘉義縣第3選舉區,莊信宗,民主進步黨,未知,2
111年縣市議員選舉,嘉義縣第3選舉區,劉世承,無,未知,5
111年縣市議員選舉,嘉義縣第3選舉區,王啟瑞,無,未知,1
111年縣市議員選舉,嘉義縣第4選舉區,蔡建漢,無,未知,4
111年縣市議員選舉,嘉義縣第4選舉區,蔡政宜,無,未知,1
111年縣市議員選舉,嘉義縣第6選舉區,林嘉欣,無,未知,8
111年縣市議員選舉,嘉義縣第6選舉區,江季珍,民主進步黨,未知,1
111年縣市議員選舉,嘉義縣第6選舉區,詹志暉,中國國民黨,未知,10
111年縣市議員選舉,彰化縣第1選舉區,黃柏瑜,民主進步黨,未知,9
111年縣市議員選舉,彰化縣第1選舉區,許雅琳,民主進步黨,未知,10
111年縣市議員選舉,彰化縣第1選舉區,王孝裕,台灣民眾黨,未知,13
111年縣市議員選舉,彰化縣第1選舉區,辜皇譯,民主進步黨,未知,12
111年縣市議員選舉,彰化縣第1選舉區,楊子賢,民主進步黨,未知,21
111年縣市議員選舉,彰化縣第1選舉區,曾煥程,台灣維新,未知,18
111年縣市議員選舉,彰化縣第1選舉區,蔡坤翰,無,未知,23
111年縣市議員選舉,彰化縣第3選舉區,林小琪,中國國民黨,未知,8
111年縣市議員選舉,彰化縣第4選舉區,鄭宇焱,時代力量,未知,11
111年縣市議員選舉,彰化縣第4選舉區,林俊毅,無,未知,1
111年縣市議員選舉,彰化縣第4選舉區,吳為杰,民主進步黨,未知,13
111年縣市議員選舉,彰化縣第4選舉區,張順畝,無,未知,6
111年縣市議員選舉,彰化縣第5選舉區,劉珊伶,民主進步黨,未知,1
111年縣市議員選舉,彰化縣第6選舉區,蕭妤亘,中國國民黨,未知,5
111年縣市議員選舉,彰化縣第6選舉區,張諄萬,無,未知,3
111年縣市議員選舉,彰化縣第6選舉區,詹琬惠,民主進步黨,未知,6
111年縣市議員選舉,彰化縣第6選舉區,宋鴻鈞,無,未知,1
111年縣市議員選舉,彰化縣第7選舉區,謝典林,中國國民黨,未知,2
111年縣市議員選舉,彰化縣第8選舉區,洪子超,民主進步黨,未知,2
111年縣市議員選舉,彰化縣第8選舉區,謝淑如,中國國民黨,未知,1
111年縣市議員選舉,臺東縣第13選舉區,江金香,無,未知,2
111年縣市議員選舉,臺東縣第14選舉區,林本森,無,未知,2
111年縣市議員選舉,臺東縣第16選舉區,施森茂,無,未知,3
111年縣市議員選舉,臺東縣第1選舉區,簡維國,民主進步黨,未知,18
111年縣市議員選舉,臺東縣第1選舉區,宋良安,無,未知,8
111年縣市議員選舉,臺東縣第1選舉區,傅文鵬,中國國民黨,未知,12
111年縣市議員選舉,臺東縣第1選舉區,張躍贏,無,未知,13
111年縣市議員選舉,臺東縣第1選舉區,林冠任,台灣民眾黨,未知,2
111年縣市議員選舉,臺東縣第1選舉區,蔣明道,無,未知,6
111年縣市議員選舉,臺東縣第4選舉區,王瀚駿,台灣維新,未知,4
111年縣市議員選舉,臺東縣第4選舉區,潘貴蘭,無,未知,2
111年縣市議員選舉,臺東縣第7選舉區,張信一,無,未知,2
111年縣市議員選舉,澎湖縣第1選舉區,盧長在,民主進步黨,未知,14
111年縣市議員選舉,澎湖縣第1選舉區,莊光大,無,未知,16
111年縣市議員選舉,澎湖縣第1選舉區,陳文謙,無,未知,7
111年縣市議員選舉,澎湖縣第1選舉區,許智富,台灣民眾黨,未知,1
111年縣市議員選舉,澎湖縣第1選舉區,林建勳,中國國民黨,未知,5
111年縣市議員選舉,澎湖縣第1選舉區,歐修智,無,未知,15
111年縣市議員選舉,澎湖縣第1選舉區,陳毓仁,無,未知,3
111年縣市議員選舉,澎湖縣第2選舉區,廖璟華,無,未知,4
111年縣市議員選舉,澎湖縣第3選舉區,宋昀芝,無,未知,2
111年縣市議員選舉,澎湖縣第3選舉區,魏睿宏,無,未知,1