"prvCode","cityCode","deptCode","liCode","areaCode","TOWNCODE","VILLCODE","COUNTYCODE","COUNTYNAME","TOWNNAME","VILLNAME","areaName"
"09","007",NA,NA,"01","","","09007","連江縣",NA,NA,"連江縣第01選區"
"09","007","010",NA,"01","09007010","","09007","連江縣","南竿鄉",NA,"連江縣第01選區"
"09","007",NA,NA,"02","","","09007","連江縣",NA,NA,"連江縣第02選區"
"09","007","020",NA,"02","09007020","","09007","連江縣","北竿鄉",NA,"連江縣第02選區"
"09","007",NA,NA,"03","","","09007","連江縣",NA,NA,"連江縣第03選區"
"09","007","030",NA,"03","09007030","","09007","連江縣","莒光鄉",NA,"連江縣第03選區"
"09","007",NA,NA,"04","","","09007","連江縣",NA,NA,"連江縣第04選區"
"09","007","040",NA,"04","09007040","","09007","連江縣","東引鄉",NA,"連江縣第04選區"
"09","020",NA,NA,"01","","","09020","金門縣",NA,NA,"金門縣第01選區"
"09","020","010",NA,"01","09020010","","09020","金門縣","金城鎮",NA,"金門縣第01選區"
"09","020","040",NA,"01","09020040","","09020","金門縣","金寧鄉",NA,"金門縣第01選區"
"09","020","060",NA,"01","09020060","","09020","金門縣","烏坵鄉",NA,"金門縣第01選區"
"09","020",NA,NA,"02","","","09020","金門縣",NA,NA,"金門縣第02選區"
"09","020","020",NA,"02","09020020","","09020","金門縣","金沙鎮",NA,"金門縣第02選區"
"09","020","030",NA,"02","09020030","","09020","金門縣","金湖鎮",NA,"金門縣第02選區"
"09","020",NA,NA,"03","","","09020","金門縣",NA,NA,"金門縣第03選區"
"09","020","050",NA,"03","09020050","","09020","金門縣","烈嶼鄉",NA,"金門縣第03選區"
"10","002",NA,NA,"01","","","10002","宜蘭縣",NA,NA,"宜蘭縣第01選區"
"10","002","010",NA,"01","10002010","","10002","宜蘭縣","宜蘭市",NA,"宜蘭縣第01選區"
"10","002",NA,NA,"02","","","10002","宜蘭縣",NA,NA,"宜蘭縣第02選區"
"10","002","040",NA,"02","10002040","","10002","宜蘭縣","頭城鎮",NA,"宜蘭縣第02選區"
"10","002",NA,NA,"03","","","10002","宜蘭縣",NA,NA,"宜蘭縣第03選區"
"10","002","050",NA,"03","10002050","","10002","宜蘭縣","礁溪鄉",NA,"宜蘭縣第03選區"
"10","002",NA,NA,"04","","","10002","宜蘭縣",NA,NA,"宜蘭縣第04選區"
"10","002","070",NA,"04","10002070","","10002","宜蘭縣","員山鄉",NA,"宜蘭縣第04選區"
"10","002",NA,NA,"05","","","10002","宜蘭縣",NA,NA,"宜蘭縣第05選區"
"10","002","060",NA,"05","10002060","","10002","宜蘭縣","壯圍鄉",NA,"宜蘭縣第05選區"
"10","002",NA,NA,"06","","","10002","宜蘭縣",NA,NA,"宜蘭縣第06選區"
"10","002","020",NA,"06","10002020","","10002","宜蘭縣","羅東鎮",NA,"宜蘭縣第06選區"
"10","002",NA,NA,"07","","","10002","宜蘭縣",NA,NA,"宜蘭縣第07選區"
"10","002","090",NA,"07","10002090","","10002","宜蘭縣","五結鄉",NA,"宜蘭縣第07選區"
"10","002",NA,NA,"08","","","10002","宜蘭縣",NA,NA,"宜蘭縣第08選區"
"10","002","080",NA,"08","10002080","","10002","宜蘭縣","冬山鄉",NA,"宜蘭縣第08選區"
"10","002",NA,NA,"09","","","10002","宜蘭縣",NA,NA,"宜蘭縣第09選區"
"10","002","100",NA,"09","10002100","","10002","宜蘭縣","三星鄉",NA,"宜蘭縣第09選區"
"10","002","110",NA,"09","10002110","","10002","宜蘭縣","大同鄉",NA,"宜蘭縣第09選區"
"10","002",NA,NA,"10","","","10002","宜蘭縣",NA,NA,"宜蘭縣第10選區"
"10","002","030",NA,"10","10002030","","10002","宜蘭縣","蘇澳鎮",NA,"宜蘭縣第10選區"
"10","002","120",NA,"10","10002120","","10002","宜蘭縣","南澳鄉",NA,"宜蘭縣第10選區"
"10","004",NA,NA,"01","","","10004","新竹縣",NA,NA,"新竹縣第01選區"
"10","004","010",NA,"01","10004010","","10004","新竹縣","竹北市",NA,"新竹縣第01選區"
"10","004",NA,NA,"02","","","10004","新竹縣",NA,NA,"新竹縣第02選區"
"10","004","050",NA,"02","10004050","","10004","新竹縣","湖口鄉",NA,"新竹縣第02選區"
"10","004",NA,NA,"03","","","10004","新竹縣",NA,NA,"新竹縣第03選區"
"10","004","060",NA,"03","10004060","","10004","新竹縣","新豐鄉",NA,"新竹縣第03選區"
"10","004",NA,NA,"04","","","10004","新竹縣",NA,NA,"新竹縣第04選區"
"10","004","040",NA,"04","10004040","","10004","新竹縣","關西鎮",NA,"新竹縣第04選區"
"10","004",NA,NA,"05","","","10004","新竹縣",NA,NA,"新竹縣第05選區"
"10","004","030",NA,"05","10004030","","10004","新竹縣","新埔鎮",NA,"新竹縣第05選區"
"10","004",NA,NA,"06","","","10004","新竹縣",NA,NA,"新竹縣第06選區"
"10","004","080",NA,"06","10004080","","10004","新竹縣","橫山鄉",NA,"新竹縣第06選區"
"10","004","120",NA,"06","10004120","","10004","新竹縣","尖石鄉",NA,"新竹縣第06選區"
"10","004",NA,NA,"07","","","10004","新竹縣",NA,NA,"新竹縣第07選區"
"10","004","070",NA,"07","10004070","","10004","新竹縣","芎林鄉",NA,"新竹縣第07選區"
"10","004",NA,NA,"08","","","10004","新竹縣",NA,NA,"新竹縣第08選區"
"10","004","020",NA,"08","10004020","","10004","新竹縣","竹東鎮",NA,"新竹縣第08選區"
"10","004","130",NA,"08","10004130","","10004","新竹縣","五峰鄉",NA,"新竹縣第08選區"
"10","004",NA,NA,"09","","","10004","新竹縣",NA,NA,"新竹縣第09選區"
"10","004","100",NA,"09","10004100","","10004","新竹縣","寶山鄉",NA,"新竹縣第09選區"
"10","004",NA,NA,"10","","","10004","新竹縣",NA,NA,"新竹縣第10選區"
"10","004","090",NA,"10","10004090","","10004","新竹縣","北埔鄉",NA,"新竹縣第10選區"
"10","004","110",NA,"10","10004110","","10004","新竹縣","峨眉鄉",NA,"新竹縣第10選區"
"10","005",NA,NA,"01","","","10005","苗栗縣",NA,NA,"苗栗縣第01選區"
"10","005","010",NA,"01","10005010","","10005","苗栗縣","苗栗市",NA,"苗栗縣第01選區"
"10","005","090",NA,"01","10005090","","10005","苗栗縣","公館鄉",NA,"苗栗縣第01選區"
"10","005","120",NA,"01","10005120","","10005","苗栗縣","頭屋鄉",NA,"苗栗縣第01選區"
"10","005",NA,NA,"02","","","10005","苗栗縣",NA,NA,"苗栗縣第02選區"
"10","005","100",NA,"02","10005100","","10005","苗栗縣","銅鑼鄉",NA,"苗栗縣第02選區"
"10","005","130",NA,"02","10005130","","10005","苗栗縣","三義鄉",NA,"苗栗縣第02選區"
"10","005","140",NA,"02","10005140","","10005","苗栗縣","西湖鄉",NA,"苗栗縣第02選區"
"10","005",NA,NA,"03","","","10005","苗栗縣",NA,NA,"苗栗縣第03選區"
"10","005","020",NA,"03","10005020","","10005","苗栗縣","苑裡鎮",NA,"苗栗縣第03選區"
"10","005","030",NA,"03","10005030","","10005","苗栗縣","通霄鎮",NA,"苗栗縣第03選區"
"10","005",NA,NA,"04","","","10005","苗栗縣",NA,NA,"苗栗縣第04選區"
"10","005","040",NA,"04","10005040","","10005","苗栗縣","竹南鎮",NA,"苗栗縣第04選區"
"10","005","060",NA,"04","10005060","","10005","苗栗縣","後龍鎮",NA,"苗栗縣第04選區"
"10","005","150",NA,"04","10005150","","10005","苗栗縣","造橋鄉",NA,"苗栗縣第04選區"
"10","005",NA,NA,"05","","","10005","苗栗縣",NA,NA,"苗栗縣第05選區"
"10","005","050",NA,"05","10005050","","10005","苗栗縣","頭份市",NA,"苗栗縣第05選區"
"10","005","110",NA,"05","10005110","","10005","苗栗縣","南庄鄉",NA,"苗栗縣第05選區"
"10","005","160",NA,"05","10005160","","10005","苗栗縣","三灣鄉",NA,"苗栗縣第05選區"
"10","005",NA,NA,"06","","","10005","苗栗縣",NA,NA,"苗栗縣第06選區"
"10","005","070",NA,"06","10005070","","10005","苗栗縣","卓蘭鎮",NA,"苗栗縣第06選區"
"10","005","080",NA,"06","10005080","","10005","苗栗縣","大湖鄉",NA,"苗栗縣第06選區"
"10","005","170",NA,"06","10005170","","10005","苗栗縣","獅潭鄉",NA,"苗栗縣第06選區"
"10","005","180",NA,"06","10005180","","10005","苗栗縣","泰安鄉",NA,"苗栗縣第06選區"
"10","007",NA,NA,"01","","","10007","彰化縣",NA,NA,"彰化縣第01選區"
"10","007","010",NA,"01","10007010","","10007","彰化縣","彰化市",NA,"彰化縣第01選區"
"10","007","080",NA,"01","10007080","","10007","彰化縣","花壇鄉",NA,"彰化縣第01選區"
"10","007","090",NA,"01","10007090","","10007","彰化縣","芬園鄉",NA,"彰化縣第01選區"
"10","007",NA,NA,"02","","","10007","彰化縣",NA,NA,"彰化縣第02選區"
"10","007","020",NA,"02","10007020","","10007","彰化縣","鹿港鎮",NA,"彰化縣第02選區"
"10","007","060",NA,"02","10007060","","10007","彰化縣","福興鄉",NA,"彰化縣第02選區"
"10","007","070",NA,"02","10007070","","10007","彰化縣","秀水鄉",NA,"彰化縣第02選區"
"10","007",NA,NA,"03","","","10007","彰化縣",NA,NA,"彰化縣第03選區"
"10","007","030",NA,"03","10007030","","10007","彰化縣","和美鎮",NA,"彰化縣第03選區"
"10","007","040",NA,"03","10007040","","10007","彰化縣","線西鄉",NA,"彰化縣第03選區"
"10","007","050",NA,"03","10007050","","10007","彰化縣","伸港鄉",NA,"彰化縣第03選區"
"10","007",NA,NA,"04","","","10007","彰化縣",NA,NA,"彰化縣第04選區"
"10","007","100",NA,"04","10007100","","10007","彰化縣","員林市",NA,"彰化縣第04選區"
"10","007","130",NA,"04","10007130","","10007","彰化縣","大村鄉",NA,"彰化縣第04選區"
"10","007","160",NA,"04","10007160","","10007","彰化縣","永靖鄉",NA,"彰化縣第04選區"
"10","007",NA,NA,"05","","","10007","彰化縣",NA,NA,"彰化縣第05選區"
"10","007","110",NA,"05","10007110","","10007","彰化縣","溪湖鎮",NA,"彰化縣第05選區"
"10","007","140",NA,"05","10007140","","10007","彰化縣","埔鹽鄉",NA,"彰化縣第05選區"
"10","007","150",NA,"05","10007150","","10007","彰化縣","埔心鄉",NA,"彰化縣第05選區"
"10","007",NA,NA,"06","","","10007","彰化縣",NA,NA,"彰化縣第06選區"
"10","007","120",NA,"06","10007120","","10007","彰化縣","田中鎮",NA,"彰化縣第06選區"
"10","007","170",NA,"06","10007170","","10007","彰化縣","社頭鄉",NA,"彰化縣第06選區"
"10","007","180",NA,"06","10007180","","10007","彰化縣","二水鄉",NA,"彰化縣第06選區"
"10","007",NA,NA,"07","","","10007","彰化縣",NA,NA,"彰化縣第07選區"
"10","007","190",NA,"07","10007190","","10007","彰化縣","北斗鎮",NA,"彰化縣第07選區"
"10","007","210",NA,"07","10007210","","10007","彰化縣","田尾鄉",NA,"彰化縣第07選區"
"10","007","220",NA,"07","10007220","","10007","彰化縣","埤頭鄉",NA,"彰化縣第07選區"
"10","007","260",NA,"07","10007260","","10007","彰化縣","溪州鄉",NA,"彰化縣第07選區"
"10","007",NA,NA,"08","","","10007","彰化縣",NA,NA,"彰化縣第08選區"
"10","007","200",NA,"08","10007200","","10007","彰化縣","二林鎮",NA,"彰化縣第08選區"
"10","007","230",NA,"08","10007230","","10007","彰化縣","芳苑鄉",NA,"彰化縣第08選區"
"10","007","240",NA,"08","10007240","","10007","彰化縣","大城鄉",NA,"彰化縣第08選區"
"10","007","250",NA,"08","10007250","","10007","彰化縣","竹塘鄉",NA,"彰化縣第08選區"
"10","008",NA,NA,"01","","","10008","南投縣",NA,NA,"南投縣第01選區"
"10","008","010",NA,"01","10008010","","10008","南投縣","南投市",NA,"南投縣第01選區"
"10","008","060",NA,"01","10008060","","10008","南投縣","名間鄉",NA,"南投縣第01選區"
"10","008",NA,NA,"02","","","10008","南投縣",NA,NA,"南投縣第02選區"
"10","008","030",NA,"02","10008030","","10008","南投縣","草屯鎮",NA,"南投縣第02選區"
"10","008","080",NA,"02","10008080","","10008","南投縣","中寮鄉",NA,"南投縣第02選區"
"10","008",NA,NA,"03","","","10008","南投縣",NA,NA,"南投縣第03選區"
"10","008","050",NA,"03","10008050","","10008","南投縣","集集鎮",NA,"南投縣第03選區"
"10","008","090",NA,"03","10008090","","10008","南投縣","魚池鄉",NA,"南投縣第03選區"
"10","008","110",NA,"03","10008110","","10008","南投縣","水里鄉",NA,"南投縣第03選區"
"10","008","120",NA,"03","10008120","","10008","南投縣","信義鄉",NA,"南投縣第03選區"
"10","008",NA,NA,"04","","","10008","南投縣",NA,NA,"南投縣第04選區"
"10","008","040",NA,"04","10008040","","10008","南投縣","竹山鎮",NA,"南投縣第04選區"
"10","008","070",NA,"04","10008070","","10008","南投縣","鹿谷鄉",NA,"南投縣第04選區"
"10","008",NA,NA,"05","","","10008","南投縣",NA,NA,"南投縣第05選區"
"10","008","020",NA,"05","10008020","","10008","南投縣","埔里鎮",NA,"南投縣第05選區"
"10","008","100",NA,"05","10008100","","10008","南投縣","國姓鄉",NA,"南投縣第05選區"
"10","008","130",NA,"05","10008130","","10008","南投縣","仁愛鄉",NA,"南投縣第05選區"
"10","009",NA,NA,"01","","","10009","雲林縣",NA,NA,"雲林縣第01選區"
"10","009","010",NA,"01","10009010","","10009","雲林縣","斗六市",NA,"雲林縣第01選區"
"10","009","090",NA,"01","10009090","","10009","雲林縣","莿桐鄉",NA,"雲林縣第01選區"
"10","009","100",NA,"01","10009100","","10009","雲林縣","林內鄉",NA,"雲林縣第01選區"
"10","009",NA,NA,"02","","","10009","雲林縣",NA,NA,"雲林縣第02選區"
"10","009","020",NA,"02","10009020","","10009","雲林縣","斗南鎮",NA,"雲林縣第02選區"
"10","009","070",NA,"02","10009070","","10009","雲林縣","古坑鄉",NA,"雲林縣第02選區"
"10","009","080",NA,"02","10009080","","10009","雲林縣","大埤鄉",NA,"雲林縣第02選區"
"10","009",NA,NA,"03","","","10009","雲林縣",NA,NA,"雲林縣第03選區"
"10","009","030",NA,"03","10009030","","10009","雲林縣","虎尾鎮",NA,"雲林縣第03選區"
"10","009","050",NA,"03","10009050","","10009","雲林縣","土庫鎮",NA,"雲林縣第03選區"
"10","009","150",NA,"03","10009150","","10009","雲林縣","褒忠鄉",NA,"雲林縣第03選區"
"10","009","170",NA,"03","10009170","","10009","雲林縣","元長鄉",NA,"雲林縣第03選區"
"10","009",NA,NA,"04","","","10009","雲林縣",NA,NA,"雲林縣第04選區"
"10","009","040",NA,"04","10009040","","10009","雲林縣","西螺鎮",NA,"雲林縣第04選區"
"10","009","110",NA,"04","10009110","","10009","雲林縣","二崙鄉",NA,"雲林縣第04選區"
"10","009","120",NA,"04","10009120","","10009","雲林縣","崙背鄉",NA,"雲林縣第04選區"
"10","009",NA,NA,"05","","","10009","雲林縣",NA,NA,"雲林縣第05選區"
"10","009","130",NA,"05","10009130","","10009","雲林縣","麥寮鄉",NA,"雲林縣第05選區"
"10","009","140",NA,"05","10009140","","10009","雲林縣","東勢鄉",NA,"雲林縣第05選區"
"10","009","160",NA,"05","10009160","","10009","雲林縣","臺西鄉",NA,"雲林縣第05選區"
"10","009","180",NA,"05","10009180","","10009","雲林縣","四湖鄉",NA,"雲林縣第05選區"
"10","009",NA,NA,"06","","","10009","雲林縣",NA,NA,"雲林縣第06選區"
"10","009","060",NA,"06","10009060","","10009","雲林縣","北港鎮",NA,"雲林縣第06選區"
"10","009","190",NA,"06","10009190","","10009","雲林縣","口湖鄉",NA,"雲林縣第06選區"
"10","009","200",NA,"06","10009200","","10009","雲林縣","水林鄉",NA,"雲林縣第06選區"
"10","010",NA,NA,"01","","","10010","嘉義縣",NA,NA,"嘉義縣第01選區"
"10","010","010",NA,"01","10010010","","10010","嘉義縣","太保市",NA,"嘉義縣第01選區"
"10","010","110",NA,"01","10010110","","10010","嘉義縣","鹿草鄉",NA,"嘉義縣第01選區"
"10","010","120",NA,"01","10010120","","10010","嘉義縣","水上鄉",NA,"嘉義縣第01選區"
"10","010",NA,NA,"02","","","10010","嘉義縣",NA,NA,"嘉義縣第02選區"
"10","010","050",NA,"02","10010050","","10010","嘉義縣","民雄鄉",NA,"嘉義縣第02選區"
"10","010","070",NA,"02","10010070","","10010","嘉義縣","新港鄉",NA,"嘉義縣第02選區"
"10","010",NA,NA,"03","","","10010","嘉義縣",NA,NA,"嘉義縣第03選區"
"10","010","040",NA,"03","10010040","","10010","嘉義縣","大林鎮",NA,"嘉義縣第03選區"
"10","010","060",NA,"03","10010060","","10010","嘉義縣","溪口鄉",NA,"嘉義縣第03選區"
"10","010","150",NA,"03","10010150","","10010","嘉義縣","梅山鄉",NA,"嘉義縣第03選區"
"10","010",NA,NA,"04","","","10010","嘉義縣",NA,NA,"嘉義縣第04選區"
"10","010","020",NA,"04","10010020","","10010","嘉義縣","朴子市",NA,"嘉義縣第04選區"
"10","010","080",NA,"04","10010080","","10010","嘉義縣","六腳鄉",NA,"嘉義縣第04選區"
"10","010","090",NA,"04","10010090","","10010","嘉義縣","東石鄉",NA,"嘉義縣第04選區"
"10","010",NA,NA,"05","","","10010","嘉義縣",NA,NA,"嘉義縣第05選區"
"10","010","030",NA,"05","10010030","","10010","嘉義縣","布袋鎮",NA,"嘉義縣第05選區"
"10","010","100",NA,"05","10010100","","10010","嘉義縣","義竹鄉",NA,"嘉義縣第05選區"
"10","010",NA,NA,"06","","","10010","嘉義縣",NA,NA,"嘉義縣第06選區"
"10","010","130",NA,"06","10010130","","10010","嘉義縣","中埔鄉",NA,"嘉義縣第06選區"
"10","010","140",NA,"06","10010140","","10010","嘉義縣","竹崎鄉",NA,"嘉義縣第06選區"
"10","010","160",NA,"06","10010160","","10010","嘉義縣","番路鄉",NA,"嘉義縣第06選區"
"10","010","170",NA,"06","10010170","","10010","嘉義縣","大埔鄉",NA,"嘉義縣第06選區"
"10","010","180",NA,"06","10010180","","10010","嘉義縣","阿里山鄉",NA,"嘉義縣第06選區"
"10","013",NA,NA,"01","","","10013","屏東縣",NA,NA,"屏東縣第01選區"
"10","013","010",NA,"01","10013010","","10013","屏東縣","屏東市",NA,"屏東縣第01選區"
"10","013",NA,NA,"02","","","10013","屏東縣",NA,NA,"屏東縣第02選區"
"10","013","060",NA,"02","10013060","","10013","屏東縣","長治鄉",NA,"屏東縣第02選區"
"10","013","070",NA,"02","10013070","","10013","屏東縣","麟洛鄉",NA,"屏東縣第02選區"
"10","013","080",NA,"02","10013080","","10013","屏東縣","九如鄉",NA,"屏東縣第02選區"
"10","013","090",NA,"02","10013090","","10013","屏東縣","里港鄉",NA,"屏東縣第02選區"
"10","013","100",NA,"02","10013100","","10013","屏東縣","鹽埔鄉",NA,"屏東縣第02選區"
"10","013","110",NA,"02","10013110","","10013","屏東縣","高樹鄉",NA,"屏東縣第02選區"
"10","013","260",NA,"02","10013260","","10013","屏東縣","三地門鄉",NA,"屏東縣第02選區"
"10","013","270",NA,"02","10013270","","10013","屏東縣","霧臺鄉",NA,"屏東縣第02選區"
"10","013","280",NA,"02","10013280","","10013","屏東縣","瑪家鄉",NA,"屏東縣第02選區"
"10","013",NA,NA,"03","","","10013","屏東縣",NA,NA,"屏東縣第03選區"
"10","013","020",NA,"03","10013020","","10013","屏東縣","潮州鎮",NA,"屏東縣第03選區"
"10","013","120",NA,"03","10013120","","10013","屏東縣","萬巒鄉",NA,"屏東縣第03選區"
"10","013","130",NA,"03","10013130","","10013","屏東縣","內埔鄉",NA,"屏東縣第03選區"
"10","013","140",NA,"03","10013140","","10013","屏東縣","竹田鄉",NA,"屏東縣第03選區"
"10","013","150",NA,"03","10013150","","10013","屏東縣","新埤鄉",NA,"屏東縣第03選區"
"10","013","160",NA,"03","10013160","","10013","屏東縣","枋寮鄉",NA,"屏東縣第03選區"
"10","013","290",NA,"03","10013290","","10013","屏東縣","泰武鄉",NA,"屏東縣第03選區"
"10","013","300",NA,"03","10013300","","10013","屏東縣","來義鄉",NA,"屏東縣第03選區"
"10","013","310",NA,"03","10013310","","10013","屏東縣","春日鄉",NA,"屏東縣第03選區"
"10","013",NA,NA,"04","","","10013","屏東縣",NA,NA,"屏東縣第04選區"
"10","013","030",NA,"04","10013030","","10013","屏東縣","東港鎮",NA,"屏東縣第04選區"
"10","013","050",NA,"04","10013050","","10013","屏東縣","萬丹鄉",NA,"屏東縣第04選區"
"10","013","170",NA,"04","10013170","","10013","屏東縣","新園鄉",NA,"屏東縣第04選區"
"10","013",NA,NA,"05","","","10013","屏東縣",NA,NA,"屏東縣第05選區"
"10","013","180",NA,"05","10013180","","10013","屏東縣","崁頂鄉",NA,"屏東縣第05選區"
"10","013","190",NA,"05","10013190","","10013","屏東縣","林邊鄉",NA,"屏東縣第05選區"
"10","013","200",NA,"05","10013200","","10013","屏東縣","南州鄉",NA,"屏東縣第05選區"
"10","013","210",NA,"05","10013210","","10013","屏東縣","佳冬鄉",NA,"屏東縣第05選區"
"10","013",NA,NA,"06","","","10013","屏東縣",NA,NA,"屏東縣第06選區"
"10","013","040",NA,"06","10013040","","10013","屏東縣","恆春鎮",NA,"屏東縣第06選區"
"10","013","230",NA,"06","10013230","","10013","屏東縣","車城鄉",NA,"屏東縣第06選區"
"10","013","240",NA,"06","10013240","","10013","屏東縣","滿州鄉",NA,"屏東縣第06選區"
"10","013","250",NA,"06","10013250","","10013","屏東縣","枋山鄉",NA,"屏東縣第06選區"
"10","013","320",NA,"06","10013320","","10013","屏東縣","獅子鄉",NA,"屏東縣第06選區"
"10","013","330",NA,"06","10013330","","10013","屏東縣","牡丹鄉",NA,"屏東縣第06選區"
"10","013",NA,NA,"07","","","10013","屏東縣",NA,NA,"屏東縣第07選區"
"10","013","220",NA,"07","10013220","","10013","屏東縣","琉球鄉",NA,"屏東縣第07選區"
"10","014",NA,NA,"01","","","10014","台東縣",NA,NA,"台東縣第01選區"
"10","014","010",NA,"01","10014010","","10014","台東縣","臺東市",NA,"台東縣第01選區"
"10","014","160",NA,"01","10014160","","10014","台東縣","蘭嶼鄉",NA,"台東縣第01選區"
"10","014",NA,NA,"02","","","10014","台東縣",NA,NA,"台東縣第02選區"
"10","014","040",NA,"02","10014040","","10014","台東縣","卑南鄉",NA,"台東縣第02選區"
"10","014","130",NA,"02","10014130","","10014","台東縣","延平鄉",NA,"台東縣第02選區"
"10","014",NA,NA,"03","","","10014","台東縣",NA,NA,"台東縣第03選區"
"10","014","020",NA,"03","10014020","","10014","台東縣","成功鎮",NA,"台東縣第03選區"
"10","014","070",NA,"03","10014070","","10014","台東縣","東河鄉",NA,"台東縣第03選區"
"10","014","080",NA,"03","10014080","","10014","台東縣","長濱鄉",NA,"台東縣第03選區"
"10","014",NA,NA,"04","","","10014","台東縣",NA,NA,"台東縣第04選區"
"10","014","030",NA,"04","10014030","","10014","台東縣","關山鎮",NA,"台東縣第04選區"
"10","014","050",NA,"04","10014050","","10014","台東縣","鹿野鄉",NA,"台東縣第04選區"
"10","014","060",NA,"04","10014060","","10014","台東縣","池上鄉",NA,"台東縣第04選區"
"10","014","120",NA,"04","10014120","","10014","台東縣","海端鄉",NA,"台東縣第04選區"
"10","014",NA,NA,"05","","","10014","台東縣",NA,NA,"台東縣第05選區"
"10","014","090",NA,"05","10014090","","10014","台東縣","太麻里鄉",NA,"台東縣第05選區"
"10","014","100",NA,"05","10014100","","10014","台東縣","大武鄉",NA,"台東縣第05選區"
"10","014","140",NA,"05","10014140","","10014","台東縣","金峰鄉",NA,"台東縣第05選區"
"10","014","150",NA,"05","10014150","","10014","台東縣","達仁鄉",NA,"台東縣第05選區"
"10","014",NA,NA,"06","","","10014","台東縣",NA,NA,"台東縣第06選區"
"10","014","110",NA,"06","10014110","","10014","台東縣","綠島鄉",NA,"台東縣第06選區"
"10","015",NA,NA,"01","","","10015","花蓮縣",NA,NA,"花蓮縣第01選區"
"10","015","010",NA,"01","10015010","","10015","花蓮縣","花蓮市",NA,"花蓮縣第01選區"
"10","015",NA,NA,"02","","","10015","花蓮縣",NA,NA,"花蓮縣第02選區"
"10","015","040",NA,"02","10015040","","10015","花蓮縣","新城鄉",NA,"花蓮縣第02選區"
"10","015","110",NA,"02","10015110","","10015","花蓮縣","秀林鄉",NA,"花蓮縣第02選區"
"10","015",NA,NA,"03","","","10015","花蓮縣",NA,NA,"花蓮縣第03選區"
"10","015","020",NA,"03","10015020","","10015","花蓮縣","鳳林鎮",NA,"花蓮縣第03選區"
"10","015","050",NA,"03","10015050","","10015","花蓮縣","吉安鄉",NA,"花蓮縣第03選區"
"10","015","060",NA,"03","10015060","","10015","花蓮縣","壽豐鄉",NA,"花蓮縣第03選區"
"10","015","070",NA,"03","10015070","","10015","花蓮縣","光復鄉",NA,"花蓮縣第03選區"
"10","015","080",NA,"03","10015080","","10015","花蓮縣","豐濱鄉",NA,"花蓮縣第03選區"
"10","015","120",NA,"03","10015120","","10015","花蓮縣","萬榮鄉",NA,"花蓮縣第03選區"
"10","015",NA,NA,"04","","","10015","花蓮縣",NA,NA,"花蓮縣第04選區"
"10","015","030",NA,"04","10015030","","10015","花蓮縣","玉里鎮",NA,"花蓮縣第04選區"
"10","015","090",NA,"04","10015090","","10015","花蓮縣","瑞穗鄉",NA,"花蓮縣第04選區"
"10","015","100",NA,"04","10015100","","10015","花蓮縣","富里鄉",NA,"花蓮縣第04選區"
"10","015","130",NA,"04","10015130","","10015","花蓮縣","卓溪鄉",NA,"花蓮縣第04選區"
"10","016",NA,NA,"01","","","10016","澎湖縣",NA,NA,"澎湖縣第01選區"
"10","016","010",NA,"01","10016010","","10016","澎湖縣","馬公市",NA,"澎湖縣第01選區"
"10","016",NA,NA,"02","","","10016","澎湖縣",NA,NA,"澎湖縣第02選區"
"10","016","020",NA,"02","10016020","","10016","澎湖縣","湖西鄉",NA,"澎湖縣第02選區"
"10","016",NA,NA,"03","","","10016","澎湖縣",NA,NA,"澎湖縣第03選區"
"10","016","030",NA,"03","10016030","","10016","澎湖縣","白沙鄉",NA,"澎湖縣第03選區"
"10","016",NA,NA,"04","","","10016","澎湖縣",NA,NA,"澎湖縣第04選區"
"10","016","040",NA,"04","10016040","","10016","澎湖縣","西嶼鄉",NA,"澎湖縣第04選區"
"10","016",NA,NA,"05","","","10016","澎湖縣",NA,NA,"澎湖縣第05選區"
"10","016","050",NA,"05","10016050","","10016","澎湖縣","望安鄉",NA,"澎湖縣第05選區"
"10","016",NA,NA,"06","","","10016","澎湖縣",NA,NA,"澎湖縣第06選區"
"10","016","060",NA,"06","10016060","","10016","澎湖縣","七美鄉",NA,"澎湖縣第06選區"
"10","017",NA,NA,"01","","","10017","基隆市",NA,NA,"基隆市第01選區"
"10","017","010",NA,"01","10017010","","10017","基隆市","中正區",NA,"基隆市第01選區"
"10","017",NA,NA,"02","","","10017","基隆市",NA,NA,"基隆市第02選區"
"10","017","070",NA,"02","10017070","","10017","基隆市","信義區",NA,"基隆市第02選區"
"10","017",NA,NA,"03","","","10017","基隆市",NA,NA,"基隆市第03選區"
"10","017","040",NA,"03","10017040","","10017","基隆市","仁愛區",NA,"基隆市第03選區"
"10","017",NA,NA,"04","","","10017","基隆市",NA,NA,"基隆市第04選區"
"10","017","050",NA,"04","10017050","","10017","基隆市","中山區",NA,"基隆市第04選區"
"10","017",NA,NA,"05","","","10017","基隆市",NA,NA,"基隆市第05選區"
"10","017","060",NA,"05","10017060","","10017","基隆市","安樂區",NA,"基隆市第05選區"
"10","017",NA,NA,"06","","","10017","基隆市",NA,NA,"基隆市第06選區"
"10","017","030",NA,"06","10017030","","10017","基隆市","暖暖區",NA,"基隆市第06選區"
"10","017",NA,NA,"07","","","10017","基隆市",NA,NA,"基隆市第07選區"
"10","017","020",NA,"07","10017020","","10017","基隆市","七堵區",NA,"基隆市第07選區"
"10","018",NA,NA,"01","","","10018","新竹市",NA,NA,"新竹市第01選區"
"10","018","010",NA,"01","10018010","","10018","新竹市","東區",NA,"新竹市第01選區"
"10","018",NA,NA,"02","","","10018","新竹市",NA,NA,"新竹市第02選區"
"10","018","010",NA,"02","10018010","","10018","新竹市","東區",NA,"新竹市第02選區"
"10","018",NA,NA,"03","","","10018","新竹市",NA,NA,"新竹市第03選區"
"10","018","020",NA,"03","10018020","","10018","新竹市","北區",NA,"新竹市第03選區"
"10","018",NA,NA,"04","","","10018","新竹市",NA,NA,"新竹市第04選區"
"10","018","020",NA,"04","10018020","","10018","新竹市","北區",NA,"新竹市第04選區"
"10","018",NA,NA,"05","","","10018","新竹市",NA,NA,"新竹市第05選區"
"10","018","030",NA,"05","10018030","","10018","新竹市","香山區",NA,"新竹市第05選區"
"10","020",NA,NA,"01","","","10020","嘉義市",NA,NA,"嘉義市第01選區"
"10","020","010",NA,"01","10020010","","10020","嘉義市","東區",NA,"嘉義市第01選區"
"10","020",NA,NA,"02","","","10020","嘉義市",NA,NA,"嘉義市第02選區"
"10","020","020",NA,"02","10020020","","10020","嘉義市","西區",NA,"嘉義市第02選區"
"63","000",NA,NA,"01","","","63000","台北市",NA,NA,"台北市第01選區"
"63","000","110",NA,"01","63000110","","63000","台北市","士林區",NA,"台北市第01選區"
"63","000","120",NA,"01","63000120","","63000","台北市","北投區",NA,"台北市第01選區"
"63","000",NA,NA,"02","","","63000","台北市",NA,NA,"台北市第02選區"
"63","000","090",NA,"02","63000090","","63000","台北市","南港區",NA,"台北市第02選區"
"63","000","100",NA,"02","63000100","","63000","台北市","內湖區",NA,"台北市第02選區"
"63","000",NA,NA,"03","","","63000","台北市",NA,NA,"台北市第03選區"
"63","000","010",NA,"03","63000010","","63000","台北市","松山區",NA,"台北市第03選區"
"63","000","020",NA,"03","63000020","","63000","台北市","信義區",NA,"台北市第03選區"
"63","000",NA,NA,"04","","","63000","台北市",NA,NA,"台北市第04選區"
"63","000","040",NA,"04","63000040","","63000","台北市","中山區",NA,"台北市第04選區"
"63","000","060",NA,"04","63000060","","63000","台北市","大同區",NA,"台北市第04選區"
"63","000",NA,NA,"05","","","63000","台北市",NA,NA,"台北市第05選區"
"63","000","050",NA,"05","63000050","","63000","台北市","中正區",NA,"台北市第05選區"
"63","000","070",NA,"05","63000070","","63000","台北市","萬華區",NA,"台北市第05選區"
"63","000",NA,NA,"06","","","63000","台北市",NA,NA,"台北市第06選區"
"63","000","030",NA,"06","63000030","","63000","台北市","大安區",NA,"台北市第06選區"
"63","000","080",NA,"06","63000080","","63000","台北市","文山區",NA,"台北市第06選區"
"64","000",NA,NA,"01","","","64000","高雄市",NA,NA,"高雄市第01選區"
"64","000","300",NA,"01","64000300","","64000","高雄市","旗山區",NA,"高雄市第01選區"
"64","000","310",NA,"01","64000310","","64000","高雄市","美濃區",NA,"高雄市第01選區"
"64","000","320",NA,"01","64000320","","64000","高雄市","六龜區",NA,"高雄市第01選區"
"64","000","330",NA,"01","64000330","","64000","高雄市","甲仙區",NA,"高雄市第01選區"
"64","000","340",NA,"01","64000340","","64000","高雄市","杉林區",NA,"高雄市第01選區"
"64","000","350",NA,"01","64000350","","64000","高雄市","內門區",NA,"高雄市第01選區"
"64","000","360",NA,"01","64000360","","64000","高雄市","茂林區",NA,"高雄市第01選區"
"64","000","370",NA,"01","64000370","","64000","高雄市","桃源區",NA,"高雄市第01選區"
"64","000","380",NA,"01","64000380","","64000","高雄市","那瑪夏區",NA,"高雄市第01選區"
"64","000",NA,NA,"02","","","64000","高雄市",NA,NA,"高雄市第02選區"
"64","000","220",NA,"02","64000220","","64000","高雄市","田寮區",NA,"高雄市第02選區"
"64","000","230",NA,"02","64000230","","64000","高雄市","阿蓮區",NA,"高雄市第02選區"
"64","000","240",NA,"02","64000240","","64000","高雄市","路竹區",NA,"高雄市第02選區"
"64","000","250",NA,"02","64000250","","64000","高雄市","湖內區",NA,"高雄市第02選區"
"64","000","260",NA,"02","64000260","","64000","高雄市","茄萣區",NA,"高雄市第02選區"
"64","000",NA,NA,"03","","","64000","高雄市",NA,NA,"高雄市第03選區"
"64","000","190",NA,"03","64000190","","64000","高雄市","岡山區",NA,"高雄市第03選區"
"64","000","200",NA,"03","64000200","","64000","高雄市","橋頭區",NA,"高雄市第03選區"
"64","000","210",NA,"03","64000210","","64000","高雄市","燕巢區",NA,"高雄市第03選區"
"64","000","270",NA,"03","64000270","","64000","高雄市","永安區",NA,"高雄市第03選區"
"64","000","280",NA,"03","64000280","","64000","高雄市","彌陀區",NA,"高雄市第03選區"
"64","000","290",NA,"03","64000290","","64000","高雄市","梓官區",NA,"高雄市第03選區"
"64","000",NA,NA,"04","","","64000","高雄市",NA,NA,"高雄市第04選區"
"64","000","030",NA,"04","64000030","","64000","高雄市","左營區",NA,"高雄市第04選區"
"64","000","040",NA,"04","64000040","","64000","高雄市","楠梓區",NA,"高雄市第04選區"
"64","000",NA,NA,"05","","","64000","高雄市",NA,NA,"高雄市第05選區"
"64","000","150",NA,"05","64000150","","64000","高雄市","大樹區",NA,"高雄市第05選區"
"64","000","160",NA,"05","64000160","","64000","高雄市","大社區",NA,"高雄市第05選區"
"64","000","170",NA,"05","64000170","","64000","高雄市","仁武區",NA,"高雄市第05選區"
"64","000","180",NA,"05","64000180","","64000","高雄市","鳥松區",NA,"高雄市第05選區"
"64","000",NA,NA,"06","","","64000","高雄市",NA,NA,"高雄市第06選區"
"64","000","010",NA,"06","64000010","","64000","高雄市","鹽埕區",NA,"高雄市第06選區"
"64","000","020",NA,"06","64000020","","64000","高雄市","鼓山區",NA,"高雄市第06選區"
"64","000","100",NA,"06","64000100","","64000","高雄市","旗津區",NA,"高雄市第06選區"
"64","000",NA,NA,"07","","","64000","高雄市",NA,NA,"高雄市第07選區"
"64","000","050",NA,"07","64000050","","64000","高雄市","三民區",NA,"高雄市第07選區"
"64","000",NA,NA,"08","","","64000","高雄市",NA,NA,"高雄市第08選區"
"64","000","060",NA,"08","64000060","","64000","高雄市","新興區",NA,"高雄市第08選區"
"64","000","070",NA,"08","64000070","","64000","高雄市","前金區",NA,"高雄市第08選區"
"64","000","080",NA,"08","64000080","","64000","高雄市","苓雅區",NA,"高雄市第08選區"
"64","000",NA,NA,"09","","","64000","高雄市",NA,NA,"高雄市第09選區"
"64","000","120",NA,"09","64000120","","64000","高雄市","鳳山區",NA,"高雄市第09選區"
"64","000",NA,NA,"10","","","64000","高雄市",NA,NA,"高雄市第10選區"
"64","000","090",NA,"10","64000090","","64000","高雄市","前鎮區",NA,"高雄市第10選區"
"64","000","110",NA,"10","64000110","","64000","高雄市","小港區",NA,"高雄市第10選區"
"64","000",NA,NA,"11","","","64000","高雄市",NA,NA,"高雄市第11選區"
"64","000","130",NA,"11","64000130","","64000","高雄市","林園區",NA,"高雄市第11選區"
"64","000","140",NA,"11","64000140","","64000","高雄市","大寮區",NA,"高雄市第11選區"
"65","000",NA,NA,"01","","","65000","新北市",NA,NA,"新北市第01選區"
"65","000","100",NA,"01","65000100","","65000","新北市","淡水區",NA,"新北市第01選區"
"65","000","210",NA,"01","65000210","","65000","新北市","三芝區",NA,"新北市第01選區"
"65","000","220",NA,"01","65000220","","65000","新北市","石門區",NA,"新北市第01選區"
"65","000","230",NA,"01","65000230","","65000","新北市","八里區",NA,"新北市第01選區"
"65","000",NA,NA,"02","","","65000","新北市",NA,NA,"新北市第02選區"
"65","000","150",NA,"02","65000150","","65000","新北市","五股區",NA,"新北市第02選區"
"65","000","160",NA,"02","65000160","","65000","新北市","泰山區",NA,"新北市第02選區"
"65","000","170",NA,"02","65000170","","65000","新北市","林口區",NA,"新北市第02選區"
"65","000",NA,NA,"03","","","65000","新北市",NA,NA,"新北市第03選區"
"65","000","050",NA,"03","65000050","","65000","新北市","新莊區",NA,"新北市第03選區"
"65","000",NA,NA,"04","","","65000","新北市",NA,NA,"新北市第04選區"
"65","000","020",NA,"04","65000020","","65000","新北市","三重區",NA,"新北市第04選區"
"65","000","140",NA,"04","65000140","","65000","新北市","蘆洲區",NA,"新北市第04選區"
"65","000",NA,NA,"05","","","65000","新北市",NA,NA,"新北市第05選區"
"65","000","010",NA,"05","65000010","","65000","新北市","板橋區",NA,"新北市第05選區"
"65","000",NA,NA,"06","","","65000","新北市",NA,NA,"新北市第06選區"
"65","000","030",NA,"06","65000030","","65000","新北市","中和區",NA,"新北市第06選區"
"65","000",NA,NA,"07","","","65000","新北市",NA,NA,"新北市第07選區"
"65","000","040",NA,"07","65000040","","65000","新北市","永和區",NA,"新北市第07選區"
"65","000",NA,NA,"08","","","65000","新北市",NA,NA,"新北市第08選區"
"65","000","070",NA,"08","65000070","","65000","新北市","樹林區",NA,"新北市第08選區"
"65","000","080",NA,"08","65000080","","65000","新北市","鶯歌區",NA,"新北市第08選區"
"65","000","090",NA,"08","65000090","","65000","新北市","三峽區",NA,"新北市第08選區"
"65","000","130",NA,"08","65000130","","65000","新北市","土城區",NA,"新北市第08選區"
"65","000",NA,NA,"09","","","65000","新北市",NA,NA,"新北市第09選區"
"65","000","060",NA,"09","65000060","","65000","新北市","新店區",NA,"新北市第09選區"
"65","000","180",NA,"09","65000180","","65000","新北市","深坑區",NA,"新北市第09選區"
"65","000","190",NA,"09","65000190","","65000","新北市","石碇區",NA,"新北市第09選區"
"65","000","200",NA,"09","65000200","","65000","新北市","坪林區",NA,"新北市第09選區"
"65","000","290",NA,"09","65000290","","65000","新北市","烏來區",NA,"新北市第09選區"
"65","000",NA,NA,"10","","","65000","新北市",NA,NA,"新北市第10選區"
"65","000","120",NA,"10","65000120","","65000","新北市","瑞芳區",NA,"新北市第10選區"
"65","000","240",NA,"10","65000240","","65000","新北市","平溪區",NA,"新北市第10選區"
"65","000","250",NA,"10","65000250","","65000","新北市","雙溪區",NA,"新北市第10選區"
"65","000","260",NA,"10","65000260","","65000","新北市","貢寮區",NA,"新北市第10選區"
"65","000",NA,NA,"11","","","65000","新北市",NA,NA,"新北市第11選區"
"65","000","110",NA,"11","65000110","","65000","新北市","汐止區",NA,"新北市第11選區"
"65","000","270",NA,"11","65000270","","65000","新北市","金山區",NA,"新北市第11選區"
"65","000","280",NA,"11","65000280","","65000","新北市","萬里區",NA,"新北市第11選區"
"66","000",NA,NA,"01","","","66000","台中市",NA,NA,"台中市第01選區"
"66","000","110",NA,"01","66000110","","66000","台中市","大甲區",NA,"台中市第01選區"
"66","000","210",NA,"01","66000210","","66000","台中市","外埔區",NA,"台中市第01選區"
"66","000","220",NA,"01","66000220","","66000","台中市","大安區",NA,"台中市第01選區"
"66","000",NA,NA,"02","","","66000","台中市",NA,NA,"台中市第02選區"
"66","000","120",NA,"02","66000120","","66000","台中市","清水區",NA,"台中市第02選區"
"66","000","130",NA,"02","66000130","","66000","台中市","沙鹿區",NA,"台中市第02選區"
"66","000","140",NA,"02","66000140","","66000","台中市","梧棲區",NA,"台中市第02選區"
"66","000",NA,NA,"03","","","66000","台中市",NA,NA,"台中市第03選區"
"66","000","230",NA,"03","66000230","","66000","台中市","烏日區",NA,"台中市第03選區"
"66","000","240",NA,"03","66000240","","66000","台中市","大肚區",NA,"台中市第03選區"
"66","000","250",NA,"03","66000250","","66000","台中市","龍井區",NA,"台中市第03選區"
"66","000",NA,NA,"04","","","66000","台中市",NA,NA,"台中市第04選區"
"66","000","090",NA,"04","66000090","","66000","台中市","豐原區",NA,"台中市第04選區"
"66","000","150",NA,"04","66000150","","66000","台中市","后里區",NA,"台中市第04選區"
"66","000",NA,NA,"05","","","66000","台中市",NA,NA,"台中市第05選區"
"66","000","160",NA,"05","66000160","","66000","台中市","神岡區",NA,"台中市第05選區"
"66","000","170",NA,"05","66000170","","66000","台中市","潭子區",NA,"台中市第05選區"
"66","000","180",NA,"05","66000180","","66000","台中市","大雅區",NA,"台中市第05選區"
"66","000",NA,NA,"06","","","66000","台中市",NA,NA,"台中市第06選區"
"66","000","060",NA,"06","66000060","","66000","台中市","西屯區",NA,"台中市第06選區"
"66","000",NA,NA,"07","","","66000","台中市",NA,NA,"台中市第07選區"
"66","000","070",NA,"07","66000070","","66000","台中市","南屯區",NA,"台中市第07選區"
"66","000",NA,NA,"08","","","66000","台中市",NA,NA,"台中市第08選區"
"66","000","080",NA,"08","66000080","","66000","台中市","北屯區",NA,"台中市第08選區"
"66","000",NA,NA,"09","","","66000","台中市",NA,NA,"台中市第09選區"
"66","000","050",NA,"09","66000050","","66000","台中市","北區",NA,"台中市第09選區"
"66","000",NA,NA,"10","","","66000","台中市",NA,NA,"台中市第10選區"
"66","000","010",NA,"10","66000010","","66000","台中市","中區",NA,"台中市第10選區"
"66","000","040",NA,"10","66000040","","66000","台中市","西區",NA,"台中市第10選區"
"66","000",NA,NA,"11","","","66000","台中市",NA,NA,"台中市第11選區"
"66","000","020",NA,"11","66000020","","66000","台中市","東區",NA,"台中市第11選區"
"66","000","030",NA,"11","66000030","","66000","台中市","南區",NA,"台中市第11選區"
"66","000",NA,NA,"12","","","66000","台中市",NA,NA,"台中市第12選區"
"66","000","270",NA,"12","66000270","","66000","台中市","太平區",NA,"台中市第12選區"
"66","000",NA,NA,"13","","","66000","台中市",NA,NA,"台中市第13選區"
"66","000","260",NA,"13","66000260","","66000","台中市","霧峰區",NA,"台中市第13選區"
"66","000","280",NA,"13","66000280","","66000","台中市","大里區",NA,"台中市第13選區"
"66","000",NA,NA,"14","","","66000","台中市",NA,NA,"台中市第14選區"
"66","000","100",NA,"14","66000100","","66000","台中市","東勢區",NA,"台中市第14選區"
"66","000","190",NA,"14","66000190","","66000","台中市","新社區",NA,"台中市第14選區"
"66","000","200",NA,"14","66000200","","66000","台中市","石岡區",NA,"台中市第14選區"
"66","000","290",NA,"14","66000290","","66000","台中市","和平區",NA,"台中市第14選區"
"67","000",NA,NA,"01","","","67000","台南市",NA,NA,"台南市第01選區"
"67","000","010",NA,"01","67000010","","67000","台南市","新營區",NA,"台南市第01選區"
"67","000","020",NA,"01","67000020","","67000","台南市","鹽水區",NA,"台南市第01選區"
"67","000","030",NA,"01","67000030","","67000","台南市","白河區",NA,"台南市第01選區"
"67","000","040",NA,"01","67000040","","67000","台南市","柳營區",NA,"台南市第01選區"
"67","000","050",NA,"01","67000050","","67000","台南市","後壁區",NA,"台南市第01選區"
"67","000","060",NA,"01","67000060","","67000","台南市","東山區",NA,"台南市第01選區"
"67","000",NA,NA,"02","","","67000","台南市",NA,NA,"台南市第02選區"
"67","000","120",NA,"02","67000120","","67000","台南市","佳里區",NA,"台南市第02選區"
"67","000","130",NA,"02","67000130","","67000","台南市","學甲區",NA,"台南市第02選區"
"67","000","140",NA,"02","67000140","","67000","台南市","西港區",NA,"台南市第02選區"
"67","000","150",NA,"02","67000150","","67000","台南市","七股區",NA,"台南市第02選區"
"67","000","160",NA,"02","67000160","","67000","台南市","將軍區",NA,"台南市第02選區"
"67","000","170",NA,"02","67000170","","67000","台南市","北門區",NA,"台南市第02選區"
"67","000",NA,NA,"03","","","67000","台南市",NA,NA,"台南市第03選區"
"67","000","070",NA,"03","67000070","","67000","台南市","麻豆區",NA,"台南市第03選區"
"67","000","080",NA,"03","67000080","","67000","台南市","下營區",NA,"台南市第03選區"
"67","000","090",NA,"03","67000090","","67000","台南市","六甲區",NA,"台南市第03選區"
"67","000","100",NA,"03","67000100","","67000","台南市","官田區",NA,"台南市第03選區"
"67","000","110",NA,"03","67000110","","67000","台南市","大內區",NA,"台南市第03選區"
"67","000",NA,NA,"04","","","67000","台南市",NA,NA,"台南市第04選區"
"67","000","230",NA,"04","67000230","","67000","台南市","玉井區",NA,"台南市第04選區"
"67","000","240",NA,"04","67000240","","67000","台南市","楠西區",NA,"台南市第04選區"
"67","000","250",NA,"04","67000250","","67000","台南市","南化區",NA,"台南市第04選區"
"67","000","260",NA,"04","67000260","","67000","台南市","左鎮區",NA,"台南市第04選區"
"67","000",NA,NA,"05","","","67000","台南市",NA,NA,"台南市第05選區"
"67","000","180",NA,"05","67000180","","67000","台南市","新化區",NA,"台南市第05選區"
"67","000","190",NA,"05","67000190","","67000","台南市","善化區",NA,"台南市第05選區"
"67","000","200",NA,"05","67000200","","67000","台南市","新市區",NA,"台南市第05選區"
"67","000","210",NA,"05","67000210","","67000","台南市","安定區",NA,"台南市第05選區"
"67","000","220",NA,"05","67000220","","67000","台南市","山上區",NA,"台南市第05選區"
"67","000",NA,NA,"06","","","67000","台南市",NA,NA,"台南市第06選區"
"67","000","350",NA,"06","67000350","","67000","台南市","安南區",NA,"台南市第06選區"
"67","000",NA,NA,"07","","","67000","台南市",NA,NA,"台南市第07選區"
"67","000","310",NA,"07","67000310","","67000","台南市","永康區",NA,"台南市第07選區"
"67","000",NA,NA,"08","","","67000","台南市",NA,NA,"台南市第08選區"
"67","000","340",NA,"08","67000340","","67000","台南市","北區",NA,"台南市第08選區"
"67","000","370",NA,"08","67000370","","67000","台南市","中西區",NA,"台南市第08選區"
"67","000",NA,NA,"09","","","67000","台南市",NA,NA,"台南市第09選區"
"67","000","330",NA,"09","67000330","","67000","台南市","南區",NA,"台南市第09選區"
"67","000","360",NA,"09","67000360","","67000","台南市","安平區",NA,"台南市第09選區"
"67","000",NA,NA,"10","","","67000","台南市",NA,NA,"台南市第10選區"
"67","000","320",NA,"10","67000320","","67000","台南市","東區",NA,"台南市第10選區"
"67","000",NA,NA,"11","","","67000","台南市",NA,NA,"台南市第11選區"
"67","000","270",NA,"11","67000270","","67000","台南市","仁德區",NA,"台南市第11選區"
"67","000","280",NA,"11","67000280","","67000","台南市","歸仁區",NA,"台南市第11選區"
"67","000","290",NA,"11","67000290","","67000","台南市","關廟區",NA,"台南市第11選區"
"67","000","300",NA,"11","67000300","","67000","台南市","龍崎區",NA,"台南市第11選區"
"68","000",NA,NA,"01","","","68000","桃園市",NA,NA,"桃園市第01選區"
"68","000","010",NA,"01","68000010","","68000","桃園市","桃園區",NA,"桃園市第01選區"
"68","000",NA,NA,"02","","","68000","桃園市",NA,NA,"桃園市第02選區"
"68","000","070",NA,"02","68000070","","68000","桃園市","龜山區",NA,"桃園市第02選區"
"68","000",NA,NA,"03","","","68000","桃園市",NA,NA,"桃園市第03選區"
"68","000","080",NA,"03","68000080","","68000","桃園市","八德區",NA,"桃園市第03選區"
"68","000",NA,NA,"04","","","68000","桃園市",NA,NA,"桃園市第04選區"
"68","000","050",NA,"04","68000050","","68000","桃園市","蘆竹區",NA,"桃園市第04選區"
"68","000",NA,NA,"05","","","68000","桃園市",NA,NA,"桃園市第05選區"
"68","000","060",NA,"05","68000060","","68000","桃園市","大園區",NA,"桃園市第05選區"
"68","000",NA,NA,"06","","","68000","桃園市",NA,NA,"桃園市第06選區"
"68","000","030",NA,"06","68000030","","68000","桃園市","大溪區",NA,"桃園市第06選區"
"68","000","130",NA,"06","68000130","","68000","桃園市","復興區",NA,"桃園市第06選區"
"68","000",NA,NA,"07","","","68000","桃園市",NA,NA,"桃園市第07選區"
"68","000","020",NA,"07","68000020","","68000","桃園市","中壢區",NA,"桃園市第07選區"
"68","000",NA,NA,"08","","","68000","桃園市",NA,NA,"桃園市第08選區"
"68","000","100",NA,"08","68000100","","68000","桃園市","平鎮區",NA,"桃園市第08選區"
"68","000",NA,NA,"09","","","68000","桃園市",NA,NA,"桃園市第09選區"
"68","000","040",NA,"09","68000040","","68000","桃園市","楊梅區",NA,"桃園市第09選區"
"68","000",NA,NA,"10","","","68000","桃園市",NA,NA,"桃園市第10選區"
"68","000","090",NA,"10","68000090","","68000","桃園市","龍潭區",NA,"桃園市第10選區"
"68","000",NA,NA,"11","","","68000","桃園市",NA,NA,"桃園市第11選區"
"68","000","110",NA,"11","68000110","","68000","桃園市","新屋區",NA,"桃園市第11選區"
"68","000",NA,NA,"12","","","68000","桃園市",NA,NA,"桃園市第12選區"
"68","000","120",NA,"12","68000120","","68000","桃園市","觀音區",NA,"桃園市第12選區"
